Substance name,EC/List no.,CAS no.,BAS number,Product-type,Review Programme flag,New active substance flag,Annex I substance flag,Inclusion Category,Approval start date,Approval end date,Evaluating competent authority,Approval status,Assessment status,Assessment sub-status,Legal act,Link to legal act,R4BP asset number,Candidate for substitution,Factsheet URL,Related authorised biocidal products,RML ID,Substance information page
(+)-Tartaric acid,201-766-0,87-69-4,1424,,false,,true,1,01/09/2013,,-,Approved,,,Regulation (EU) 528/2012 Annex I,http://eur-lex.europa.eu/legal-content/EN/ALL/?uri=CELEX:32012R0528,EU-0012339-0000,,https://echa.europa.eu/information-on-chemicals/biocidal-active-substances/-/disas/factsheet/1424/null,63,100.001.606,https://echa.europa.eu/substance-information/-/substanceinfo/100.001.606
"(1,3,4,5,6,7-hexahydro-1,3-dioxo-2H-isoindol-2-yl)methyl (1R-trans)-2,2-dimethyl-3-(2-methylprop-1-enyl)cyclo-propanecarboxylate (d-Tetramethrin)",214-619-0,1166-46-7,1299,"PT18-Insecticides, acaricides and products to control other arthropods",true,false,false,0,,,Germany,,Initial application for approval in progress,Competent authority evaluation,,,-,Under assessment,https://echa.europa.eu/information-on-chemicals/biocidal-active-substances/-/disas/factsheet/1299/PT18,0,100.013.290,https://echa.europa.eu/substance-information/-/substanceinfo/100.013.290
(13Z)-Hexadec-13-en-11-yn-1-yl acetate,642-968-2,78617-58-0,1923,PT19-Repellents and attractants,false,true,false,0,01/06/2023,31/05/2033,France,Approved,,,Implementing Regulation (EU) 2023/1079,http://eur-lex.europa.eu/legal-content/EN/ALL/?uri=CELEX:32023R1079,EU-0028422-0000,No,https://echa.europa.eu/information-on-chemicals/biocidal-active-substances/-/disas/factsheet/1923/PT19,1,100.170.866,https://echa.europa.eu/substance-information/-/substanceinfo/100.170.866
"(2R,6aS,12aS)-1,2,6,6a,12,12a-hexa- hydro-2-isopropenyl-8,9-dimethoxychro- meno[3,4-b]furo[2,3-h]chromen-6-one (Rotenone)",201-501-9,83-79-4,1375,PT17-Piscicides,true,false,false,0,,,Poland,,Initial application for approval in progress,Competent authority evaluation,,,-,Under assessment,https://echa.europa.eu/information-on-chemicals/biocidal-active-substances/-/disas/factsheet/1375/PT17,0,100.001.365,https://echa.europa.eu/substance-information/-/substanceinfo/100.001.365
"(9Z,12E)-Tetradeca-9, 12-dien-1-yl acetate",608-490-3,30507-70-1,58,PT19-Repellents and attractants,true,false,false,0,,,Austria,No longer supported,,,Directive 2011/11/EU,http://eur-lex.europa.eu/legal-content/EN/ALL/?uri=CELEX:32011L0011,EU-0005408-0000,No,https://echa.europa.eu/information-on-chemicals/biocidal-active-substances/-/disas/factsheet/58/PT19,12,100.112.543,https://echa.europa.eu/substance-information/-/substanceinfo/100.112.543
"(9Z,12E)-tetradeca-9,12-dien-1-yl acetate",608-490-3,30507-70-1,1433,,false,,true,6,01/09/2013,,-,Approved,,,Regulation (EU) 528/2012 Annex I,http://eur-lex.europa.eu/legal-content/EN/ALL/?uri=CELEX:32012R0528,EU-0012350-0000,,https://echa.europa.eu/information-on-chemicals/biocidal-active-substances/-/disas/factsheet/1433/null,24,100.112.543,https://echa.europa.eu/substance-information/-/substanceinfo/100.112.543
(benzothiazol-2-ylthio)methyl thiocyanate (TCMTB),244-445-0,21564-17-0,1215,"PT09-Fibre, leather, rubber and polymerised materials preservatives",true,false,false,0,,,Norway,,Initial application for approval in progress,Competent authority evaluation,,,-,Under assessment,https://echa.europa.eu/information-on-chemicals/biocidal-active-substances/-/disas/factsheet/1215/PT09,0,100.040.390,https://echa.europa.eu/substance-information/-/substanceinfo/100.040.390
(benzothiazol-2-ylthio)methyl thiocyanate (TCMTB),244-445-0,21564-17-0,1215,PT12-Slimicides,true,false,false,0,,,Norway,,Initial application for approval in progress,Competent authority evaluation,,,-,Under assessment,https://echa.europa.eu/information-on-chemicals/biocidal-active-substances/-/disas/factsheet/1215/PT12,0,100.040.390,https://echa.europa.eu/substance-information/-/substanceinfo/100.040.390
(benzyloxy)methanol,238-588-8,14548-60-8,1216,PT06-Preservatives for products during storage,true,false,false,0,,,Austria,,Initial application for approval in progress,Competent authority evaluation,,,-,Under assessment,https://echa.europa.eu/information-on-chemicals/biocidal-active-substances/-/disas/factsheet/1216/PT06,0,100.035.065,https://echa.europa.eu/substance-information/-/substanceinfo/100.035.065
(benzyloxy)methanol,238-588-8,14548-60-8,1216,PT13-Working or cutting fluid preservatives,true,false,false,0,,,United Kingdom,No longer supported,,,COMMISSION IMPLEMENTING DECISION (EU) 2023/458,http://eur-lex.europa.eu/legal-content/EN/ALL/?uri=CELEX:32023D0458,-,Under assessment,https://echa.europa.eu/information-on-chemicals/biocidal-active-substances/-/disas/factsheet/1216/PT13,0,100.035.065,https://echa.europa.eu/substance-information/-/substanceinfo/100.035.065
"(E)-1-(2-Chloro-1,3-thiazol-5-ylmethyl)-3- methyl-2-nitroguanidine (Clothianidin)",433-460-1,210880-92-5,15,PT08-Wood preservatives,true,false,false,0,01/02/2010,31/01/2020,Germany,Expired,,,Directive 2008/15/EC,http://eur-lex.europa.eu/legal-content/EN/ALL/?uri=CELEX:32008L0015,EU-0005358-0000,Yes,https://echa.europa.eu/information-on-chemicals/biocidal-active-substances/-/disas/factsheet/15/PT08,0,100.103.171,https://echa.europa.eu/substance-information/-/substanceinfo/100.103.171
"(E)-1-(2-Chloro-1,3-thiazol-5-ylmethyl)-3- methyl-2-nitroguanidine (Clothianidin)",433-460-1,210880-92-5,15,"PT18-Insecticides, acaricides and products to control other arthropods",true,false,false,0,01/10/2016,30/09/2026,Germany,Approved,,,REGULATION (EU) 2015/985,http://eur-lex.europa.eu/legal-content/EN/ALL/?uri=CELEX:32015R0985,EU-0012168-0000,Yes,https://echa.europa.eu/information-on-chemicals/biocidal-active-substances/-/disas/factsheet/15/PT18,5,100.103.171,https://echa.europa.eu/substance-information/-/substanceinfo/100.103.171
(ethylenedioxy)dimethanol (Reaction products of ethylene glycol with paraformaldehyde (EGForm)),222-720-6,3586-55-8,1374,PT02-Disinfectants and algaecides not intended for direct application to humans or animals,true,false,false,0,,,Poland,No longer supported,,,Decision (EU) 2020/1036 ,http://eur-lex.europa.eu/legal-content/EN/ALL/?uri=CELEX:32020D1036,-,Under assessment,https://echa.europa.eu/information-on-chemicals/biocidal-active-substances/-/disas/factsheet/1374/PT02,0,100.020.655,https://echa.europa.eu/substance-information/-/substanceinfo/100.020.655
(ethylenedioxy)dimethanol (Reaction products of ethylene glycol with paraformaldehyde (EGForm)),222-720-6,3586-55-8,1374,PT06-Preservatives for products during storage,true,false,false,0,,,Poland,,Initial application for approval in progress,Competent authority evaluation,,,-,Under assessment,https://echa.europa.eu/information-on-chemicals/biocidal-active-substances/-/disas/factsheet/1374/PT06,0,100.020.655,https://echa.europa.eu/substance-information/-/substanceinfo/100.020.655
(ethylenedioxy)dimethanol (Reaction products of ethylene glycol with paraformaldehyde (EGForm)),222-720-6,3586-55-8,1374,PT11-Preservatives for liquid-cooling and processing systems,true,false,false,0,,,Poland,,Initial application for approval in progress,Competent authority evaluation,,,-,Under assessment,https://echa.europa.eu/information-on-chemicals/biocidal-active-substances/-/disas/factsheet/1374/PT11,0,100.020.655,https://echa.europa.eu/substance-information/-/substanceinfo/100.020.655
(ethylenedioxy)dimethanol (Reaction products of ethylene glycol with paraformaldehyde (EGForm)),222-720-6,3586-55-8,1374,PT12-Slimicides,true,false,false,0,,,Poland,,Initial application for approval in progress,Competent authority evaluation,,,-,Under assessment,https://echa.europa.eu/information-on-chemicals/biocidal-active-substances/-/disas/factsheet/1374/PT12,0,100.020.655,https://echa.europa.eu/substance-information/-/substanceinfo/100.020.655
(ethylenedioxy)dimethanol (Reaction products of ethylene glycol with paraformaldehyde (EGForm)),222-720-6,3586-55-8,1374,PT13-Working or cutting fluid preservatives,true,false,false,0,,,Poland,,Initial application for approval in progress,Competent authority evaluation,,,-,Under assessment,https://echa.europa.eu/information-on-chemicals/biocidal-active-substances/-/disas/factsheet/1374/PT13,0,100.020.655,https://echa.europa.eu/substance-information/-/substanceinfo/100.020.655
"(RS)-3-Allyl-2-methyl-4-oxocyclopent-2- enyl (1R,3R)-2,2-dimethyl-3-(2-methyl- prop-1-enyl)-cyclopropanecarboxylate (mixture of 2 isomers 1R trans: 1R/S only 1:3) (Esbiothrin)",807-421-6,260359-57-7,1301,"PT18-Insecticides, acaricides and products to control other arthropods",true,false,false,0,,,Germany,Not approved,,,Decision (EU) 2021/98,http://eur-lex.europa.eu/legal-content/EN/ALL/?uri=CELEX:32021D0098,-,Yes,https://echa.europa.eu/information-on-chemicals/biocidal-active-substances/-/disas/factsheet/1301/PT18,0,100.235.064,https://echa.europa.eu/substance-information/-/substanceinfo/100.235.064
"(RS)-3-Allyl-2-methyl-4-oxocyclopent-2- enyl-(1R,3R;1R,3S)-2,2-dimethyl-3-(2- methylprop-1-enyl)-cyclopropanecarboxy- late (mixture of 4 isomers 1R trans, 1R:1R trans, 1S: 1R cis, 1R: 1R cis,1S 4:4:1:1) (d-Allethrin)",687-634-7,231937-89-6,1237,"PT18-Insecticides, acaricides and products to control other arthropods",true,false,false,0,,,Germany,Not approved,,,COMMISSION IMPLEMENTING DECISION (EU) 2023/470,http://eur-lex.europa.eu/legal-content/EN/ALL/?uri=CELEX:32023D0470,-,Yes,https://echa.europa.eu/information-on-chemicals/biocidal-active-substances/-/disas/factsheet/1237/PT18,0,100.213.665,https://echa.europa.eu/substance-information/-/substanceinfo/100.213.665
"(RS)-α-cyano-3phenoxybenzyl-(1RS)-cis, trans-3-(2,2-dichlorovinyl)-2,2-dimethylcyclopropanecarboxylate (Cypermethrin)",257-842-9,52315-07-8,1283,PT08-Wood preservatives,true,false,false,0,01/06/2015,30/11/2027,Belgium,Approved,,,Decision (EU) 2025/362,http://eur-lex.europa.eu/legal-content/EN/ALL/?uri=CELEX:32025D0362,EU-0005427-0000,Under assessment,https://echa.europa.eu/information-on-chemicals/biocidal-active-substances/-/disas/factsheet/1283/PT08,79,100.052.567,https://echa.europa.eu/substance-information/-/substanceinfo/100.052.567
"(RS)-α-cyano-3phenoxybenzyl-(1RS)-cis, trans-3-(2,2-dichlorovinyl)-2,2-dimethylcyclopropanecarboxylate (Cypermethrin)",257-842-9,52315-07-8,1283,"PT18-Insecticides, acaricides and products to control other arthropods",true,false,false,0,01/06/2020,31/05/2030,Belgium,Approved,,,Reg(EU) 2018/1130,http://eur-lex.europa.eu/legal-content/EN/ALL/?uri=CELEX:32018R1130,EU-0017395-0000,No,https://echa.europa.eu/information-on-chemicals/biocidal-active-substances/-/disas/factsheet/1283/PT18,137,100.052.567,https://echa.europa.eu/substance-information/-/substanceinfo/100.052.567
"1,2-benzisothiazol-3(2H)-one (BIT)",220-120-9,2634-33-5,1218,PT02-Disinfectants and algaecides not intended for direct application to humans or animals,true,false,false,0,,,Spain,No longer supported,,,Commission Implementing Decision (EU) 2025/1262,http://eur-lex.europa.eu/legal-content/EN/ALL/?uri=CELEX:32025D1262,-,Under assessment,https://echa.europa.eu/information-on-chemicals/biocidal-active-substances/-/disas/factsheet/1218/PT02,0,100.018.292,https://echa.europa.eu/substance-information/-/substanceinfo/100.018.292
"1,2-benzisothiazol-3(2H)-one (BIT)",220-120-9,2634-33-5,1218,PT06-Preservatives for products during storage,true,false,false,0,01/10/2026,30/09/2036,Spain,Approved,,,Commission Implementing Regulation (EU) 2025/929 ,http://eur-lex.europa.eu/legal-content/EN/ALL/?uri=CELEX:32025R0929,EU-0027482-0000,No,https://echa.europa.eu/information-on-chemicals/biocidal-active-substances/-/disas/factsheet/1218/PT06,0,100.018.292,https://echa.europa.eu/substance-information/-/substanceinfo/100.018.292
"1,2-benzisothiazol-3(2H)-one (BIT)",220-120-9,2634-33-5,1218,"PT09-Fibre, leather, rubber and polymerised materials preservatives",true,false,false,0,,,Spain,,Initial application for approval in progress,Open for taking over the role of participant,,,-,Under assessment,https://echa.europa.eu/information-on-chemicals/biocidal-active-substances/-/disas/factsheet/1218/PT09,0,100.018.292,https://echa.europa.eu/substance-information/-/substanceinfo/100.018.292
"1,2-benzisothiazol-3(2H)-one (BIT)",220-120-9,2634-33-5,1218,PT10-Construction material preservatives,false,true,false,0,,,Spain,No longer supported,,,COMMISSION IMPLEMENTING DECISION (EU) 2022/2325,http://eur-lex.europa.eu/legal-content/EN/ALL/?uri=CELEX:32022D2325,-,Under assessment,https://echa.europa.eu/information-on-chemicals/biocidal-active-substances/-/disas/factsheet/1218/PT10,0,100.018.292,https://echa.europa.eu/substance-information/-/substanceinfo/100.018.292
"1,2-benzisothiazol-3(2H)-one (BIT)",220-120-9,2634-33-5,1218,PT11-Preservatives for liquid-cooling and processing systems,true,false,false,0,,,Spain,,Initial application for approval in progress,Competent authority evaluation,,,-,Under assessment,https://echa.europa.eu/information-on-chemicals/biocidal-active-substances/-/disas/factsheet/1218/PT11,0,100.018.292,https://echa.europa.eu/substance-information/-/substanceinfo/100.018.292
"1,2-benzisothiazol-3(2H)-one (BIT)",220-120-9,2634-33-5,1218,PT12-Slimicides,true,false,false,0,,,Spain,,Initial application for approval in progress,Competent authority evaluation,,,-,Under assessment,https://echa.europa.eu/information-on-chemicals/biocidal-active-substances/-/disas/factsheet/1218/PT12,0,100.018.292,https://echa.europa.eu/substance-information/-/substanceinfo/100.018.292
"1,2-benzisothiazol-3(2H)-one (BIT)",220-120-9,2634-33-5,1218,PT13-Working or cutting fluid preservatives,true,false,false,0,01/10/2026,30/09/2036,Spain,Approved,,,Commission Implementing Regulation (EU) 2025/929 ,http://eur-lex.europa.eu/legal-content/EN/ALL/?uri=CELEX:32025R0929,EU-0027490-0000,No,https://echa.europa.eu/information-on-chemicals/biocidal-active-substances/-/disas/factsheet/1218/PT13,0,100.018.292,https://echa.europa.eu/substance-information/-/substanceinfo/100.018.292
"1,3-bis(hydroxymethyl)-5,5-dimethylimidazolidine-2,4-dione (DMDMH)",229-222-8,6440-58-0,1220,PT06-Preservatives for products during storage,true,false,false,0,,,Poland,,Initial application for approval in progress,Opinion development by BPC,,,-,Under assessment,https://echa.europa.eu/information-on-chemicals/biocidal-active-substances/-/disas/factsheet/1220/PT06,0,100.026.566,https://echa.europa.eu/substance-information/-/substanceinfo/100.026.566
"1,3-bis(hydroxymethyl)-5,5-dimethylimidazolidine-2,4-dione (DMDMH)",229-222-8,6440-58-0,1220,PT13-Working or cutting fluid preservatives,true,false,false,0,,,Poland,,Initial application for approval in progress,Opinion development by BPC,,,-,Under assessment,https://echa.europa.eu/information-on-chemicals/biocidal-active-substances/-/disas/factsheet/1220/PT13,0,100.026.566,https://echa.europa.eu/substance-information/-/substanceinfo/100.026.566
"1-(3,5-dichloro-4-(1,1,2,2-tetrafluoroethoxy)phenyl)-3-(2,6-difluorobenzoyl) urea (Hexaflumuron)",401-400-1,86479-06-3,1314,"PT18-Insecticides, acaricides and products to control other arthropods",true,false,false,0,01/04/2017,31/03/2027,Greece,Approved,Renewal in progress,Competent authority evaluation,Commission Implementing Decision (EU) 2024/1285 ,http://eur-lex.europa.eu/legal-content/EN/ALL/?uri=CELEX:32024D1285,EU-0012182-0000,Yes,https://echa.europa.eu/information-on-chemicals/biocidal-active-substances/-/disas/factsheet/1314/PT18,0,100.100.333,https://echa.europa.eu/substance-information/-/substanceinfo/100.100.333
"1-[2-(allyloxy)-2-(2,4-dichlorophenyl)ethyl]-1H-imidazole (Imazalil)",252-615-0,35554-44-0,1317,PT03-Veterinary hygiene,true,false,false,0,,,Germany,No longer supported,,,Decision (EU) 2020/1036 ,http://eur-lex.europa.eu/legal-content/EN/ALL/?uri=CELEX:32020D1036,-,Under assessment,https://echa.europa.eu/information-on-chemicals/biocidal-active-substances/-/disas/factsheet/1317/PT03,0,100.047.817,https://echa.europa.eu/substance-information/-/substanceinfo/100.047.817
"1-[[2-(2,4-dichlorophenyl)-4-propyl-1,3-dioxolan-2-yl]methyl]-1H-1,2,4-triazole (Propiconazole)",262-104-4,60207-90-1,48,PT07-Film preservatives,true,false,false,0,01/12/2016,30/11/2026,Finland,Approved,,,(EU)2015/1609,http://eur-lex.europa.eu/legal-content/EN/ALL/?uri=CELEX:32015R1609,EU-0012160-0000,Yes,https://echa.europa.eu/information-on-chemicals/biocidal-active-substances/-/disas/factsheet/48/PT07,1,100.056.441,https://echa.europa.eu/substance-information/-/substanceinfo/100.056.441
"1-[[2-(2,4-dichlorophenyl)-4-propyl-1,3-dioxolan-2-yl]methyl]-1H-1,2,4-triazole (Propiconazole)",262-104-4,60207-90-1,48,PT08-Wood preservatives,true,false,false,0,01/04/2010,30/11/2030,Finland,Approved,,,Commission Implementing Regulation (EU) 2023/2596,http://eur-lex.europa.eu/legal-content/EN/ALL/?uri=CELEX:32023R2596,EU-0005393-0000,Yes,https://echa.europa.eu/information-on-chemicals/biocidal-active-substances/-/disas/factsheet/48/PT08,980,100.056.441,https://echa.europa.eu/substance-information/-/substanceinfo/100.056.441
"1-[[2-(2,4-dichlorophenyl)-4-propyl-1,3-dioxolan-2-yl]methyl]-1H-1,2,4-triazole (Propiconazole)",262-104-4,60207-90-1,48,"PT09-Fibre, leather, rubber and polymerised materials preservatives",true,false,false,0,01/06/2015,30/11/2030,Finland,Approved,,,Commission Implementing Regulation (EU) 2023/2596,http://eur-lex.europa.eu/legal-content/EN/ALL/?uri=CELEX:32023R2596,EU-0005394-0000,Yes,https://echa.europa.eu/information-on-chemicals/biocidal-active-substances/-/disas/factsheet/48/PT09,0,100.056.441,https://echa.europa.eu/substance-information/-/substanceinfo/100.056.441
"1-ethynyl-2-methylpent-2-enyl 2,2-dimethyl-3-(2-methylprop-1-enyl)cyclopropanecarboxylate (Empenthrin)",259-154-4,54406-48-3,1300,"PT18-Insecticides, acaricides and products to control other arthropods",true,false,false,0,,,Belgium,Not approved,,,Decision (EU) 2018/1251,http://eur-lex.europa.eu/legal-content/EN/ALL/?uri=CELEX:32018D1251,-,No,https://echa.europa.eu/information-on-chemicals/biocidal-active-substances/-/disas/factsheet/1300/PT18,0,100.053.759,https://echa.europa.eu/substance-information/-/substanceinfo/100.053.759
1R-trans phenothrin,247-431-2,26046-85-5,59,"PT18-Insecticides, acaricides and products to control other arthropods",true,false,false,0,01/09/2015,29/02/2028,Ireland,Approved,Renewal in progress,Competent authority evaluation,DECISION (EU) 2025/950,http://eur-lex.europa.eu/legal-content/EN/ALL/?uri=CELEX:32025D0950,EU-0005409-0000,Yes,https://echa.europa.eu/information-on-chemicals/biocidal-active-substances/-/disas/factsheet/59/PT18,35,100.043.104,https://echa.europa.eu/substance-information/-/substanceinfo/100.043.104
"2,2-dibromo-2-cyanoacetamide (DBNPA)",233-539-7,10222-01-2,1224,PT02-Disinfectants and algaecides not intended for direct application to humans or animals,true,false,false,0,,,Denmark,No longer supported,,,Commission Implementing Decision (EU) 2024/888 ,http://eur-lex.europa.eu/legal-content/EN/ALL/?uri=CELEX:32024D0888,-,Under assessment,https://echa.europa.eu/information-on-chemicals/biocidal-active-substances/-/disas/factsheet/1224/PT02,0,100.030.477,https://echa.europa.eu/substance-information/-/substanceinfo/100.030.477
"2,2-dibromo-2-cyanoacetamide (DBNPA)",233-539-7,10222-01-2,1224,PT04-Food and feed area,true,false,false,0,,,Denmark,Not approved,,,COMMISSION IMPLEMENTING DECISION (EU) 2023/459,http://eur-lex.europa.eu/legal-content/EN/ALL/?uri=CELEX:32023D0459,-,Yes,https://echa.europa.eu/information-on-chemicals/biocidal-active-substances/-/disas/factsheet/1224/PT04,0,100.030.477,https://echa.europa.eu/substance-information/-/substanceinfo/100.030.477
"2,2-dibromo-2-cyanoacetamide (DBNPA)",233-539-7,10222-01-2,1224,PT06-Preservatives for products during storage,true,false,false,0,01/11/2026,31/10/2031,Denmark,Approved,,,COMMISSION IMPLEMENTING REGULATION(EU) 2025/937,http://eur-lex.europa.eu/legal-content/EN/ALL/?uri=CELEX:32025R0937,EU-0031627-0000,Yes,https://echa.europa.eu/information-on-chemicals/biocidal-active-substances/-/disas/factsheet/1224/PT06,0,100.030.477,https://echa.europa.eu/substance-information/-/substanceinfo/100.030.477
"2,2-dibromo-2-cyanoacetamide (DBNPA)",233-539-7,10222-01-2,1224,PT11-Preservatives for liquid-cooling and processing systems,true,false,false,0,,,Denmark,,Initial application for approval in progress,Commission decision,,,-,Yes,https://echa.europa.eu/information-on-chemicals/biocidal-active-substances/-/disas/factsheet/1224/PT11,0,100.030.477,https://echa.europa.eu/substance-information/-/substanceinfo/100.030.477
"2,2-dibromo-2-cyanoacetamide (DBNPA)",233-539-7,10222-01-2,1224,PT12-Slimicides,true,false,false,0,,,Denmark,,Initial application for approval in progress,Competent authority evaluation,,,-,Yes,https://echa.europa.eu/information-on-chemicals/biocidal-active-substances/-/disas/factsheet/1224/PT12,0,100.030.477,https://echa.europa.eu/substance-information/-/substanceinfo/100.030.477
"2,2-dibromo-2-cyanoacetamide (DBNPA)",233-539-7,10222-01-2,1224,PT13-Working or cutting fluid preservatives,true,false,false,0,,,Denmark,No longer supported,,,Decision (EU) 2021/1283     ,http://eur-lex.europa.eu/legal-content/EN/ALL/?uri=CELEX:32021D1283,-,Under assessment,https://echa.europa.eu/information-on-chemicals/biocidal-active-substances/-/disas/factsheet/1224/PT13,0,100.030.477,https://echa.europa.eu/substance-information/-/substanceinfo/100.030.477
"2,2′,2′′-(hexahydro-1,3,5-triazine-1,3,5- triyl)triethanol (HHT)",225-208-0,4719-04-4,1222,PT06-Preservatives for products during storage,true,false,false,0,,,Poland,,Initial application for approval in progress,Competent authority evaluation,,,-,Under assessment,https://echa.europa.eu/information-on-chemicals/biocidal-active-substances/-/disas/factsheet/1222/PT06,0,100.022.916,https://echa.europa.eu/substance-information/-/substanceinfo/100.022.916
"2,2′,2′′-(hexahydro-1,3,5-triazine-1,3,5- triyl)triethanol (HHT)",225-208-0,4719-04-4,1222,PT11-Preservatives for liquid-cooling and processing systems,true,false,false,0,,,Poland,,Initial application for approval in progress,Competent authority evaluation,,,-,Under assessment,https://echa.europa.eu/information-on-chemicals/biocidal-active-substances/-/disas/factsheet/1222/PT11,0,100.022.916,https://echa.europa.eu/substance-information/-/substanceinfo/100.022.916
"2,2′,2′′-(hexahydro-1,3,5-triazine-1,3,5- triyl)triethanol (HHT)",225-208-0,4719-04-4,1222,PT12-Slimicides,true,false,false,0,,,Poland,,Initial application for approval in progress,Competent authority evaluation,,,-,Under assessment,https://echa.europa.eu/information-on-chemicals/biocidal-active-substances/-/disas/factsheet/1222/PT12,0,100.022.916,https://echa.europa.eu/substance-information/-/substanceinfo/100.022.916
"2,2′,2′′-(hexahydro-1,3,5-triazine-1,3,5- triyl)triethanol (HHT)",225-208-0,4719-04-4,1222,PT13-Working or cutting fluid preservatives,true,false,false,0,,,Poland,,Initial application for approval in progress,Competent authority evaluation,,,-,Under assessment,https://echa.europa.eu/information-on-chemicals/biocidal-active-substances/-/disas/factsheet/1222/PT13,0,100.022.916,https://echa.europa.eu/substance-information/-/substanceinfo/100.022.916
"2,2′-dithiobis[N-methylbenzamide] (DTBMA)",219-768-5,2527-58-4,1223,PT06-Preservatives for products during storage,true,false,false,0,,,Poland,,Initial application for approval in progress,Competent authority evaluation,,,-,Under assessment,https://echa.europa.eu/information-on-chemicals/biocidal-active-substances/-/disas/factsheet/1223/PT06,0,100.017.971,https://echa.europa.eu/substance-information/-/substanceinfo/100.017.971
"2,3,5,6-tetrafluoro-4-(methoxymethyl) benzyl (EZ)-(1RS,3RS;1SR,3SR)- 2,2-dimethyl-3-prop-1-eny lcyclopropanecarboxylate",-,-,45,"PT18-Insecticides, acaricides and products to control other arthropods",false,true,false,0,01/05/2011,31/05/2032,Ireland,Approved,,,COMMISSION IMPLEMENTING REGULATION(EU) 2025/1248,http://eur-lex.europa.eu/legal-content/EN/ALL/?uri=CELEX:32025R1248,EU-0005389-0000,Yes,https://echa.europa.eu/information-on-chemicals/biocidal-active-substances/-/disas/factsheet/45/PT18,2,100.373.674,https://echa.europa.eu/substance-information/-/substanceinfo/100.373.674
"2,3,5,6-tetrafluoro-4-(methoxymethyl) benzyl (EZ)-(1RS,3RS;1SR,3SR)- 2,2-dimethyl-3-prop-1-eny lcyclopropanecarboxylate",-,-,45,PT19-Repellents and attractants,false,true,false,0,,,United Kingdom,No longer supported,,,COMMISSION IMPLEMENTING DECISION (EU) 2022/2326,http://eur-lex.europa.eu/legal-content/EN/ALL/?uri=CELEX:32022D2326,-,No,https://echa.europa.eu/information-on-chemicals/biocidal-active-substances/-/disas/factsheet/45/PT19,0,100.373.674,https://echa.europa.eu/substance-information/-/substanceinfo/100.373.674
2-(2-butoxyethoxy)ethyl 6-propylpiper-onyl ether (Piperonyl butoxide/PBO),200-076-7,51-03-6,1344,"PT18-Insecticides, acaricides and products to control other arthropods",true,false,false,0,01/07/2018,30/06/2028,Greece,Approved,,,Reg. (EU)2016/2288,http://eur-lex.europa.eu/legal-content/EN/ALL/?uri=CELEX:32016R2288,EU-0015053-0000,No,https://echa.europa.eu/information-on-chemicals/biocidal-active-substances/-/disas/factsheet/1344/PT18,35,100.000.070,https://echa.europa.eu/substance-information/-/substanceinfo/100.000.070
2-bromo-2-(bromomethyl)pentanedinitrile (DBDCB),252-681-0,35691-65-7,1226,PT06-Preservatives for products during storage,true,false,false,0,01/01/2018,31/12/2027,Czechia,Approved,,,Reg (EU)2016/1086,http://eur-lex.europa.eu/legal-content/EN/ALL/?uri=CELEX:32016R1086,EU-0013659-0000,No,https://echa.europa.eu/information-on-chemicals/biocidal-active-substances/-/disas/factsheet/1226/PT06,0,100.047.877,https://echa.europa.eu/substance-information/-/substanceinfo/100.047.877
"2-Butanone, peroxide",215-661-2,1338-23-4,1227,PT01-Human hygiene,true,false,false,0,,,Hungary,Not approved,,,Decision (EU) 2016/108,http://eur-lex.europa.eu/legal-content/EN/ALL/?uri=CELEX:32016D0108,-,Under assessment,https://echa.europa.eu/information-on-chemicals/biocidal-active-substances/-/disas/factsheet/1227/PT01,0,100.014.238,https://echa.europa.eu/substance-information/-/substanceinfo/100.014.238
"2-Butanone, peroxide",215-661-2,1338-23-4,1227,PT02-Disinfectants and algaecides not intended for direct application to humans or animals,true,false,false,0,,,Hungary,Not approved,,,Decision (EU) 2016/108,http://eur-lex.europa.eu/legal-content/EN/ALL/?uri=CELEX:32016D0108,-,Under assessment,https://echa.europa.eu/information-on-chemicals/biocidal-active-substances/-/disas/factsheet/1227/PT02,0,100.014.238,https://echa.europa.eu/substance-information/-/substanceinfo/100.014.238
"2-Butanone, peroxide",215-661-2,1338-23-4,1227,PT03-Veterinary hygiene,true,false,false,0,,,Hungary,Not approved,,,Decision 2014/227/EU,http://eur-lex.europa.eu/legal-content/EN/ALL/?uri=CELEX:32014D0227,-,Under assessment,https://echa.europa.eu/information-on-chemicals/biocidal-active-substances/-/disas/factsheet/1227/PT03,0,100.014.238,https://echa.europa.eu/substance-information/-/substanceinfo/100.014.238
"2-Butanone, peroxide",215-661-2,1338-23-4,1227,PT06-Preservatives for products during storage,true,false,false,0,,,Hungary,Not approved,,,Decision 2014/227/EU,http://eur-lex.europa.eu/legal-content/EN/ALL/?uri=CELEX:32014D0227,-,Under assessment,https://echa.europa.eu/information-on-chemicals/biocidal-active-substances/-/disas/factsheet/1227/PT06,0,100.014.238,https://echa.europa.eu/substance-information/-/substanceinfo/100.014.238
2-butyl-benzo[d]isothiazol-3-one (BBIT),420-590-7,4299-07-4,1228,PT06-Preservatives for products during storage,true,false,false,0,,,Czechia,,Initial application for approval in progress,Competent authority evaluation,,,-,Under assessment,https://echa.europa.eu/information-on-chemicals/biocidal-active-substances/-/disas/factsheet/1228/PT06,0,100.101.927,https://echa.europa.eu/substance-information/-/substanceinfo/100.101.927
2-butyl-benzo[d]isothiazol-3-one (BBIT),420-590-7,4299-07-4,1228,PT07-Film preservatives,true,false,false,0,,,Czechia,,Initial application for approval in progress,Competent authority evaluation,,,-,Under assessment,https://echa.europa.eu/information-on-chemicals/biocidal-active-substances/-/disas/factsheet/1228/PT07,0,100.101.927,https://echa.europa.eu/substance-information/-/substanceinfo/100.101.927
2-butyl-benzo[d]isothiazol-3-one (BBIT),420-590-7,4299-07-4,1228,"PT09-Fibre, leather, rubber and polymerised materials preservatives",true,false,false,0,,,Czechia,,Initial application for approval in progress,Competent authority evaluation,,,-,Under assessment,https://echa.europa.eu/information-on-chemicals/biocidal-active-substances/-/disas/factsheet/1228/PT09,0,100.101.927,https://echa.europa.eu/substance-information/-/substanceinfo/100.101.927
2-butyl-benzo[d]isothiazol-3-one (BBIT),420-590-7,4299-07-4,1228,PT10-Construction material preservatives,true,false,false,0,,,Czechia,,Initial application for approval in progress,Competent authority evaluation,,,-,Under assessment,https://echa.europa.eu/information-on-chemicals/biocidal-active-substances/-/disas/factsheet/1228/PT10,0,100.101.927,https://echa.europa.eu/substance-information/-/substanceinfo/100.101.927
2-butyl-benzo[d]isothiazol-3-one (BBIT),420-590-7,4299-07-4,1228,PT13-Working or cutting fluid preservatives,true,false,false,0,,,Czechia,,Initial application for approval in progress,Competent authority evaluation,,,-,Under assessment,https://echa.europa.eu/information-on-chemicals/biocidal-active-substances/-/disas/factsheet/1228/PT13,0,100.101.927,https://echa.europa.eu/substance-information/-/substanceinfo/100.101.927
2-chloro-N-[[[4-(trif luoromethoxy) phenyl]amino]carbonyl]benzamide (Triflumuron),264-980-3,64628-44-0,1407,"PT18-Insecticides, acaricides and products to control other arthropods",true,false,false,0,,,Italy,Not approved,,,(EU) 2015/1736,http://eur-lex.europa.eu/legal-content/EN/ALL/?uri=CELEX:32015D1736,-,No,https://echa.europa.eu/information-on-chemicals/biocidal-active-substances/-/disas/factsheet/1407/PT18,0,100.059.055,https://echa.europa.eu/substance-information/-/substanceinfo/100.059.055
"2-hydroxy-α,α,4-trimethylcyclohexanemethanol",255-953-7,42822-86-6,2085,PT19-Repellents and attractants,true,false,false,0,,,-,No longer supported,,,Decision (EU) 2021/1283     ,http://eur-lex.europa.eu/legal-content/EN/ALL/?uri=CELEX:32021D1283,-,Under assessment,https://echa.europa.eu/information-on-chemicals/biocidal-active-substances/-/disas/factsheet/2085/PT19,0,100.050.849,https://echa.europa.eu/substance-information/-/substanceinfo/100.050.849
"2-methyl-2,3-dihydro-1,2-thiazol-3-one hydrochloride",247-499-3,26172-54-3,2043,PT06-Preservatives for products during storage,false,true,false,0,,,Slovenia,,Initial application for approval in progress,Commission decision,,,-,No,https://echa.europa.eu/information-on-chemicals/biocidal-active-substances/-/disas/factsheet/2043/PT06,0,100.043.166,https://echa.europa.eu/substance-information/-/substanceinfo/100.043.166
2-methyl-2H-isothiazol-3-one (MIT),220-239-6,2682-20-4,1229,PT06-Preservatives for products during storage,true,false,false,0,01/02/2027,31/01/2037,Slovenia,Approved,,,COMMISSION IMPLEMENTING REGULATION(EU) 2025/1257,http://eur-lex.europa.eu/legal-content/EN/ALL/?uri=CELEX:32025R1257,EU-0033828-0000,No,https://echa.europa.eu/information-on-chemicals/biocidal-active-substances/-/disas/factsheet/1229/PT06,0,100.018.399,https://echa.europa.eu/substance-information/-/substanceinfo/100.018.399
2-methyl-2H-isothiazol-3-one (MIT),220-239-6,2682-20-4,1229,PT11-Preservatives for liquid-cooling and processing systems,true,false,false,0,01/01/2019,31/12/2028,Slovenia,Approved,,,Reg (EU)2017/1278,http://eur-lex.europa.eu/legal-content/EN/ALL/?uri=CELEX:32017R1278,EU-0016096-0000,No,https://echa.europa.eu/information-on-chemicals/biocidal-active-substances/-/disas/factsheet/1229/PT11,0,100.018.399,https://echa.europa.eu/substance-information/-/substanceinfo/100.018.399
2-methyl-2H-isothiazol-3-one (MIT),220-239-6,2682-20-4,1229,PT12-Slimicides,true,false,false,0,01/04/2019,31/03/2029,Slovenia,Approved,,,Commission Implementing Regulation (EU) 2017/2004 ,http://eur-lex.europa.eu/legal-content/EN/ALL/?uri=CELEX:32017R2004,EU-0016704-0000,No,https://echa.europa.eu/information-on-chemicals/biocidal-active-substances/-/disas/factsheet/1229/PT12,0,100.018.399,https://echa.europa.eu/substance-information/-/substanceinfo/100.018.399
2-methyl-2H-isothiazol-3-one (MIT),220-239-6,2682-20-4,1229,PT13-Working or cutting fluid preservatives,true,false,false,0,01/10/2016,30/09/2026,Slovenia,Approved,,,(EU)2015/1726,http://eur-lex.europa.eu/legal-content/EN/ALL/?uri=CELEX:32015R1726,EU-0012189-0000,No,https://echa.europa.eu/information-on-chemicals/biocidal-active-substances/-/disas/factsheet/1229/PT13,0,100.018.399,https://echa.europa.eu/substance-information/-/substanceinfo/100.018.399
"2-methyl-4-oxo-3-(prop-2-ynyl)cyclopent-2-en-1-yl 2,2-dimethyl-3-(2-methylprop-1-enyl)cyclopropanecarboxylate (Prallethrin)",245-387-9,23031-36-9,1353,"PT18-Insecticides, acaricides and products to control other arthropods",true,false,false,0,01/03/2026,29/02/2036,Greece,Approved,,,COMMISSION IMPLEMENTING REGULATION (EU) 2024/2576 ,http://eur-lex.europa.eu/legal-content/EN/ALL/?uri=CELEX:32024R2576,EU-0032477-0000,Yes,https://echa.europa.eu/information-on-chemicals/biocidal-active-substances/-/disas/factsheet/1353/PT18,0,100.041.246,https://echa.europa.eu/substance-information/-/substanceinfo/100.041.246
2-octyl-2H-isothiazol-3-one (OIT),247-761-7,26530-20-1,1230,PT06-Preservatives for products during storage,true,false,false,0,,,France,,Initial application for approval in progress,Competent authority evaluation,,,-,Under assessment,https://echa.europa.eu/information-on-chemicals/biocidal-active-substances/-/disas/factsheet/1230/PT06,0,100.043.404,https://echa.europa.eu/substance-information/-/substanceinfo/100.043.404
2-octyl-2H-isothiazol-3-one (OIT),247-761-7,26530-20-1,1230,PT07-Film preservatives,true,false,false,0,,,France,,Initial application for approval in progress,Competent authority evaluation,,,-,Under assessment,https://echa.europa.eu/information-on-chemicals/biocidal-active-substances/-/disas/factsheet/1230/PT07,0,100.043.404,https://echa.europa.eu/substance-information/-/substanceinfo/100.043.404
2-octyl-2H-isothiazol-3-one (OIT),247-761-7,26530-20-1,1230,PT08-Wood preservatives,false,true,false,0,01/01/2018,31/12/2027,United Kingdom,Approved,,,Reg (EU)2017/1277,http://eur-lex.europa.eu/legal-content/EN/ALL/?uri=CELEX:32017R1277,EU-0016126-0000,No,https://echa.europa.eu/information-on-chemicals/biocidal-active-substances/-/disas/factsheet/1230/PT08,0,100.043.404,https://echa.europa.eu/substance-information/-/substanceinfo/100.043.404
2-octyl-2H-isothiazol-3-one (OIT),247-761-7,26530-20-1,1230,"PT09-Fibre, leather, rubber and polymerised materials preservatives",true,false,false,0,,,France,,Initial application for approval in progress,Competent authority evaluation,,,-,Under assessment,https://echa.europa.eu/information-on-chemicals/biocidal-active-substances/-/disas/factsheet/1230/PT09,0,100.043.404,https://echa.europa.eu/substance-information/-/substanceinfo/100.043.404
2-octyl-2H-isothiazol-3-one (OIT),247-761-7,26530-20-1,1230,PT10-Construction material preservatives,true,false,false,0,,,France,,Initial application for approval in progress,Competent authority evaluation,,,-,Under assessment,https://echa.europa.eu/information-on-chemicals/biocidal-active-substances/-/disas/factsheet/1230/PT10,0,100.043.404,https://echa.europa.eu/substance-information/-/substanceinfo/100.043.404
2-octyl-2H-isothiazol-3-one (OIT),247-761-7,26530-20-1,1230,PT11-Preservatives for liquid-cooling and processing systems,true,false,false,0,,,France,,Initial application for approval in progress,Competent authority evaluation,,,-,Under assessment,https://echa.europa.eu/information-on-chemicals/biocidal-active-substances/-/disas/factsheet/1230/PT11,0,100.043.404,https://echa.europa.eu/substance-information/-/substanceinfo/100.043.404
2-octyl-2H-isothiazol-3-one (OIT),247-761-7,26530-20-1,1230,PT13-Working or cutting fluid preservatives,true,false,false,0,,,France,,Initial application for approval in progress,Competent authority evaluation,,,-,Under assessment,https://echa.europa.eu/information-on-chemicals/biocidal-active-substances/-/disas/factsheet/1230/PT13,0,100.043.404,https://echa.europa.eu/substance-information/-/substanceinfo/100.043.404
2-Phenoxyethanol,204-589-7,122-99-6,1231,PT01-Human hygiene,true,false,false,0,,,Italy,,Initial application for approval in progress,Commission decision,,,-,No,https://echa.europa.eu/information-on-chemicals/biocidal-active-substances/-/disas/factsheet/1231/PT01,0,100.004.173,https://echa.europa.eu/substance-information/-/substanceinfo/100.004.173
2-Phenoxyethanol,204-589-7,122-99-6,1231,PT02-Disinfectants and algaecides not intended for direct application to humans or animals,true,false,false,0,,,Italy,,Initial application for approval in progress,Commission decision,,,-,No,https://echa.europa.eu/information-on-chemicals/biocidal-active-substances/-/disas/factsheet/1231/PT02,0,100.004.173,https://echa.europa.eu/substance-information/-/substanceinfo/100.004.173
2-Phenoxyethanol,204-589-7,122-99-6,1231,PT03-Veterinary hygiene,true,false,false,0,,,United Kingdom,Not approved,,,Decision 2014/227/EU,http://eur-lex.europa.eu/legal-content/EN/ALL/?uri=CELEX:32014D0227,-,Under assessment,https://echa.europa.eu/information-on-chemicals/biocidal-active-substances/-/disas/factsheet/1231/PT03,0,100.004.173,https://echa.europa.eu/substance-information/-/substanceinfo/100.004.173
2-Phenoxyethanol,204-589-7,122-99-6,1231,PT04-Food and feed area,true,false,false,0,,,Italy,,Initial application for approval in progress,Commission decision,,,-,No,https://echa.europa.eu/information-on-chemicals/biocidal-active-substances/-/disas/factsheet/1231/PT04,0,100.004.173,https://echa.europa.eu/substance-information/-/substanceinfo/100.004.173
2-Phenoxyethanol,204-589-7,122-99-6,1231,PT06-Preservatives for products during storage,true,false,false,0,,,Italy,,Initial application for approval in progress,Competent authority evaluation,,,-,Under assessment,https://echa.europa.eu/information-on-chemicals/biocidal-active-substances/-/disas/factsheet/1231/PT06,0,100.004.173,https://echa.europa.eu/substance-information/-/substanceinfo/100.004.173
2-Phenoxyethanol,204-589-7,122-99-6,1231,PT13-Working or cutting fluid preservatives,true,false,false,0,,,Italy,,Initial application for approval in progress,Competent authority evaluation,,,-,Under assessment,https://echa.europa.eu/information-on-chemicals/biocidal-active-substances/-/disas/factsheet/1231/PT13,0,100.004.173,https://echa.europa.eu/substance-information/-/substanceinfo/100.004.173
"2-Propenoic acid, 2-methyl-, butyl ester, polymer with butyl 2-propenoate and methyl 2-methyl-2-propenoate (CAS nr: 25322-99-0)/ Polymeric quaternary ammonium bromide (PQ Polymer)",-,-,1664,PT02-Disinfectants and algaecides not intended for direct application to humans or animals,false,true,false,0,,,Netherlands,Not approved,,,,,-,Under assessment,https://echa.europa.eu/information-on-chemicals/biocidal-active-substances/-/disas/factsheet/1664/PT02,0,100.265.844,https://echa.europa.eu/substance-information/-/substanceinfo/100.265.844
"2-Propenoic acid, 2-methyl-, butyl ester, polymer with butyl 2-propenoate and methyl 2-methyl-2-propenoate (CAS nr: 25322-99-0)/ Polymeric quaternary ammonium bromide (PQ Polymer)",-,-,1664,PT07-Film preservatives,false,true,false,0,,,Netherlands,Not approved,,,,,-,Under assessment,https://echa.europa.eu/information-on-chemicals/biocidal-active-substances/-/disas/factsheet/1664/PT07,0,100.265.844,https://echa.europa.eu/substance-information/-/substanceinfo/100.265.844
2-thiazol-4-yl-1H-benzoimidazole (Thiabendazole),205-725-8,148-79-8,52,PT07-Film preservatives,true,false,false,0,,,Spain,,Initial application for approval in progress,Competent authority evaluation,,,-,No,https://echa.europa.eu/information-on-chemicals/biocidal-active-substances/-/disas/factsheet/52/PT07,0,100.005.206,https://echa.europa.eu/substance-information/-/substanceinfo/100.005.206
2-thiazol-4-yl-1H-benzoimidazole (Thiabendazole),205-725-8,148-79-8,52,PT08-Wood preservatives,true,false,false,0,01/07/2010,30/06/2020,Spain,Expired,,,Directive 2008/85/EC,http://eur-lex.europa.eu/legal-content/EN/ALL/?uri=CELEX:32008L0085,EU-0005401-0000,No,https://echa.europa.eu/information-on-chemicals/biocidal-active-substances/-/disas/factsheet/52/PT08,0,100.005.206,https://echa.europa.eu/substance-information/-/substanceinfo/100.005.206
2-thiazol-4-yl-1H-benzoimidazole (Thiabendazole),205-725-8,148-79-8,52,"PT09-Fibre, leather, rubber and polymerised materials preservatives",true,false,false,0,,,Spain,,Initial application for approval in progress,Competent authority evaluation,,,-,No,https://echa.europa.eu/information-on-chemicals/biocidal-active-substances/-/disas/factsheet/52/PT09,0,100.005.206,https://echa.europa.eu/substance-information/-/substanceinfo/100.005.206
2-thiazol-4-yl-1H-benzoimidazole (Thiabendazole),205-725-8,148-79-8,52,PT10-Construction material preservatives,true,false,false,0,,,Spain,,Initial application for approval in progress,Competent authority evaluation,,,-,No,https://echa.europa.eu/information-on-chemicals/biocidal-active-substances/-/disas/factsheet/52/PT10,0,100.005.206,https://echa.europa.eu/substance-information/-/substanceinfo/100.005.206
"3,4,5-trihydroxybenzoic acid",205-749-9,149-91-7,2604,PT02-Disinfectants and algaecides not intended for direct application to humans or animals,false,true,false,2,,,-,,,,,,-,Under assessment,https://echa.europa.eu/information-on-chemicals/biocidal-active-substances/-/disas/factsheet/2604/PT02,0,100.005.228,https://echa.europa.eu/substance-information/-/substanceinfo/100.005.228
"3-(4-isopropylphenyl)-1,1-dimethylurea/ Isoproturon",251-835-4,34123-59-6,1321,PT07-Film preservatives,true,false,false,0,,,Germany,,Initial application for approval in progress,Competent authority evaluation,,,-,Under assessment,https://echa.europa.eu/information-on-chemicals/biocidal-active-substances/-/disas/factsheet/1321/PT07,0,100.047.108,https://echa.europa.eu/substance-information/-/substanceinfo/100.047.108
"3-(4-isopropylphenyl)-1,1-dimethylurea/ Isoproturon",251-835-4,34123-59-6,1321,PT10-Construction material preservatives,true,false,false,0,,,Germany,,Initial application for approval in progress,Competent authority evaluation,,,-,Under assessment,https://echa.europa.eu/information-on-chemicals/biocidal-active-substances/-/disas/factsheet/1321/PT10,0,100.047.108,https://echa.europa.eu/substance-information/-/substanceinfo/100.047.108
3-iodo-2-propynylbutylcarbamate (IPBC),259-627-5,55406-53-6,39,PT06-Preservatives for products during storage,true,false,false,0,01/07/2015,31/12/2027,Denmark,Approved,Renewal in progress,Competent authority evaluation, Decision (EU) 2025/450,http://eur-lex.europa.eu/legal-content/EN/ALL/?uri=CELEX:32025D0450,EU-0005382-0000,Under assessment,https://echa.europa.eu/information-on-chemicals/biocidal-active-substances/-/disas/factsheet/39/PT06,4,100.054.188,https://echa.europa.eu/substance-information/-/substanceinfo/100.054.188
3-iodo-2-propynylbutylcarbamate (IPBC),259-627-5,55406-53-6,39,PT07-Film preservatives,true,false,false,0,,,Denmark,,Initial application for approval in progress,Competent authority evaluation,,,-,Under assessment,https://echa.europa.eu/information-on-chemicals/biocidal-active-substances/-/disas/factsheet/39/PT07,0,100.054.188,https://echa.europa.eu/substance-information/-/substanceinfo/100.054.188
3-iodo-2-propynylbutylcarbamate (IPBC),259-627-5,55406-53-6,39,PT08-Wood preservatives,true,false,false,0,01/07/2010,31/07/2026,Denmark,Approved,Renewal in progress,Commission decision,Decision (EU) 2025/970,http://eur-lex.europa.eu/legal-content/EN/ALL/?uri=CELEX:32025D0970,EU-0005383-0000,Yes,https://echa.europa.eu/information-on-chemicals/biocidal-active-substances/-/disas/factsheet/39/PT08,1673,100.054.188,https://echa.europa.eu/substance-information/-/substanceinfo/100.054.188
3-iodo-2-propynylbutylcarbamate (IPBC),259-627-5,55406-53-6,39,"PT09-Fibre, leather, rubber and polymerised materials preservatives",true,false,false,0,,,Denmark,,Initial application for approval in progress,Competent authority evaluation,,,-,Under assessment,https://echa.europa.eu/information-on-chemicals/biocidal-active-substances/-/disas/factsheet/39/PT09,0,100.054.188,https://echa.europa.eu/substance-information/-/substanceinfo/100.054.188
3-iodo-2-propynylbutylcarbamate (IPBC),259-627-5,55406-53-6,39,PT10-Construction material preservatives,true,false,false,0,,,Denmark,,Initial application for approval in progress,Commission decision,,,-,Yes,https://echa.europa.eu/information-on-chemicals/biocidal-active-substances/-/disas/factsheet/39/PT10,0,100.054.188,https://echa.europa.eu/substance-information/-/substanceinfo/100.054.188
3-iodo-2-propynylbutylcarbamate (IPBC),259-627-5,55406-53-6,39,PT13-Working or cutting fluid preservatives,true,false,false,0,01/12/2016,30/11/2026,Denmark,Approved,,,(EU)2015/1728,http://eur-lex.europa.eu/legal-content/EN/ALL/?uri=CELEX:32015R1728,EU-0012161-0000,No,https://echa.europa.eu/information-on-chemicals/biocidal-active-substances/-/disas/factsheet/39/PT13,4,100.054.188,https://echa.europa.eu/substance-information/-/substanceinfo/100.054.188
"3-phenoxybenzyl (1R)-cis,trans-2,2- dimethyl-3-(2-methylprop-1-enyl)cyclopropanecarboxylate (d-Phenothrin)",-,188023-86-1,1298,"PT18-Insecticides, acaricides and products to control other arthropods",true,false,false,0,,,Ireland,No longer supported,,,,,-,Under assessment,https://echa.europa.eu/information-on-chemicals/biocidal-active-substances/-/disas/factsheet/1298/PT18,0,100.208.266,https://echa.europa.eu/substance-information/-/substanceinfo/100.208.266
"4,4-dimethyloxazolidine",257-048-2,51200-87-4,1413,PT06-Preservatives for products during storage,true,false,false,0,,,United Kingdom,Not approved,,,Decision 2014/227/EU,http://eur-lex.europa.eu/legal-content/EN/ALL/?uri=CELEX:32014D0227,-,Under assessment,https://echa.europa.eu/information-on-chemicals/biocidal-active-substances/-/disas/factsheet/1413/PT06,0,100.051.845,https://echa.europa.eu/substance-information/-/substanceinfo/100.051.845
"4,4-dimethyloxazolidine",257-048-2,51200-87-4,1413,PT12-Slimicides,true,false,false,0,,,United Kingdom,Not approved,,,Decision 2014/227/EU,http://eur-lex.europa.eu/legal-content/EN/ALL/?uri=CELEX:32014D0227,-,Under assessment,https://echa.europa.eu/information-on-chemicals/biocidal-active-substances/-/disas/factsheet/1413/PT12,0,100.051.845,https://echa.europa.eu/substance-information/-/substanceinfo/100.051.845
"4,4-dimethyloxazolidine",257-048-2,51200-87-4,1413,PT13-Working or cutting fluid preservatives,true,false,false,0,,,United Kingdom,Not approved,,,Decision 2014/227/EU,http://eur-lex.europa.eu/legal-content/EN/ALL/?uri=CELEX:32014D0227,-,Under assessment,https://echa.europa.eu/information-on-chemicals/biocidal-active-substances/-/disas/factsheet/1413/PT13,0,100.051.845,https://echa.europa.eu/substance-information/-/substanceinfo/100.051.845
"4,5-Dichloro-2-octylisothiazol-3(2H)-one (4,5-Dichloro-2-octyl-2H-isothiazol-3-one (DCOIT))",264-843-8,64359-81-5,22,PT07-Film preservatives,true,false,false,0,,,Norway,,Initial application for approval in progress,Competent authority evaluation,,,-,Under assessment,https://echa.europa.eu/information-on-chemicals/biocidal-active-substances/-/disas/factsheet/22/PT07,0,100.058.930,https://echa.europa.eu/substance-information/-/substanceinfo/100.058.930
"4,5-Dichloro-2-octylisothiazol-3(2H)-one (4,5-Dichloro-2-octyl-2H-isothiazol-3-one (DCOIT))",264-843-8,64359-81-5,22,PT08-Wood preservatives,true,false,false,0,01/07/2013,31/12/2025,Norway,Approved,Renewal in progress,Competent authority evaluation, Implementing Decision (EU) 2023/471 ,http://eur-lex.europa.eu/legal-content/EN/ALL/?uri=CELEX:32023D0471,EU-0005365-0000,No,https://echa.europa.eu/information-on-chemicals/biocidal-active-substances/-/disas/factsheet/22/PT08,0,100.058.930,https://echa.europa.eu/substance-information/-/substanceinfo/100.058.930
"4,5-Dichloro-2-octylisothiazol-3(2H)-one (4,5-Dichloro-2-octyl-2H-isothiazol-3-one (DCOIT))",264-843-8,64359-81-5,22,"PT09-Fibre, leather, rubber and polymerised materials preservatives",true,false,false,0,,,Norway,,Initial application for approval in progress,Competent authority evaluation,,,-,Under assessment,https://echa.europa.eu/information-on-chemicals/biocidal-active-substances/-/disas/factsheet/22/PT09,0,100.058.930,https://echa.europa.eu/substance-information/-/substanceinfo/100.058.930
"4,5-Dichloro-2-octylisothiazol-3(2H)-one (4,5-Dichloro-2-octyl-2H-isothiazol-3-one (DCOIT))",264-843-8,64359-81-5,22,PT10-Construction material preservatives,true,false,false,0,,,Norway,,Initial application for approval in progress,Competent authority evaluation,,,-,Under assessment,https://echa.europa.eu/information-on-chemicals/biocidal-active-substances/-/disas/factsheet/22/PT10,0,100.058.930,https://echa.europa.eu/substance-information/-/substanceinfo/100.058.930
"4,5-Dichloro-2-octylisothiazol-3(2H)-one (4,5-Dichloro-2-octyl-2H-isothiazol-3-one (DCOIT))",264-843-8,64359-81-5,22,PT11-Preservatives for liquid-cooling and processing systems,true,false,false,0,,,Norway,,Initial application for approval in progress,Competent authority evaluation,,,-,Under assessment,https://echa.europa.eu/information-on-chemicals/biocidal-active-substances/-/disas/factsheet/22/PT11,0,100.058.930,https://echa.europa.eu/substance-information/-/substanceinfo/100.058.930
"4,5-Dichloro-2-octylisothiazol-3(2H)-one (4,5-Dichloro-2-octyl-2H-isothiazol-3-one (DCOIT))",264-843-8,64359-81-5,22,PT21-Antifouling products,true,false,false,0,01/01/2016,31/12/2025,Norway,Approved,,,Regulation (EU) 437/2014,http://eur-lex.europa.eu/legal-content/EN/ALL/?uri=CELEX:32014R0437,EU-0005713-0000,Under assessment,https://echa.europa.eu/information-on-chemicals/biocidal-active-substances/-/disas/factsheet/22/PT21,0,100.058.930,https://echa.europa.eu/substance-information/-/substanceinfo/100.058.930
4-bromo-2-(4-chlorophenyl)-1-ethoxy- methyl-5-trifluoromethylpyrrole-3-carbonitrile (Chlorfenapyr),602-782-4,122453-73-0,66,PT08-Wood preservatives,true,false,false,0,01/05/2015,30/04/2025,Portugal,Expired,,,Directive 2013/27/EU,http://eur-lex.europa.eu/legal-content/EN/ALL/?uri=CELEX:32013L0027,EU-0005418-0000,Under assessment,https://echa.europa.eu/information-on-chemicals/biocidal-active-substances/-/disas/factsheet/66/PT08,0,100.116.332,https://echa.europa.eu/substance-information/-/substanceinfo/100.116.332
4-bromo-2-(4-chlorophenyl)-1-ethoxy- methyl-5-trifluoromethylpyrrole-3-carbonitrile (Chlorfenapyr),602-782-4,122453-73-0,66,"PT18-Insecticides, acaricides and products to control other arthropods",true,false,false,0,,,Portugal,,Initial application for approval in progress,Opinion development by BPC,,,-,Under assessment,https://echa.europa.eu/information-on-chemicals/biocidal-active-substances/-/disas/factsheet/66/PT18,0,100.116.332,https://echa.europa.eu/substance-information/-/substanceinfo/100.116.332
5-chloro-2-(4-chlorphenoxy)phenol (DCPP),429-290-0,3380-30-1,1232,PT01-Human hygiene,true,false,false,0,01/12/2016,30/11/2026,Austria,Approved,,,(EU)2015/1727,http://eur-lex.europa.eu/legal-content/EN/ALL/?uri=CELEX:32015R1727,EU-0012167-0000,Yes,https://echa.europa.eu/information-on-chemicals/biocidal-active-substances/-/disas/factsheet/1232/PT01,0,100.102.764,https://echa.europa.eu/substance-information/-/substanceinfo/100.102.764
5-chloro-2-(4-chlorphenoxy)phenol (DCPP),429-290-0,3380-30-1,1232,PT02-Disinfectants and algaecides not intended for direct application to humans or animals,true,false,false,0,01/12/2016,30/11/2026,Austria,Approved,,,(EU)2015/1727,http://eur-lex.europa.eu/legal-content/EN/ALL/?uri=CELEX:32015R1727,EU-0012169-0000,Yes,https://echa.europa.eu/information-on-chemicals/biocidal-active-substances/-/disas/factsheet/1232/PT02,0,100.102.764,https://echa.europa.eu/substance-information/-/substanceinfo/100.102.764
5-chloro-2-(4-chlorphenoxy)phenol (DCPP),429-290-0,3380-30-1,1232,PT04-Food and feed area,true,false,false,0,01/12/2016,30/11/2026,Austria,Approved,,,(EU)2015/1727,http://eur-lex.europa.eu/legal-content/EN/ALL/?uri=CELEX:32015R1727,EU-0012170-0000,Yes,https://echa.europa.eu/information-on-chemicals/biocidal-active-substances/-/disas/factsheet/1232/PT04,0,100.102.764,https://echa.europa.eu/substance-information/-/substanceinfo/100.102.764
5-Chloro-2-methyl-2H-isothiazol-3-one (CIT),247-500-7,26172-55-4,1883,PT06-Preservatives for products during storage,false,true,false,0,,,France,Not approved,,,COMMISSION IMPLEMENTING DECISION (EU) 2025/357,http://eur-lex.europa.eu/legal-content/EN/ALL/?uri=CELEX:32025D0357,-,Under assessment,https://echa.europa.eu/information-on-chemicals/biocidal-active-substances/-/disas/factsheet/1883/PT06,1,100.043.167,https://echa.europa.eu/substance-information/-/substanceinfo/100.043.167
6-(phthalimido)peroxyhexanoic acid (PAP),410-850-8,128275-31-0,1233,PT01-Human hygiene,true,false,false,0,,,Italy,,Initial application for approval in progress,Competent authority evaluation,,,-,Under assessment,https://echa.europa.eu/information-on-chemicals/biocidal-active-substances/-/disas/factsheet/1233/PT01,0,100.101.039,https://echa.europa.eu/substance-information/-/substanceinfo/100.101.039
6-(phthalimido)peroxyhexanoic acid (PAP),410-850-8,128275-31-0,1233,PT02-Disinfectants and algaecides not intended for direct application to humans or animals,true,false,false,0,,,Italy,,Initial application for approval in progress,Competent authority evaluation,,,-,Under assessment,https://echa.europa.eu/information-on-chemicals/biocidal-active-substances/-/disas/factsheet/1233/PT02,0,100.101.039,https://echa.europa.eu/substance-information/-/substanceinfo/100.101.039
6-(phthalimido)peroxyhexanoic acid (PAP),410-850-8,128275-31-0,1233,PT03-Veterinary hygiene,true,false,false,0,,,Italy,No longer supported,,,Decision (EU) 2018/1622 ,http://eur-lex.europa.eu/legal-content/EN/ALL/?uri=CELEX:32018D1622,-,Under assessment,https://echa.europa.eu/information-on-chemicals/biocidal-active-substances/-/disas/factsheet/1233/PT03,0,100.101.039,https://echa.europa.eu/substance-information/-/substanceinfo/100.101.039
6-(phthalimido)peroxyhexanoic acid (PAP),410-850-8,128275-31-0,1233,PT04-Food and feed area,true,false,false,0,,,Italy,No longer supported,,,Decision (EU) 2018/1622 ,http://eur-lex.europa.eu/legal-content/EN/ALL/?uri=CELEX:32018D1622,-,Under assessment,https://echa.europa.eu/information-on-chemicals/biocidal-active-substances/-/disas/factsheet/1233/PT04,0,100.101.039,https://echa.europa.eu/substance-information/-/substanceinfo/100.101.039
"7a-ethyldihydro-1H,3H,5H-oxazolo[3,4-c]oxazole (EDHO)",231-810-4,7747-35-5,1234,PT06-Preservatives for products during storage,true,false,false,0,,,Poland,No longer supported,,,COMMISSION IMPLEMENTING DECISION (EU) 2023/458,http://eur-lex.europa.eu/legal-content/EN/ALL/?uri=CELEX:32023D0458,-,Under assessment,https://echa.europa.eu/information-on-chemicals/biocidal-active-substances/-/disas/factsheet/1234/PT06,0,100.028.919,https://echa.europa.eu/substance-information/-/substanceinfo/100.028.919
"7a-ethyldihydro-1H,3H,5H-oxazolo[3,4-c]oxazole (EDHO)",231-810-4,7747-35-5,1234,PT13-Working or cutting fluid preservatives,true,false,false,0,,,Poland,No longer supported,,,COMMISSION IMPLEMENTING DECISION (EU) 2023/458,http://eur-lex.europa.eu/legal-content/EN/ALL/?uri=CELEX:32023D0458,-,Under assessment,https://echa.europa.eu/information-on-chemicals/biocidal-active-substances/-/disas/factsheet/1234/PT13,0,100.028.919,https://echa.europa.eu/substance-information/-/substanceinfo/100.028.919
"[1.alpha.(S*),3.alpha.]-(.alpha.)-cyano-(3-phenoxyphenyl)methyl3-(2,2-dichlor-oethenyl)-2,2-dichlorovinyl)-2,2-dimethyl-cyclopropanecarboxylate (alpha-Cypermethrin); [1α(S*),3α]-(α)-cyano-(3-phenoxyphenyl)methyl3-(2,2-dichlor-oethenyl)-2,2-dichlorovinyl)-2,2-dimethyl-cyclopropanecarboxylate αCypermethrin)",614-054-3,67375-30-8,1238,"PT18-Insecticides, acaricides and products to control other arthropods",true,false,false,0,01/07/2016,30/06/2026,Belgium,Approved,Renewal in progress,Competent authority evaluation,(EU) 2015/405,http://eur-lex.europa.eu/legal-content/EN/ALL/?uri=CELEX:32015R0405,EU-0012044-0000,No,https://echa.europa.eu/information-on-chemicals/biocidal-active-substances/-/disas/factsheet/1238/PT18,16,100.110.015,https://echa.europa.eu/substance-information/-/substanceinfo/100.110.015
"[2,4-Dioxo-(2-propyn-1-yl)imidazolidin-3-yl]methyl(1R)-cis-chrysanthemate;[2,4- Dioxo-(2-propyn-1-yl)imidazolidin-3-yl] methyl(1R)-trans-chrysanthemate (Imiprothrin)",428-790-6,72963-72-5,1318,"PT18-Insecticides, acaricides and products to control other arthropods",true,false,false,0,01/07/2019,30/06/2029,United Kingdom,Approved,,,Reg (EU) 2017/2326 ,http://eur-lex.europa.eu/legal-content/EN/ALL/?uri=CELEX:32017R2326,EU-0017563-0000,No,https://echa.europa.eu/information-on-chemicals/biocidal-active-substances/-/disas/factsheet/1318/PT18,1,100.102.716,https://echa.europa.eu/substance-information/-/substanceinfo/100.102.716
Abamectin,615-339-5,71751-41-2,1,"PT18-Insecticides, acaricides and products to control other arthropods",true,false,false,0,01/07/2013,30/06/2023,Netherlands,Expired,,,Directive 2011/67/EU,http://eur-lex.europa.eu/legal-content/EN/ALL/?uri=CELEX:32011L0067,EU-0005341-0000,Yes,https://echa.europa.eu/information-on-chemicals/biocidal-active-substances/-/disas/factsheet/1/PT18,1,100.113.437,https://echa.europa.eu/substance-information/-/substanceinfo/100.113.437
Acetamiprid,603-921-1,135410-20-7,1235,"PT18-Insecticides, acaricides and products to control other arthropods",true,false,false,0,01/02/2020,31/01/2027,Belgium,Approved,,,Reg(EU) 2018/1129,http://eur-lex.europa.eu/legal-content/EN/ALL/?uri=CELEX:32018R1129,EU-0018406-0000,Yes,https://echa.europa.eu/information-on-chemicals/biocidal-active-substances/-/disas/factsheet/1235/PT18,1,100.111.622,https://echa.europa.eu/substance-information/-/substanceinfo/100.111.622
Acetic acid,200-580-7,64-19-7,1425,,false,,true,1,01/09/2013,,-,Approved,,,Regulation (EU) 528/2012 Annex I,http://eur-lex.europa.eu/legal-content/EN/ALL/?uri=CELEX:32012R0528,EU-0012340-0000,,https://echa.europa.eu/information-on-chemicals/biocidal-active-substances/-/disas/factsheet/1425/null,7,100.000.528,https://echa.europa.eu/substance-information/-/substanceinfo/100.000.528
Acrolein,203-453-4,107-02-8,2,PT12-Slimicides,false,true,false,0,01/09/2010,27/07/2023,United Kingdom,Expired,,,Decision (EU) 2022/1486,http://eur-lex.europa.eu/legal-content/EN/ALL/?uri=CELEX:32022D1486,EU-0005342-0000,No,https://echa.europa.eu/information-on-chemicals/biocidal-active-substances/-/disas/factsheet/2/PT12,1,100.003.141,https://echa.europa.eu/substance-information/-/substanceinfo/100.003.141
Active bromine generated from bromine chloride,-,-,1251,PT11-Preservatives for liquid-cooling and processing systems,true,false,false,0,,,Netherlands,,Initial application for approval in progress,Opinion development by BPC,,,-,No,https://echa.europa.eu/information-on-chemicals/biocidal-active-substances/-/disas/factsheet/1251/PT11,0,100.357.448,https://echa.europa.eu/substance-information/-/substanceinfo/100.357.448
active bromine generated from hypobromous acid and urea and bromourea,-,-,1823,PT11-Preservatives for liquid-cooling and processing systems,true,false,false,0,,,Netherlands,,Initial application for approval in progress,Competent authority evaluation,,,-,Under assessment,https://echa.europa.eu/information-on-chemicals/biocidal-active-substances/-/disas/factsheet/1823/PT11,0,100.357.390,https://echa.europa.eu/substance-information/-/substanceinfo/100.357.390
active bromine generated from hypobromous acid and urea and bromourea,-,-,1823,PT12-Slimicides,true,false,false,0,,,Netherlands,,Initial application for approval in progress,Competent authority evaluation,,,-,Under assessment,https://echa.europa.eu/information-on-chemicals/biocidal-active-substances/-/disas/factsheet/1823/PT12,0,100.357.390,https://echa.europa.eu/substance-information/-/substanceinfo/100.357.390
active bromine generated from ozone and bromide of natural water and sodium bromide,-,-,1824,PT02-Disinfectants and algaecides not intended for direct application to humans or animals,true,false,false,0,,,-,No longer supported,,,Decision (EU) 2020/1036 ,http://eur-lex.europa.eu/legal-content/EN/ALL/?uri=CELEX:32020D1036,-,Under assessment,https://echa.europa.eu/information-on-chemicals/biocidal-active-substances/-/disas/factsheet/1824/PT02,0,100.357.391,https://echa.europa.eu/substance-information/-/substanceinfo/100.357.391
Active bromine generated from sodium bromide and calcium hypochlorite,-,-,1458,PT02-Disinfectants and algaecides not intended for direct application to humans or animals,true,false,false,0,,,Netherlands,,Initial application for approval in progress,Opinion development by BPC,,,-,Under assessment,https://echa.europa.eu/information-on-chemicals/biocidal-active-substances/-/disas/factsheet/1458/PT02,0,100.357.490,https://echa.europa.eu/substance-information/-/substanceinfo/100.357.490
Active bromine generated from sodium bromide and calcium hypochlorite,-,-,1458,PT11-Preservatives for liquid-cooling and processing systems,true,false,false,0,,,Netherlands,,Initial application for approval in progress,Opinion development by BPC,,,-,Under assessment,https://echa.europa.eu/information-on-chemicals/biocidal-active-substances/-/disas/factsheet/1458/PT11,0,100.357.490,https://echa.europa.eu/substance-information/-/substanceinfo/100.357.490
Active bromine generated from sodium bromide and calcium hypochlorite,-,-,1458,PT12-Slimicides,true,false,false,0,,,Netherlands,,Initial application for approval in progress,Opinion development by BPC,,,-,Under assessment,https://echa.europa.eu/information-on-chemicals/biocidal-active-substances/-/disas/factsheet/1458/PT12,0,100.357.490,https://echa.europa.eu/substance-information/-/substanceinfo/100.357.490
Active bromine generated from sodium bromide and chlorine,-,-,1459,PT02-Disinfectants and algaecides not intended for direct application to humans or animals,true,false,false,0,,,Netherlands,,Initial application for approval in progress,Opinion development by BPC,,,-,Under assessment,https://echa.europa.eu/information-on-chemicals/biocidal-active-substances/-/disas/factsheet/1459/PT02,0,100.357.336,https://echa.europa.eu/substance-information/-/substanceinfo/100.357.336
Active bromine generated from sodium bromide and chlorine,-,-,1459,PT11-Preservatives for liquid-cooling and processing systems,true,false,false,0,,,Netherlands,,Initial application for approval in progress,Opinion development by BPC,,,-,Under assessment,https://echa.europa.eu/information-on-chemicals/biocidal-active-substances/-/disas/factsheet/1459/PT11,0,100.357.336,https://echa.europa.eu/substance-information/-/substanceinfo/100.357.336
Active bromine generated from sodium bromide and chlorine,-,-,1459,PT12-Slimicides,true,false,false,0,,,Netherlands,,Initial application for approval in progress,Opinion development by BPC,,,-,Under assessment,https://echa.europa.eu/information-on-chemicals/biocidal-active-substances/-/disas/factsheet/1459/PT12,0,100.357.336,https://echa.europa.eu/substance-information/-/substanceinfo/100.357.336
Active bromine generated from sodium bromide and sodium hypochlorite,-,-,1388,PT02-Disinfectants and algaecides not intended for direct application to humans or animals,true,false,false,0,,,Netherlands,,Initial application for approval in progress,Opinion development by BPC,,,-,Under assessment,https://echa.europa.eu/information-on-chemicals/biocidal-active-substances/-/disas/factsheet/1388/PT02,0,100.357.473,https://echa.europa.eu/substance-information/-/substanceinfo/100.357.473
Active bromine generated from sodium bromide and sodium hypochlorite,-,-,1388,PT11-Preservatives for liquid-cooling and processing systems,true,false,false,0,,,Netherlands,,Initial application for approval in progress,Opinion development by BPC,,,-,Under assessment,https://echa.europa.eu/information-on-chemicals/biocidal-active-substances/-/disas/factsheet/1388/PT11,0,100.357.473,https://echa.europa.eu/substance-information/-/substanceinfo/100.357.473
Active bromine generated from sodium bromide and sodium hypochlorite,-,-,1388,PT12-Slimicides,true,false,false,0,,,Netherlands,,Initial application for approval in progress,Opinion development by BPC,,,-,Under assessment,https://echa.europa.eu/information-on-chemicals/biocidal-active-substances/-/disas/factsheet/1388/PT12,0,100.357.473,https://echa.europa.eu/substance-information/-/substanceinfo/100.357.473
Active bromine generated from sodium bromide by electrolysis,-,-,1460,PT02-Disinfectants and algaecides not intended for direct application to humans or animals,true,false,false,0,,,Netherlands,,Initial application for approval in progress,Opinion development by BPC,,,-,Under assessment,https://echa.europa.eu/information-on-chemicals/biocidal-active-substances/-/disas/factsheet/1460/PT02,0,100.357.358,https://echa.europa.eu/substance-information/-/substanceinfo/100.357.358
Active bromine generated from sodium bromide by electrolysis,-,-,1460,PT11-Preservatives for liquid-cooling and processing systems,true,false,false,0,,,Netherlands,,Initial application for approval in progress,Opinion development by BPC,,,-,Under assessment,https://echa.europa.eu/information-on-chemicals/biocidal-active-substances/-/disas/factsheet/1460/PT11,0,100.357.358,https://echa.europa.eu/substance-information/-/substanceinfo/100.357.358
Active bromine generated from sodium bromide by electrolysis,-,-,1460,PT12-Slimicides,true,false,false,0,,,Netherlands,,Initial application for approval in progress,Opinion development by BPC,,,-,Under assessment,https://echa.europa.eu/information-on-chemicals/biocidal-active-substances/-/disas/factsheet/1460/PT12,0,100.357.358,https://echa.europa.eu/substance-information/-/substanceinfo/100.357.358
active bromine generated from sodium hypobromite and N-bromosulfamate and sulfamic acid,-,-,1825,PT11-Preservatives for liquid-cooling and processing systems,true,false,false,0,,,Netherlands,,Initial application for approval in progress,Competent authority evaluation,,,-,Under assessment,https://echa.europa.eu/information-on-chemicals/biocidal-active-substances/-/disas/factsheet/1825/PT11,0,100.357.392,https://echa.europa.eu/substance-information/-/substanceinfo/100.357.392
Active chlorine generated from chloride of ambient water by electrolysis,-,-,1605,PT02-Disinfectants and algaecides not intended for direct application to humans or animals,false,true,false,0,,,Netherlands,,Initial application for approval in progress,Competent authority evaluation,,,-,Under assessment,https://echa.europa.eu/information-on-chemicals/biocidal-active-substances/-/disas/factsheet/1605/PT02,0,100.357.539,https://echa.europa.eu/substance-information/-/substanceinfo/100.357.539
Active chlorine generated from hydrochloric acid by electrolysis,-,-,1643,PT02-Disinfectants and algaecides not intended for direct application to humans or animals,true,false,false,0,,,-,No longer supported,,,Decision (EU) 2020/1036 ,http://eur-lex.europa.eu/legal-content/EN/ALL/?uri=CELEX:32020D1036,-,Under assessment,https://echa.europa.eu/information-on-chemicals/biocidal-active-substances/-/disas/factsheet/1643/PT02,0,100.357.397,https://echa.europa.eu/substance-information/-/substanceinfo/100.357.397
Active chlorine generated from hydrochloric acid by electrolysis,-,-,1643,PT04-Food and feed area,true,false,false,0,,,-,No longer supported,,,Decision (EU) 2020/1036 ,http://eur-lex.europa.eu/legal-content/EN/ALL/?uri=CELEX:32020D1036,-,Under assessment,https://echa.europa.eu/information-on-chemicals/biocidal-active-substances/-/disas/factsheet/1643/PT04,0,100.357.397,https://echa.europa.eu/substance-information/-/substanceinfo/100.357.397
Active chlorine generated from hydrochloric acid by electrolysis,-,-,1643,PT05-Drinking water,true,false,false,0,,,-,No longer supported,,,Decision (EU) 2020/1036 ,http://eur-lex.europa.eu/legal-content/EN/ALL/?uri=CELEX:32020D1036,-,Under assessment,https://echa.europa.eu/information-on-chemicals/biocidal-active-substances/-/disas/factsheet/1643/PT05,0,100.357.397,https://echa.europa.eu/substance-information/-/substanceinfo/100.357.397
active chlorine generated from magnesium chloride hexahydrate and potassium chloride by electrolysis,-,-,1826,PT02-Disinfectants and algaecides not intended for direct application to humans or animals,true,false,false,0,,,France,No longer supported,,,Commission Implementing Decision (EU) 2024/888 ,http://eur-lex.europa.eu/legal-content/EN/ALL/?uri=CELEX:32024D0888,-,Under assessment,https://echa.europa.eu/information-on-chemicals/biocidal-active-substances/-/disas/factsheet/1826/PT02,0,100.357.399,https://echa.europa.eu/substance-information/-/substanceinfo/100.357.399
active chlorine generated from magnesium chloride hexahydrate by electrolysis,-,-,1827,PT02-Disinfectants and algaecides not intended for direct application to humans or animals,true,false,false,0,,,-,No longer supported,,,Decision (EU) 2020/1036 ,http://eur-lex.europa.eu/legal-content/EN/ALL/?uri=CELEX:32020D1036,-,Under assessment,https://echa.europa.eu/information-on-chemicals/biocidal-active-substances/-/disas/factsheet/1827/PT02,0,100.357.400,https://echa.europa.eu/substance-information/-/substanceinfo/100.357.400
Active chlorine generated from potassium chloride by electrolysis,-,-,1468,PT02-Disinfectants and algaecides not intended for direct application to humans or animals,true,false,false,0,,,-,No longer supported,,,Decision (EU) 2020/1036 ,http://eur-lex.europa.eu/legal-content/EN/ALL/?uri=CELEX:32020D1036,-,Under assessment,https://echa.europa.eu/information-on-chemicals/biocidal-active-substances/-/disas/factsheet/1468/PT02,0,100.357.394,https://echa.europa.eu/substance-information/-/substanceinfo/100.357.394
Active chlorine generated from potassium chloride by electrolysis,-,-,1468,PT04-Food and feed area,true,false,false,0,,,-,No longer supported,,,Decision (EU) 2020/1036 ,http://eur-lex.europa.eu/legal-content/EN/ALL/?uri=CELEX:32020D1036,-,Under assessment,https://echa.europa.eu/information-on-chemicals/biocidal-active-substances/-/disas/factsheet/1468/PT04,0,100.357.394,https://echa.europa.eu/substance-information/-/substanceinfo/100.357.394
Active chlorine generated from seawater (sodium chloride) by electrolysis,-,-,1603,PT11-Preservatives for liquid-cooling and processing systems,true,false,false,0,,,France,,Initial application for approval in progress,Competent authority evaluation,,,-,Under assessment,https://echa.europa.eu/information-on-chemicals/biocidal-active-substances/-/disas/factsheet/1603/PT11,0,100.357.396,https://echa.europa.eu/substance-information/-/substanceinfo/100.357.396
Active chlorine generated from sodium chloride and pentapotassium bis(peroxymonosulphate) bis(sulphate),-,-,1464,PT02-Disinfectants and algaecides not intended for direct application to humans or animals,true,false,false,0,,,Slovenia,,Initial application for approval in progress,Competent authority evaluation,,,-,Under assessment,https://echa.europa.eu/information-on-chemicals/biocidal-active-substances/-/disas/factsheet/1464/PT02,0,100.308.215,https://echa.europa.eu/substance-information/-/substanceinfo/100.308.215
Active chlorine generated from sodium chloride and pentapotassium bis(peroxymonosulphate) bis(sulphate),-,-,1464,PT03-Veterinary hygiene,true,false,false,0,,,Slovenia,,Initial application for approval in progress,Competent authority evaluation,,,-,Under assessment,https://echa.europa.eu/information-on-chemicals/biocidal-active-substances/-/disas/factsheet/1464/PT03,0,100.308.215,https://echa.europa.eu/substance-information/-/substanceinfo/100.308.215
Active chlorine generated from sodium chloride and pentapotassium bis(peroxymonosulphate) bis(sulphate),-,-,1464,PT04-Food and feed area,true,false,false,0,,,Slovenia,,Initial application for approval in progress,Competent authority evaluation,,,-,Under assessment,https://echa.europa.eu/information-on-chemicals/biocidal-active-substances/-/disas/factsheet/1464/PT04,0,100.308.215,https://echa.europa.eu/substance-information/-/substanceinfo/100.308.215
Active chlorine generated from sodium chloride and pentapotassium bis(peroxymonosulphate) bis(sulphate),-,-,1464,PT05-Drinking water,true,false,false,0,,,Slovenia,,Initial application for approval in progress,Competent authority evaluation,,,-,Under assessment,https://echa.europa.eu/information-on-chemicals/biocidal-active-substances/-/disas/factsheet/1464/PT05,0,100.308.215,https://echa.europa.eu/substance-information/-/substanceinfo/100.308.215
active chlorine generated from sodium chloride and pentapotassium bis(peroxymonosulphate) bis(sulphate) and sulphamic acid,-,-,1828,PT02-Disinfectants and algaecides not intended for direct application to humans or animals,true,false,false,0,,,-,No longer supported,,,Decision (EU) 2020/1036 ,http://eur-lex.europa.eu/legal-content/EN/ALL/?uri=CELEX:32020D1036,-,Under assessment,https://echa.europa.eu/information-on-chemicals/biocidal-active-substances/-/disas/factsheet/1828/PT02,0,100.357.401,https://echa.europa.eu/substance-information/-/substanceinfo/100.357.401
active chlorine generated from sodium chloride and pentapotassium bis(peroxymonosulphate) bis(sulphate) and sulphamic acid,-,-,1828,PT03-Veterinary hygiene,true,false,false,0,,,-,No longer supported,,,Decision (EU) 2020/1036 ,http://eur-lex.europa.eu/legal-content/EN/ALL/?uri=CELEX:32020D1036,-,Under assessment,https://echa.europa.eu/information-on-chemicals/biocidal-active-substances/-/disas/factsheet/1828/PT03,0,100.357.401,https://echa.europa.eu/substance-information/-/substanceinfo/100.357.401
Active chlorine generated from sodium chloride by electrolysis,-,-,1236,PT01-Human hygiene,false,true,false,0,01/07/2021,30/06/2031,Slovakia,Approved,,,Regulation (EU) 2021/364,http://eur-lex.europa.eu/legal-content/EN/ALL/?uri=CELEX:32021R0364,EU-0018993-0000,No,https://echa.europa.eu/information-on-chemicals/biocidal-active-substances/-/disas/factsheet/1236/PT01,0,100.357.393,https://echa.europa.eu/substance-information/-/substanceinfo/100.357.393
Active chlorine generated from sodium chloride by electrolysis,-,-,1236,PT02-Disinfectants and algaecides not intended for direct application to humans or animals,true,false,false,0,01/07/2022,30/06/2032,Slovakia,Approved,,,Regulation (EU) 2021/345 ,http://eur-lex.europa.eu/legal-content/EN/ALL/?uri=CELEX:32021R0345,EU-0018995-0000,No,https://echa.europa.eu/information-on-chemicals/biocidal-active-substances/-/disas/factsheet/1236/PT02,0,100.357.393,https://echa.europa.eu/substance-information/-/substanceinfo/100.357.393
Active chlorine generated from sodium chloride by electrolysis,-,-,1236,PT03-Veterinary hygiene,true,false,false,0,01/07/2022,30/06/2032,Slovakia,Approved,,,Regulation (EU) 2021/345 ,http://eur-lex.europa.eu/legal-content/EN/ALL/?uri=CELEX:32021R0345,EU-0018997-0000,No,https://echa.europa.eu/information-on-chemicals/biocidal-active-substances/-/disas/factsheet/1236/PT03,0,100.357.393,https://echa.europa.eu/substance-information/-/substanceinfo/100.357.393
Active chlorine generated from sodium chloride by electrolysis,-,-,1236,PT04-Food and feed area,true,false,false,0,01/07/2022,30/06/2032,Slovakia,Approved,,,Regulation (EU) 2021/345 ,http://eur-lex.europa.eu/legal-content/EN/ALL/?uri=CELEX:32021R0345,EU-0018999-0000,No,https://echa.europa.eu/information-on-chemicals/biocidal-active-substances/-/disas/factsheet/1236/PT04,0,100.357.393,https://echa.europa.eu/substance-information/-/substanceinfo/100.357.393
Active chlorine generated from sodium chloride by electrolysis,-,-,1236,PT05-Drinking water,true,false,false,0,01/07/2022,30/06/2032,Slovakia,Approved,,,Regulation (EU) 2021/345 ,http://eur-lex.europa.eu/legal-content/EN/ALL/?uri=CELEX:32021R0345,EU-0019001-0000,No,https://echa.europa.eu/information-on-chemicals/biocidal-active-substances/-/disas/factsheet/1236/PT05,0,100.357.393,https://echa.europa.eu/substance-information/-/substanceinfo/100.357.393
Active chlorine generated from sodium chloride by electrolysis,-,-,1236,PT11-Preservatives for liquid-cooling and processing systems,true,false,false,0,,,Slovakia,,Initial application for approval in progress,Competent authority evaluation,,,-,Under assessment,https://echa.europa.eu/information-on-chemicals/biocidal-active-substances/-/disas/factsheet/1236/PT11,0,100.357.393,https://echa.europa.eu/substance-information/-/substanceinfo/100.357.393
Active chlorine generated from sodium chloride by electrolysis,-,-,1236,PT12-Slimicides,true,false,false,0,,,-,No longer supported,,,Decision (EU) 2020/1036 ,http://eur-lex.europa.eu/legal-content/EN/ALL/?uri=CELEX:32020D1036,-,Under assessment,https://echa.europa.eu/information-on-chemicals/biocidal-active-substances/-/disas/factsheet/1236/PT12,0,100.357.393,https://echa.europa.eu/substance-information/-/substanceinfo/100.357.393
Active chlorine generated from sodium dichloroisocyanurate dihydrate and pentapotassium bis(peroxymonosulphate) bis(sulphate),-,-,1763,PT03-Veterinary hygiene,true,false,false,0,,,-,No longer supported,,,Decision (EU) 2018/1622 ,http://eur-lex.europa.eu/legal-content/EN/ALL/?uri=CELEX:32018D1622,-,Under assessment,https://echa.europa.eu/information-on-chemicals/biocidal-active-substances/-/disas/factsheet/1763/PT03,0,100.357.398,https://echa.europa.eu/substance-information/-/substanceinfo/100.357.398
active chlorine generated from sodium N-chlorosulfamate,-,-,1475,PT04-Food and feed area,true,false,false,0,,,Slovenia,,Initial application for approval in progress,Competent authority evaluation,,,-,Under assessment,https://echa.europa.eu/information-on-chemicals/biocidal-active-substances/-/disas/factsheet/1475/PT04,0,100.357.395,https://echa.europa.eu/substance-information/-/substanceinfo/100.357.395
active chlorine generated from sodium N-chlorosulfamate,-,-,1475,PT11-Preservatives for liquid-cooling and processing systems,true,false,false,0,,,Slovenia,,Initial application for approval in progress,Competent authority evaluation,,,-,Under assessment,https://echa.europa.eu/information-on-chemicals/biocidal-active-substances/-/disas/factsheet/1475/PT11,0,100.357.395,https://echa.europa.eu/substance-information/-/substanceinfo/100.357.395
active chlorine generated from sodium N-chlorosulfamate,-,-,1475,PT12-Slimicides,true,false,false,0,,,Slovenia,,Initial application for approval in progress,Competent authority evaluation,,,-,Under assessment,https://echa.europa.eu/information-on-chemicals/biocidal-active-substances/-/disas/factsheet/1475/PT12,0,100.357.395,https://echa.europa.eu/substance-information/-/substanceinfo/100.357.395
Active chlorine released from calcium hypochlorite,231-908-7,7778-54-3,1843,PT02-Disinfectants and algaecides not intended for direct application to humans or animals,true,false,false,0,01/01/2019,31/12/2028,Italy,Approved,,,Regulation (EU)2017/1274,http://eur-lex.europa.eu/legal-content/EN/ALL/?uri=CELEX:32017R1274,EU-0016118-0000,No,https://echa.europa.eu/information-on-chemicals/biocidal-active-substances/-/disas/factsheet/1843/PT02,33,100.029.007,https://echa.europa.eu/substance-information/-/substanceinfo/100.029.007
Active chlorine released from calcium hypochlorite,231-908-7,7778-54-3,1843,PT03-Veterinary hygiene,true,false,false,0,01/01/2019,31/12/2028,Italy,Approved,,,Regulation (EU)2017/1274,http://eur-lex.europa.eu/legal-content/EN/ALL/?uri=CELEX:32017R1274,EU-0016120-0000,No,https://echa.europa.eu/information-on-chemicals/biocidal-active-substances/-/disas/factsheet/1843/PT03,0,100.029.007,https://echa.europa.eu/substance-information/-/substanceinfo/100.029.007
Active chlorine released from calcium hypochlorite,231-908-7,7778-54-3,1843,PT04-Food and feed area,true,false,false,0,01/01/2019,31/12/2028,Italy,Approved,,,Regulation (EU)2017/1274,http://eur-lex.europa.eu/legal-content/EN/ALL/?uri=CELEX:32017R1274,EU-0016122-0000,No,https://echa.europa.eu/information-on-chemicals/biocidal-active-substances/-/disas/factsheet/1843/PT04,3,100.029.007,https://echa.europa.eu/substance-information/-/substanceinfo/100.029.007
Active chlorine released from calcium hypochlorite,231-908-7,7778-54-3,1843,PT05-Drinking water,true,false,false,0,01/01/2019,31/12/2028,Italy,Approved,,,Regulation (EU)2017/1274,http://eur-lex.europa.eu/legal-content/EN/ALL/?uri=CELEX:32017R1274,EU-0016124-0000,No,https://echa.europa.eu/information-on-chemicals/biocidal-active-substances/-/disas/factsheet/1843/PT05,6,100.029.007,https://echa.europa.eu/substance-information/-/substanceinfo/100.029.007
Active chlorine released from calcium hypochlorite,231-908-7,7778-54-3,1843,PT11-Preservatives for liquid-cooling and processing systems,true,false,false,0,,,Italy,,Initial application for approval in progress,Competent authority evaluation,,,-,Under assessment,https://echa.europa.eu/information-on-chemicals/biocidal-active-substances/-/disas/factsheet/1843/PT11,0,100.029.007,https://echa.europa.eu/substance-information/-/substanceinfo/100.029.007
Active chlorine released from chlorine,231-959-5,7782-50-5,1265,PT02-Disinfectants and algaecides not intended for direct application to humans or animals,true,false,false,0,01/01/2019,31/12/2028,Italy,Approved,,,Reg (EU)2017/1275,http://eur-lex.europa.eu/legal-content/EN/ALL/?uri=CELEX:32017R1275,EU-0016112-0000,No,https://echa.europa.eu/information-on-chemicals/biocidal-active-substances/-/disas/factsheet/1265/PT02,59,100.029.053,https://echa.europa.eu/substance-information/-/substanceinfo/100.029.053
Active chlorine released from chlorine,231-959-5,7782-50-5,1265,PT05-Drinking water,true,false,false,0,01/01/2019,31/12/2028,Italy,Approved,,,Reg (EU)2017/1275,http://eur-lex.europa.eu/legal-content/EN/ALL/?uri=CELEX:32017R1275,EU-0016114-0000,No,https://echa.europa.eu/information-on-chemicals/biocidal-active-substances/-/disas/factsheet/1265/PT05,31,100.029.053,https://echa.europa.eu/substance-information/-/substanceinfo/100.029.053
Active chlorine released from chlorine,231-959-5,7782-50-5,1265,PT11-Preservatives for liquid-cooling and processing systems,true,false,false,0,,,Italy,,Initial application for approval in progress,Competent authority evaluation,,,-,Under assessment,https://echa.europa.eu/information-on-chemicals/biocidal-active-substances/-/disas/factsheet/1265/PT11,0,100.029.053,https://echa.europa.eu/substance-information/-/substanceinfo/100.029.053
Active chlorine released from hypochlorous acid,-,-,1963,PT01-Human hygiene,false,true,false,0,01/07/2021,30/06/2031,Slovakia,Approved,,,Regulation (EU) 2021/365,http://eur-lex.europa.eu/legal-content/EN/ALL/?uri=CELEX:32021R0365,EU-0024285-0000,No,https://echa.europa.eu/information-on-chemicals/biocidal-active-substances/-/disas/factsheet/1963/PT01,0,100.357.402,https://echa.europa.eu/substance-information/-/substanceinfo/100.357.402
Active chlorine released from hypochlorous acid,-,-,1963,PT02-Disinfectants and algaecides not intended for direct application to humans or animals,true,false,false,0,01/07/2022,30/06/2032,Slovakia,Approved,,,Regulation (EU) 2021/347  ,http://eur-lex.europa.eu/legal-content/EN/ALL/?uri=CELEX:32021R0347,EU-0024287-0000,No,https://echa.europa.eu/information-on-chemicals/biocidal-active-substances/-/disas/factsheet/1963/PT02,0,100.357.402,https://echa.europa.eu/substance-information/-/substanceinfo/100.357.402
Active chlorine released from hypochlorous acid,-,-,1963,PT03-Veterinary hygiene,true,false,false,0,01/07/2022,30/06/2032,Slovakia,Approved,,,Regulation (EU) 2021/347  ,http://eur-lex.europa.eu/legal-content/EN/ALL/?uri=CELEX:32021R0347,EU-0024289-0000,No,https://echa.europa.eu/information-on-chemicals/biocidal-active-substances/-/disas/factsheet/1963/PT03,0,100.357.402,https://echa.europa.eu/substance-information/-/substanceinfo/100.357.402
Active chlorine released from hypochlorous acid,-,-,1963,PT04-Food and feed area,true,false,false,0,01/07/2022,30/06/2032,Slovakia,Approved,,,Regulation (EU) 2021/347  ,http://eur-lex.europa.eu/legal-content/EN/ALL/?uri=CELEX:32021R0347,EU-0024291-0000,No,https://echa.europa.eu/information-on-chemicals/biocidal-active-substances/-/disas/factsheet/1963/PT04,0,100.357.402,https://echa.europa.eu/substance-information/-/substanceinfo/100.357.402
Active chlorine released from hypochlorous acid,-,-,1963,PT05-Drinking water,true,false,false,0,01/07/2022,30/06/2032,Slovakia,Approved,,,Regulation (EU) 2021/347  ,http://eur-lex.europa.eu/legal-content/EN/ALL/?uri=CELEX:32021R0347,EU-0024293-0000,No,https://echa.europa.eu/information-on-chemicals/biocidal-active-substances/-/disas/factsheet/1963/PT05,0,100.357.402,https://echa.europa.eu/substance-information/-/substanceinfo/100.357.402
Active chlorine released from sodium hypochlorite,-,7681-52-9,1391,PT01-Human hygiene,true,false,false,0,01/01/2019,31/12/2028,Italy,Approved,,,Regulation (EU)2017/1273,http://eur-lex.europa.eu/legal-content/EN/ALL/?uri=CELEX:32017R1273,EU-0016104-0000,No,https://echa.europa.eu/information-on-chemicals/biocidal-active-substances/-/disas/factsheet/1391/PT01,1,100.028.790,https://echa.europa.eu/substance-information/-/substanceinfo/100.028.790
Active chlorine released from sodium hypochlorite,-,7681-52-9,1391,PT02-Disinfectants and algaecides not intended for direct application to humans or animals,true,false,false,0,01/01/2019,31/12/2028,Italy,Approved,,,Regulation (EU)2017/1273,http://eur-lex.europa.eu/legal-content/EN/ALL/?uri=CELEX:32017R1273,EU-0016116-0000,No,https://echa.europa.eu/information-on-chemicals/biocidal-active-substances/-/disas/factsheet/1391/PT02,187,100.028.790,https://echa.europa.eu/substance-information/-/substanceinfo/100.028.790
Active chlorine released from sodium hypochlorite,-,7681-52-9,1391,PT03-Veterinary hygiene,true,false,false,0,01/01/2019,31/12/2028,Italy,Approved,,,Regulation (EU)2017/1273,http://eur-lex.europa.eu/legal-content/EN/ALL/?uri=CELEX:32017R1273,EU-0016106-0000,No,https://echa.europa.eu/information-on-chemicals/biocidal-active-substances/-/disas/factsheet/1391/PT03,38,100.028.790,https://echa.europa.eu/substance-information/-/substanceinfo/100.028.790
Active chlorine released from sodium hypochlorite,-,7681-52-9,1391,PT04-Food and feed area,true,false,false,0,01/01/2019,31/12/2028,Italy,Approved,,,Regulation (EU)2017/1273,http://eur-lex.europa.eu/legal-content/EN/ALL/?uri=CELEX:32017R1273,EU-0016108-0000,No,https://echa.europa.eu/information-on-chemicals/biocidal-active-substances/-/disas/factsheet/1391/PT04,163,100.028.790,https://echa.europa.eu/substance-information/-/substanceinfo/100.028.790
Active chlorine released from sodium hypochlorite,-,7681-52-9,1391,PT05-Drinking water,true,false,false,0,01/01/2019,31/12/2028,Italy,Approved,,,Regulation (EU)2017/1273,http://eur-lex.europa.eu/legal-content/EN/ALL/?uri=CELEX:32017R1273,EU-0016110-0000,No,https://echa.europa.eu/information-on-chemicals/biocidal-active-substances/-/disas/factsheet/1391/PT05,15,100.028.790,https://echa.europa.eu/substance-information/-/substanceinfo/100.028.790
Active chlorine released from sodium hypochlorite,-,7681-52-9,1391,PT11-Preservatives for liquid-cooling and processing systems,true,false,false,0,,,Italy,,Initial application for approval in progress,Competent authority evaluation,,,-,Under assessment,https://echa.europa.eu/information-on-chemicals/biocidal-active-substances/-/disas/factsheet/1391/PT11,0,100.028.790,https://echa.europa.eu/substance-information/-/substanceinfo/100.028.790
Active chlorine released from sodium hypochlorite,-,7681-52-9,1391,PT12-Slimicides,true,false,false,0,,,Italy,,Initial application for approval in progress,Competent authority evaluation,,,-,Under assessment,https://echa.europa.eu/information-on-chemicals/biocidal-active-substances/-/disas/factsheet/1391/PT12,0,100.028.790,https://echa.europa.eu/substance-information/-/substanceinfo/100.028.790
Active Chlorine: manufactured by the reaction of hypochlorous acid and sodium hypochlorite produced in situ,-,-,2253,PT02-Disinfectants and algaecides not intended for direct application to humans or animals,true,false,false,0,,,-,No longer supported,,,Decision (EU) 2018/1622 ,http://eur-lex.europa.eu/legal-content/EN/ALL/?uri=CELEX:32018D1622,-,Under assessment,https://echa.europa.eu/information-on-chemicals/biocidal-active-substances/-/disas/factsheet/2253/PT02,0,100.303.384,https://echa.europa.eu/substance-information/-/substanceinfo/100.303.384
Active Chlorine: manufactured by the reaction of hypochlorous acid and sodium hypochlorite produced in situ,-,-,2253,PT03-Veterinary hygiene,true,false,false,0,,,-,No longer supported,,,Decision (EU) 2018/1622 ,http://eur-lex.europa.eu/legal-content/EN/ALL/?uri=CELEX:32018D1622,-,Under assessment,https://echa.europa.eu/information-on-chemicals/biocidal-active-substances/-/disas/factsheet/2253/PT03,0,100.303.384,https://echa.europa.eu/substance-information/-/substanceinfo/100.303.384
Active Chlorine: manufactured by the reaction of hypochlorous acid and sodium hypochlorite produced in situ,-,-,2253,PT04-Food and feed area,true,false,false,0,,,-,No longer supported,,,Decision (EU) 2018/1622 ,http://eur-lex.europa.eu/legal-content/EN/ALL/?uri=CELEX:32018D1622,-,Under assessment,https://echa.europa.eu/information-on-chemicals/biocidal-active-substances/-/disas/factsheet/2253/PT04,0,100.303.384,https://echa.europa.eu/substance-information/-/substanceinfo/100.303.384
Active Chlorine: manufactured by the reaction of hypochlorous acid and sodium hypochlorite produced in situ,-,-,2253,PT05-Drinking water,true,false,false,0,,,-,No longer supported,,,Decision (EU) 2018/1622 ,http://eur-lex.europa.eu/legal-content/EN/ALL/?uri=CELEX:32018D1622,-,Under assessment,https://echa.europa.eu/information-on-chemicals/biocidal-active-substances/-/disas/factsheet/2253/PT05,0,100.303.384,https://echa.europa.eu/substance-information/-/substanceinfo/100.303.384
Alkyl (C12-16) dimethylbenzyl ammonium chloride (ADBAC/BKC (C12-16)),270-325-2,68424-85-1,63,PT01-Human hygiene,true,false,false,0,01/07/2024,30/06/2034,Italy,Approved,,,COMMISSION IMPLEMENTING REGULATION (EU) 2023/680,http://eur-lex.europa.eu/legal-content/EN/ALL/?uri=CELEX:32023R0680,EU-0027718-0000,No,https://echa.europa.eu/information-on-chemicals/biocidal-active-substances/-/disas/factsheet/63/PT01,0,100.063.913,https://echa.europa.eu/substance-information/-/substanceinfo/100.063.913
Alkyl (C12-16) dimethylbenzyl ammonium chloride (ADBAC/BKC (C12-16)),270-325-2,68424-85-1,63,PT02-Disinfectants and algaecides not intended for direct application to humans or animals,true,false,false,0,01/07/2025,30/06/2035,Italy,Approved,,,Commission Implementing Regulation (EU) 2024/235,http://eur-lex.europa.eu/legal-content/EN/ALL/?uri=CELEX:32024R0235,EU-0027720-0000,No,https://echa.europa.eu/information-on-chemicals/biocidal-active-substances/-/disas/factsheet/63/PT02,0,100.063.913,https://echa.europa.eu/substance-information/-/substanceinfo/100.063.913
Alkyl (C12-16) dimethylbenzyl ammonium chloride (ADBAC/BKC (C12-16)),270-325-2,68424-85-1,63,PT03-Veterinary hygiene,true,false,false,0,01/11/2022,31/10/2032,Italy,Approved,,,Regulation (EU) 2021/1063,http://eur-lex.europa.eu/legal-content/EN/ALL/?uri=CELEX:32021R1063,EU-0025193-0000,No,https://echa.europa.eu/information-on-chemicals/biocidal-active-substances/-/disas/factsheet/63/PT03,0,100.063.913,https://echa.europa.eu/substance-information/-/substanceinfo/100.063.913
Alkyl (C12-16) dimethylbenzyl ammonium chloride (ADBAC/BKC (C12-16)),270-325-2,68424-85-1,63,PT04-Food and feed area,true,false,false,0,01/11/2022,31/10/2032,Italy,Approved,,,Regulation (EU) 2021/1063,http://eur-lex.europa.eu/legal-content/EN/ALL/?uri=CELEX:32021R1063,EU-0025195-0000,No,https://echa.europa.eu/information-on-chemicals/biocidal-active-substances/-/disas/factsheet/63/PT04,0,100.063.913,https://echa.europa.eu/substance-information/-/substanceinfo/100.063.913
Alkyl (C12-16) dimethylbenzyl ammonium chloride (ADBAC/BKC (C12-16)),270-325-2,68424-85-1,63,PT08-Wood preservatives,true,false,false,0,01/02/2015,31/07/2027,Italy,Approved,Renewal in progress,Competent authority evaluation,Commission Implementing Decision (EU) 2024/2417,http://eur-lex.europa.eu/legal-content/EN/ALL/?uri=CELEX:32024D2417,EU-0005415-0000,Under assessment,https://echa.europa.eu/information-on-chemicals/biocidal-active-substances/-/disas/factsheet/63/PT08,104,100.063.913,https://echa.europa.eu/substance-information/-/substanceinfo/100.063.913
Alkyl (C12-16) dimethylbenzyl ammonium chloride (ADBAC/BKC (C12-16)),270-325-2,68424-85-1,63,PT10-Construction material preservatives,true,false,false,0,,,Italy,,Initial application for approval in progress,Competent authority evaluation,,,-,Under assessment,https://echa.europa.eu/information-on-chemicals/biocidal-active-substances/-/disas/factsheet/63/PT10,0,100.063.913,https://echa.europa.eu/substance-information/-/substanceinfo/100.063.913
Alkyl (C12-16) dimethylbenzyl ammonium chloride (ADBAC/BKC (C12-16)),270-325-2,68424-85-1,63,PT11-Preservatives for liquid-cooling and processing systems,true,false,false,0,,,Italy,,Initial application for approval in progress,Competent authority evaluation,,,-,Under assessment,https://echa.europa.eu/information-on-chemicals/biocidal-active-substances/-/disas/factsheet/63/PT11,0,100.063.913,https://echa.europa.eu/substance-information/-/substanceinfo/100.063.913
Alkyl (C12-16) dimethylbenzyl ammonium chloride (ADBAC/BKC (C12-16)),270-325-2,68424-85-1,63,PT12-Slimicides,true,false,false,0,,,Italy,,Initial application for approval in progress,Competent authority evaluation,,,-,Under assessment,https://echa.europa.eu/information-on-chemicals/biocidal-active-substances/-/disas/factsheet/63/PT12,0,100.063.913,https://echa.europa.eu/substance-information/-/substanceinfo/100.063.913
Alkyl (C12-16) dimethylbenzyl ammonium chloride (ADBAC/BKC (C12-16)),270-325-2,68424-85-1,63,PT22-Embalming and taxidermist fluids,true,false,false,0,,,Italy,,Initial application for approval in progress,Competent authority evaluation,,,-,Under assessment,https://echa.europa.eu/information-on-chemicals/biocidal-active-substances/-/disas/factsheet/63/PT22,0,100.063.913,https://echa.europa.eu/substance-information/-/substanceinfo/100.063.913
Alkyl (C12-18) dimethylbenzyl ammonium chloride (ADBAC (C12-18)),269-919-4,68391-01-5,1367,PT01-Human hygiene,true,false,false,0,,,Italy,,Initial application for approval in progress,Competent authority evaluation,,,-,Under assessment,https://echa.europa.eu/information-on-chemicals/biocidal-active-substances/-/disas/factsheet/1367/PT01,0,100.063.544,https://echa.europa.eu/substance-information/-/substanceinfo/100.063.544
Alkyl (C12-18) dimethylbenzyl ammonium chloride (ADBAC (C12-18)),269-919-4,68391-01-5,1367,PT02-Disinfectants and algaecides not intended for direct application to humans or animals,true,false,false,0,,,Italy,,Initial application for approval in progress,Competent authority evaluation,,,-,Under assessment,https://echa.europa.eu/information-on-chemicals/biocidal-active-substances/-/disas/factsheet/1367/PT02,0,100.063.544,https://echa.europa.eu/substance-information/-/substanceinfo/100.063.544
Alkyl (C12-18) dimethylbenzyl ammonium chloride (ADBAC (C12-18)),269-919-4,68391-01-5,1367,PT03-Veterinary hygiene,true,false,false,0,,,Italy,,Initial application for approval in progress,Competent authority evaluation,,,-,Under assessment,https://echa.europa.eu/information-on-chemicals/biocidal-active-substances/-/disas/factsheet/1367/PT03,0,100.063.544,https://echa.europa.eu/substance-information/-/substanceinfo/100.063.544
Alkyl (C12-18) dimethylbenzyl ammonium chloride (ADBAC (C12-18)),269-919-4,68391-01-5,1367,PT04-Food and feed area,true,false,false,0,,,Italy,,Initial application for approval in progress,Competent authority evaluation,,,-,Under assessment,https://echa.europa.eu/information-on-chemicals/biocidal-active-substances/-/disas/factsheet/1367/PT04,0,100.063.544,https://echa.europa.eu/substance-information/-/substanceinfo/100.063.544
Alkyl (C12-18) dimethylbenzyl ammonium chloride (ADBAC (C12-18)),269-919-4,68391-01-5,1367,PT10-Construction material preservatives,true,false,false,0,,,Italy,,Initial application for approval in progress,Competent authority evaluation,,,-,Under assessment,https://echa.europa.eu/information-on-chemicals/biocidal-active-substances/-/disas/factsheet/1367/PT10,0,100.063.544,https://echa.europa.eu/substance-information/-/substanceinfo/100.063.544
Alkyl (C12-18) dimethylbenzyl ammonium chloride (ADBAC (C12-18)),269-919-4,68391-01-5,1367,PT11-Preservatives for liquid-cooling and processing systems,true,false,false,0,,,Italy,,Initial application for approval in progress,Competent authority evaluation,,,-,Under assessment,https://echa.europa.eu/information-on-chemicals/biocidal-active-substances/-/disas/factsheet/1367/PT11,0,100.063.544,https://echa.europa.eu/substance-information/-/substanceinfo/100.063.544
Alkyl (C12-18) dimethylbenzyl ammonium chloride (ADBAC (C12-18)),269-919-4,68391-01-5,1367,PT12-Slimicides,true,false,false,0,,,Italy,,Initial application for approval in progress,Competent authority evaluation,,,-,Under assessment,https://echa.europa.eu/information-on-chemicals/biocidal-active-substances/-/disas/factsheet/1367/PT12,0,100.063.544,https://echa.europa.eu/substance-information/-/substanceinfo/100.063.544
Alkyl (C12-18) dimethylbenzyl ammonium chloride (ADBAC (C12-18)),269-919-4,68391-01-5,1367,PT22-Embalming and taxidermist fluids,true,false,false,0,,,Italy,,Initial application for approval in progress,Competent authority evaluation,,,-,Under assessment,https://echa.europa.eu/information-on-chemicals/biocidal-active-substances/-/disas/factsheet/1367/PT22,0,100.063.544,https://echa.europa.eu/substance-information/-/substanceinfo/100.063.544
Alkyl (C12-C14) dimethyl(ethylbenzyl)ammonium chloride (ADEBAC (C12-C14)),287-090-7,85409-23-0,1369,PT01-Human hygiene,true,false,false,0,,,Italy,,Initial application for approval in progress,Competent authority evaluation,,,-,Under assessment,https://echa.europa.eu/information-on-chemicals/biocidal-active-substances/-/disas/factsheet/1369/PT01,0,100.079.146,https://echa.europa.eu/substance-information/-/substanceinfo/100.079.146
Alkyl (C12-C14) dimethyl(ethylbenzyl)ammonium chloride (ADEBAC (C12-C14)),287-090-7,85409-23-0,1369,PT02-Disinfectants and algaecides not intended for direct application to humans or animals,true,false,false,0,,,Italy,,Initial application for approval in progress,Competent authority evaluation,,,-,Under assessment,https://echa.europa.eu/information-on-chemicals/biocidal-active-substances/-/disas/factsheet/1369/PT02,0,100.079.146,https://echa.europa.eu/substance-information/-/substanceinfo/100.079.146
Alkyl (C12-C14) dimethyl(ethylbenzyl)ammonium chloride (ADEBAC (C12-C14)),287-090-7,85409-23-0,1369,PT03-Veterinary hygiene,true,false,false,0,,,Italy,,Initial application for approval in progress,Competent authority evaluation,,,-,Under assessment,https://echa.europa.eu/information-on-chemicals/biocidal-active-substances/-/disas/factsheet/1369/PT03,0,100.079.146,https://echa.europa.eu/substance-information/-/substanceinfo/100.079.146
Alkyl (C12-C14) dimethyl(ethylbenzyl)ammonium chloride (ADEBAC (C12-C14)),287-090-7,85409-23-0,1369,PT04-Food and feed area,true,false,false,0,,,Italy,,Initial application for approval in progress,Competent authority evaluation,,,-,Under assessment,https://echa.europa.eu/information-on-chemicals/biocidal-active-substances/-/disas/factsheet/1369/PT04,0,100.079.146,https://echa.europa.eu/substance-information/-/substanceinfo/100.079.146
Alkyl (C12-C14) dimethyl(ethylbenzyl)ammonium chloride (ADEBAC (C12-C14)),287-090-7,85409-23-0,1369,PT10-Construction material preservatives,true,false,false,0,,,Italy,,Initial application for approval in progress,Competent authority evaluation,,,-,Under assessment,https://echa.europa.eu/information-on-chemicals/biocidal-active-substances/-/disas/factsheet/1369/PT10,0,100.079.146,https://echa.europa.eu/substance-information/-/substanceinfo/100.079.146
Alkyl (C12-C14) dimethyl(ethylbenzyl)ammonium chloride (ADEBAC (C12-C14)),287-090-7,85409-23-0,1369,PT11-Preservatives for liquid-cooling and processing systems,true,false,false,0,,,Italy,,Initial application for approval in progress,Competent authority evaluation,,,-,Under assessment,https://echa.europa.eu/information-on-chemicals/biocidal-active-substances/-/disas/factsheet/1369/PT11,0,100.079.146,https://echa.europa.eu/substance-information/-/substanceinfo/100.079.146
Alkyl (C12-C14) dimethyl(ethylbenzyl)ammonium chloride (ADEBAC (C12-C14)),287-090-7,85409-23-0,1369,PT12-Slimicides,true,false,false,0,,,Italy,,Initial application for approval in progress,Competent authority evaluation,,,-,Under assessment,https://echa.europa.eu/information-on-chemicals/biocidal-active-substances/-/disas/factsheet/1369/PT12,0,100.079.146,https://echa.europa.eu/substance-information/-/substanceinfo/100.079.146
Alkyl (C12-C14) dimethyl(ethylbenzyl)ammonium chloride (ADEBAC (C12-C14)),287-090-7,85409-23-0,1369,PT22-Embalming and taxidermist fluids,true,false,false,0,,,Italy,,Initial application for approval in progress,Competent authority evaluation,,,-,Under assessment,https://echa.europa.eu/information-on-chemicals/biocidal-active-substances/-/disas/factsheet/1369/PT22,0,100.079.146,https://echa.europa.eu/substance-information/-/substanceinfo/100.079.146
Alkyl (C12-C14) dimethylbenzylammonium chloride (ADBAC (C12-C14)),287-089-1,85409-22-9,1366,PT01-Human hygiene,true,false,false,0,,,Italy,,Initial application for approval in progress,Competent authority evaluation,,,-,Under assessment,https://echa.europa.eu/information-on-chemicals/biocidal-active-substances/-/disas/factsheet/1366/PT01,0,100.079.145,https://echa.europa.eu/substance-information/-/substanceinfo/100.079.145
Alkyl (C12-C14) dimethylbenzylammonium chloride (ADBAC (C12-C14)),287-089-1,85409-22-9,1366,PT02-Disinfectants and algaecides not intended for direct application to humans or animals,true,false,false,0,,,Italy,,Initial application for approval in progress,Competent authority evaluation,,,-,Under assessment,https://echa.europa.eu/information-on-chemicals/biocidal-active-substances/-/disas/factsheet/1366/PT02,0,100.079.145,https://echa.europa.eu/substance-information/-/substanceinfo/100.079.145
Alkyl (C12-C14) dimethylbenzylammonium chloride (ADBAC (C12-C14)),287-089-1,85409-22-9,1366,PT03-Veterinary hygiene,true,false,false,0,,,Italy,,Initial application for approval in progress,Competent authority evaluation,,,-,Under assessment,https://echa.europa.eu/information-on-chemicals/biocidal-active-substances/-/disas/factsheet/1366/PT03,0,100.079.145,https://echa.europa.eu/substance-information/-/substanceinfo/100.079.145
Alkyl (C12-C14) dimethylbenzylammonium chloride (ADBAC (C12-C14)),287-089-1,85409-22-9,1366,PT04-Food and feed area,true,false,false,0,,,Italy,,Initial application for approval in progress,Competent authority evaluation,,,-,Under assessment,https://echa.europa.eu/information-on-chemicals/biocidal-active-substances/-/disas/factsheet/1366/PT04,0,100.079.145,https://echa.europa.eu/substance-information/-/substanceinfo/100.079.145
Alkyl (C12-C14) dimethylbenzylammonium chloride (ADBAC (C12-C14)),287-089-1,85409-22-9,1366,PT10-Construction material preservatives,true,false,false,0,,,Italy,,Initial application for approval in progress,Competent authority evaluation,,,-,Under assessment,https://echa.europa.eu/information-on-chemicals/biocidal-active-substances/-/disas/factsheet/1366/PT10,0,100.079.145,https://echa.europa.eu/substance-information/-/substanceinfo/100.079.145
Alkyl (C12-C14) dimethylbenzylammonium chloride (ADBAC (C12-C14)),287-089-1,85409-22-9,1366,PT11-Preservatives for liquid-cooling and processing systems,true,false,false,0,,,Italy,,Initial application for approval in progress,Competent authority evaluation,,,-,Under assessment,https://echa.europa.eu/information-on-chemicals/biocidal-active-substances/-/disas/factsheet/1366/PT11,0,100.079.145,https://echa.europa.eu/substance-information/-/substanceinfo/100.079.145
Alkyl (C12-C14) dimethylbenzylammonium chloride (ADBAC (C12-C14)),287-089-1,85409-22-9,1366,PT12-Slimicides,true,false,false,0,,,Italy,,Initial application for approval in progress,Competent authority evaluation,,,-,Under assessment,https://echa.europa.eu/information-on-chemicals/biocidal-active-substances/-/disas/factsheet/1366/PT12,0,100.079.145,https://echa.europa.eu/substance-information/-/substanceinfo/100.079.145
Alkyl (C12-C14) dimethylbenzylammonium chloride (ADBAC (C12-C14)),287-089-1,85409-22-9,1366,PT22-Embalming and taxidermist fluids,true,false,false,0,,,Italy,,Initial application for approval in progress,Open for taking over the role of participant,,,-,Under assessment,https://echa.europa.eu/information-on-chemicals/biocidal-active-substances/-/disas/factsheet/1366/PT22,0,100.079.145,https://echa.europa.eu/substance-information/-/substanceinfo/100.079.145
Allyl isothiocyanate,200-309-2,57-06-7,1420,"PT09-Fibre, leather, rubber and polymerised materials preservatives",false,true,false,0,,,Netherlands,,,,,,-,Under assessment,https://echa.europa.eu/information-on-chemicals/biocidal-active-substances/-/disas/factsheet/1420/PT09,0,100.000.281,https://echa.europa.eu/substance-information/-/substanceinfo/100.000.281
alpha-bromadiolone,-,-,1863,PT14-Rodenticides,false,true,false,0,,,France,,Initial application for approval in progress,Opinion development by BPC,,,-,Under assessment,https://echa.europa.eu/information-on-chemicals/biocidal-active-substances/-/disas/factsheet/1863/PT14,0,100.249.133,https://echa.europa.eu/substance-information/-/substanceinfo/100.249.133
alphachloralose,240-016-7,15879-93-3,3,PT14-Rodenticides,true,false,false,0,01/07/2011,30/06/2026,Poland,Approved,Renewal in progress,Competent authority evaluation,COMMISSION IMPLEMENTING DECISION (EU) 2023/2378,http://eur-lex.europa.eu/legal-content/EN/ALL/?uri=CELEX:32023D2378,EU-0005343-0000,No,https://echa.europa.eu/information-on-chemicals/biocidal-active-substances/-/disas/factsheet/3/PT14,114,100.036.363,https://echa.europa.eu/substance-information/-/substanceinfo/100.036.363
Aluminium phosphide releasing phosphine,244-088-0,20859-73-8,4,PT14-Rodenticides,true,false,false,0,01/09/2011,31/01/2026,Germany,Approved,Renewal in progress,Competent authority evaluation,Commission Implementing Decision (EU) 2024/732,http://eur-lex.europa.eu/legal-content/EN/ALL/?uri=CELEX:32024D0732,EU-0005344-0000,No,https://echa.europa.eu/information-on-chemicals/biocidal-active-substances/-/disas/factsheet/4/PT14,10,100.040.065,https://echa.europa.eu/substance-information/-/substanceinfo/100.040.065
Aluminium phosphide releasing phosphine,244-088-0,20859-73-8,4,"PT18-Insecticides, acaricides and products to control other arthropods",true,false,false,0,01/02/2012,31/01/2026,Germany,Approved,Renewal in progress,Competent authority evaluation,Commission Implementing Decision (EU) 2024/732,http://eur-lex.europa.eu/legal-content/EN/ALL/?uri=CELEX:32024D0732,EU-0005345-0000,No,https://echa.europa.eu/information-on-chemicals/biocidal-active-substances/-/disas/factsheet/4/PT18,3,100.040.065,https://echa.europa.eu/substance-information/-/substanceinfo/100.040.065
Aluminium phosphide releasing phosphine,244-088-0,20859-73-8,4,PT20-Control of other vertebrates,true,false,false,0,01/07/2015,31/01/2026,Germany,Approved,Renewal in progress,Competent authority evaluation,Decision (EU) 2025/461 ,http://eur-lex.europa.eu/legal-content/EN/ALL/?uri=CELEX:32025D0461,EU-0005346-0000,Under assessment,https://echa.europa.eu/information-on-chemicals/biocidal-active-substances/-/disas/factsheet/4/PT20,1,100.040.065,https://echa.europa.eu/substance-information/-/substanceinfo/100.040.065
"Amines, C10-16-alkyldimethyl, N-oxides",274-687-2,70592-80-2,1239,PT04-Food and feed area,true,false,false,0,,,Portugal,No longer supported,,,Decision (EU) 2021/1283     ,http://eur-lex.europa.eu/legal-content/EN/ALL/?uri=CELEX:32021D1283,-,Under assessment,https://echa.europa.eu/information-on-chemicals/biocidal-active-substances/-/disas/factsheet/1239/PT04,0,100.067.876,https://echa.europa.eu/substance-information/-/substanceinfo/100.067.876
"Amines, N-C10-16-alkyltrimethylenedi-, reaction products with chloroacetic acid",701-317-3,139734-65-9,1240,PT02-Disinfectants and algaecides not intended for direct application to humans or animals,true,false,false,0,01/01/2018,31/12/2027,Ireland,Approved,,,Regulation (EU) 2016/1083,http://eur-lex.europa.eu/legal-content/EN/ALL/?uri=CELEX:32016R1083,EU-0013639-0000,No,https://echa.europa.eu/information-on-chemicals/biocidal-active-substances/-/disas/factsheet/1240/PT02,0,100.280.976,https://echa.europa.eu/substance-information/-/substanceinfo/100.280.976
"Amines, N-C10-16-alkyltrimethylenedi-, reaction products with chloroacetic acid",701-317-3,139734-65-9,1240,PT03-Veterinary hygiene,true,false,false,0,01/01/2018,31/12/2027,Ireland,Approved,,,Regulation (EU) 2016/1083,http://eur-lex.europa.eu/legal-content/EN/ALL/?uri=CELEX:32016R1083,EU-0012162-0000,No,https://echa.europa.eu/information-on-chemicals/biocidal-active-substances/-/disas/factsheet/1240/PT03,0,100.280.976,https://echa.europa.eu/substance-information/-/substanceinfo/100.280.976
"Amines, N-C10-16-alkyltrimethylenedi-, reaction products with chloroacetic acid",701-317-3,139734-65-9,1240,PT04-Food and feed area,true,false,false,0,01/01/2018,31/12/2027,Ireland,Approved,,,Regulation (EU) 2016/1083,http://eur-lex.europa.eu/legal-content/EN/ALL/?uri=CELEX:32016R1083,EU-0013640-0000,No,https://echa.europa.eu/information-on-chemicals/biocidal-active-substances/-/disas/factsheet/1240/PT04,0,100.280.976,https://echa.europa.eu/substance-information/-/substanceinfo/100.280.976
Ammonium bromide,235-183-8,12124-97-9,2243,PT11-Preservatives for liquid-cooling and processing systems,true,false,false,0,,,-,No longer supported,,,Decision (EU) 2018/1622 ,http://eur-lex.europa.eu/legal-content/EN/ALL/?uri=CELEX:32018D1622,-,Under assessment,https://echa.europa.eu/information-on-chemicals/biocidal-active-substances/-/disas/factsheet/2243/PT11,0,100.031.973,https://echa.europa.eu/substance-information/-/substanceinfo/100.031.973
Ammonium bromide,235-183-8,12124-97-9,2243,PT12-Slimicides,true,false,false,0,,,-,No longer supported,,,Decision (EU) 2018/1622 ,http://eur-lex.europa.eu/legal-content/EN/ALL/?uri=CELEX:32018D1622,-,Under assessment,https://echa.europa.eu/information-on-chemicals/biocidal-active-substances/-/disas/factsheet/2243/PT12,0,100.031.973,https://echa.europa.eu/substance-information/-/substanceinfo/100.031.973
Ammonium sulfate,231-984-1,7783-20-2,2244,PT11-Preservatives for liquid-cooling and processing systems,true,false,false,0,,,-,No longer supported,,,Decision (EU) 2018/1622 ,http://eur-lex.europa.eu/legal-content/EN/ALL/?uri=CELEX:32018D1622,-,Under assessment,https://echa.europa.eu/information-on-chemicals/biocidal-active-substances/-/disas/factsheet/2244/PT11,0,100.029.076,https://echa.europa.eu/substance-information/-/substanceinfo/100.029.076
Ammonium sulfate,231-984-1,7783-20-2,2244,PT12-Slimicides,true,false,false,0,,,-,No longer supported,,,Decision (EU) 2018/1622 ,http://eur-lex.europa.eu/legal-content/EN/ALL/?uri=CELEX:32018D1622,-,Under assessment,https://echa.europa.eu/information-on-chemicals/biocidal-active-substances/-/disas/factsheet/2244/PT12,0,100.029.076,https://echa.europa.eu/substance-information/-/substanceinfo/100.029.076
"Arnica montana, ext.",273-579-2,68990-11-4,2403,,false,,true,4,,,Switzerland,,Initial application for approval in progress,Competent authority evaluation,,,-,,https://echa.europa.eu/information-on-chemicals/biocidal-active-substances/-/disas/factsheet/2403/null,0,100.066.871,https://echa.europa.eu/substance-information/-/substanceinfo/100.066.871
Ascorbic acid,200-066-2,50-81-7,1427,,false,,true,2,01/09/2013,,-,Approved,,,Regulation (EU) 528/2012 Annex I,http://eur-lex.europa.eu/legal-content/EN/ALL/?uri=CELEX:32012R0528,EU-0012342-0000,,https://echa.europa.eu/information-on-chemicals/biocidal-active-substances/-/disas/factsheet/1427/null,0,100.000.061,https://echa.europa.eu/substance-information/-/substanceinfo/100.000.061
Azoxystrobin,603-524-3,131860-33-8,1451,PT07-Film preservatives,false,true,false,0,01/11/2018,31/10/2025,Denmark,Approved,Other updates in progress,-,Commission Implementing Regulation (EU) 2018/614 ,http://eur-lex.europa.eu/legal-content/EN/ALL/?uri=CELEX:32018R0614,EU-0018009-0000,Under assessment,https://echa.europa.eu/information-on-chemicals/biocidal-active-substances/-/disas/factsheet/1451/PT07,0,100.127.964,https://echa.europa.eu/substance-information/-/substanceinfo/100.127.964
Azoxystrobin,603-524-3,131860-33-8,1451,"PT09-Fibre, leather, rubber and polymerised materials preservatives",false,true,false,0,01/11/2018,31/10/2025,Denmark,Approved,Other updates in progress,-,Commission Implementing Regulation (EU) 2018/614 ,http://eur-lex.europa.eu/legal-content/EN/ALL/?uri=CELEX:32018R0614,EU-0018014-0000,Under assessment,https://echa.europa.eu/information-on-chemicals/biocidal-active-substances/-/disas/factsheet/1451/PT09,0,100.127.964,https://echa.europa.eu/substance-information/-/substanceinfo/100.127.964
Azoxystrobin,603-524-3,131860-33-8,1451,PT10-Construction material preservatives,false,true,false,0,01/11/2018,31/10/2025,Denmark,Approved,Other updates in progress,-,Commission Implementing Regulation (EU) 2018/614 ,http://eur-lex.europa.eu/legal-content/EN/ALL/?uri=CELEX:32018R0614,EU-0018008-0000,Under assessment,https://echa.europa.eu/information-on-chemicals/biocidal-active-substances/-/disas/factsheet/1451/PT10,0,100.127.964,https://echa.europa.eu/substance-information/-/substanceinfo/100.127.964
Bacillus amyloliquefaciens strain ISB06,-,-,1245,PT03-Veterinary hygiene,true,false,false,0,01/01/2018,31/12/2027,Germany,Approved,,,Reg (EU) 2016/1085,http://eur-lex.europa.eu/legal-content/EN/ALL/?uri=CELEX:32016R1085,EU-0014457-0000,No,https://echa.europa.eu/information-on-chemicals/biocidal-active-substances/-/disas/factsheet/1245/PT03,1,100.240.908,https://echa.europa.eu/substance-information/-/substanceinfo/100.240.908
bacillus sphaericus,604-356-3,143447-72-7,2249,"PT18-Insecticides, acaricides and products to control other arthropods",true,false,false,0,,,-,No longer supported,,,Decision (EU) 2018/1622 ,http://eur-lex.europa.eu/legal-content/EN/ALL/?uri=CELEX:32018D1622,-,Under assessment,https://echa.europa.eu/information-on-chemicals/biocidal-active-substances/-/disas/factsheet/2249/PT18,0,100.126.584,https://echa.europa.eu/substance-information/-/substanceinfo/100.126.584
"Bacillus sphaericus 2362, strain ABTS-1743",604-356-3,143447-72-7,1244,"PT18-Insecticides, acaricides and products to control other arthropods",true,false,false,0,01/07/2016,30/06/2026,Italy,Approved,,,(EU) 2015/417 ,http://eur-lex.europa.eu/legal-content/EN/ALL/?uri=CELEX:32015R0417,EU-0012045-0000,No,https://echa.europa.eu/information-on-chemicals/biocidal-active-substances/-/disas/factsheet/1244/PT18,1,100.126.584,https://echa.europa.eu/substance-information/-/substanceinfo/100.126.584
Bacillus subtilis,614-244-6,68038-70-0,83,PT03-Veterinary hygiene,true,false,false,0,,,-,No longer supported,,,Decision (EU) 2018/1622 ,http://eur-lex.europa.eu/legal-content/EN/ALL/?uri=CELEX:32018D1622,-,Under assessment,https://echa.europa.eu/information-on-chemicals/biocidal-active-substances/-/disas/factsheet/83/PT03,0,100.132.987,https://echa.europa.eu/substance-information/-/substanceinfo/100.132.987
"Bacillus thuringiensis subsp. israelensis Serotype H14, Strain AM65-52",-,-,5,"PT18-Insecticides, acaricides and products to control other arthropods",true,false,false,0,01/10/2013,31/03/2026,Italy,Approved,Renewal in progress,Competent authority evaluation, Implementing Decision (EU) 2023/1085,http://eur-lex.europa.eu/legal-content/EN/ALL/?uri=CELEX:32023D1085,EU-0005347-0000,No,https://echa.europa.eu/information-on-chemicals/biocidal-active-substances/-/disas/factsheet/5/PT18,11,100.240.902,https://echa.europa.eu/substance-information/-/substanceinfo/100.240.902
"bacillus thuringiensis subsp. israelensis, serotype H14",-,-,2250,"PT18-Insecticides, acaricides and products to control other arthropods",true,false,false,0,,,-,No longer supported,,,Decision (EU) 2018/1622 ,http://eur-lex.europa.eu/legal-content/EN/ALL/?uri=CELEX:32018D1622,-,Under assessment,https://echa.europa.eu/information-on-chemicals/biocidal-active-substances/-/disas/factsheet/2250/PT18,0,100.303.381,https://echa.europa.eu/substance-information/-/substanceinfo/100.303.381
"Bacillus thuringiensis subsp. israelensis, strain SA3A",-,-,1246,"PT18-Insecticides, acaricides and products to control other arthropods",true,false,false,0,01/07/2016,30/06/2026,Italy,Approved,,,(EU) 2015/406 ,http://eur-lex.europa.eu/legal-content/EN/ALL/?uri=CELEX:32015R0406,EU-0012046-0000,No,https://echa.europa.eu/information-on-chemicals/biocidal-active-substances/-/disas/factsheet/1246/PT18,0,100.240.909,https://echa.europa.eu/substance-information/-/substanceinfo/100.240.909
"Bacillus thuringiensis subsp. kurstaki, strain ABTS-351",-,-,1247,"PT18-Insecticides, acaricides and products to control other arthropods",false,true,false,0,01/03/2017,28/02/2027,France,Approved,,,Reg. (EU)2016/1929,http://eur-lex.europa.eu/legal-content/EN/ALL/?uri=CELEX:32016R1929,EU-0016153-0000,No,https://echa.europa.eu/information-on-chemicals/biocidal-active-substances/-/disas/factsheet/1247/PT18,2,100.240.910,https://echa.europa.eu/substance-information/-/substanceinfo/100.240.910
Baculovirus,-,-,1434,,false,,true,7,01/09/2013,,-,Approved,,,Regulation (EU) 528/2012 Annex I,http://eur-lex.europa.eu/legal-content/EN/ALL/?uri=CELEX:32012R0528,EU-0012351-0000,,https://echa.europa.eu/information-on-chemicals/biocidal-active-substances/-/disas/factsheet/1434/null,0,100.265.857,https://echa.europa.eu/substance-information/-/substanceinfo/100.265.857
Basic Copper carbonate,235-113-6,12069-69-1,6,PT08-Wood preservatives,true,false,false,0,01/02/2014,31/07/2026,France,Approved,Renewal in progress,Competent authority evaluation,COMMISSION IMPLEMENTING DECISION (EU) 2023/2380,http://eur-lex.europa.eu/legal-content/EN/ALL/?uri=CELEX:32023D2380,EU-0005348-0000,Under assessment,https://echa.europa.eu/information-on-chemicals/biocidal-active-substances/-/disas/factsheet/6/PT08,30,100.031.909,https://echa.europa.eu/substance-information/-/substanceinfo/100.031.909
Beauveria bassiana R444,-,-,2643,"PT18-Insecticides, acaricides and products to control other arthropods",false,true,false,0,,,France,,Initial application for approval in progress,Competent authority evaluation,,,-,Under assessment,https://echa.europa.eu/information-on-chemicals/biocidal-active-substances/-/disas/factsheet/2643/PT18,0,100.511.687,https://echa.europa.eu/substance-information/-/substanceinfo/100.511.687
Bendiocarb,245-216-8,22781-23-3,7,"PT18-Insecticides, acaricides and products to control other arthropods",true,false,false,0,01/02/2014,31/01/2024,United Kingdom,Expired,,,Directive 2012/3/EU,http://eur-lex.europa.eu/legal-content/EN/ALL/?uri=CELEX:32012L0003,EU-0005349-0000,No,https://echa.europa.eu/information-on-chemicals/biocidal-active-substances/-/disas/factsheet/7/PT18,2,100.041.091,https://echa.europa.eu/substance-information/-/substanceinfo/100.041.091
Bentonite,215-108-5,1302-78-9,1435,,false,,true,7,01/09/2013,,-,Approved,,,Regulation (EU) 528/2012 Annex I,http://eur-lex.europa.eu/legal-content/EN/ALL/?uri=CELEX:32012R0528,EU-0012352-0000,,https://echa.europa.eu/information-on-chemicals/biocidal-active-substances/-/disas/factsheet/1435/null,1,100.013.735,https://echa.europa.eu/substance-information/-/substanceinfo/100.013.735
Benzoic acid,200-618-2,65-85-0,1248,PT03-Veterinary hygiene,true,false,false,0,01/07/2015,31/12/2027,Germany,Approved,Renewal in progress,Competent authority evaluation,Decision (EU) 2025/444 ,http://eur-lex.europa.eu/legal-content/EN/ALL/?uri=CELEX:32025D0444,EU-0005422-0000,Under assessment,https://echa.europa.eu/information-on-chemicals/biocidal-active-substances/-/disas/factsheet/1248/PT03,1,100.000.562,https://echa.europa.eu/substance-information/-/substanceinfo/100.000.562
Benzoic acid,200-618-2,65-85-0,1248,PT04-Food and feed area,true,false,false,0,01/07/2015,31/12/2027,Germany,Approved,Renewal in progress,Competent authority evaluation,Decision (EU) 2025/444 ,http://eur-lex.europa.eu/legal-content/EN/ALL/?uri=CELEX:32025D0444,EU-0005423-0000,Under assessment,https://echa.europa.eu/information-on-chemicals/biocidal-active-substances/-/disas/factsheet/1248/PT04,1,100.000.562,https://echa.europa.eu/substance-information/-/substanceinfo/100.000.562
Benzoic acid,200-618-2,65-85-0,1248,PT07-Film preservatives,false,true,false,0,,,Germany,,Initial application for approval in progress,Competent authority evaluation,,,-,Under assessment,https://echa.europa.eu/information-on-chemicals/biocidal-active-substances/-/disas/factsheet/1248/PT07,0,100.000.562,https://echa.europa.eu/substance-information/-/substanceinfo/100.000.562
Benzoic acid,200-618-2,65-85-0,1248,"PT09-Fibre, leather, rubber and polymerised materials preservatives",false,true,false,0,,,Germany,,Initial application for approval in progress,Competent authority evaluation,,,-,Under assessment,https://echa.europa.eu/information-on-chemicals/biocidal-active-substances/-/disas/factsheet/1248/PT09,0,100.000.562,https://echa.europa.eu/substance-information/-/substanceinfo/100.000.562
Benzyl Alcohol,202-859-9,100-51-6,82,PT06-Preservatives for products during storage,false,true,false,0,,,Netherlands,,Initial application for approval in progress,Competent authority evaluation,,,-,Under assessment,https://echa.europa.eu/information-on-chemicals/biocidal-active-substances/-/disas/factsheet/82/PT06,0,100.002.600,https://echa.europa.eu/substance-information/-/substanceinfo/100.002.600
Bifenthrin,617-373-6,82657-04-3,8,PT08-Wood preservatives,true,false,false,0,01/02/2013,31/01/2023,France,Expired,,,Directive 2011/10/EU,http://eur-lex.europa.eu/legal-content/EN/ALL/?uri=CELEX:32011L0010,EU-0005350-0000,Yes,https://echa.europa.eu/information-on-chemicals/biocidal-active-substances/-/disas/factsheet/8/PT08,1,100.120.070,https://echa.europa.eu/substance-information/-/substanceinfo/100.120.070
Biphenyl-2-ol,201-993-5,90-43-7,1249,PT01-Human hygiene,true,false,false,0,01/07/2017,30/06/2027,Spain,Approved,,,Commission Implementing Regulation (EU) 2016/105,http://eur-lex.europa.eu/legal-content/EN/ALL/?uri=CELEX:32016R0105,EU-0012163-0000,No,https://echa.europa.eu/information-on-chemicals/biocidal-active-substances/-/disas/factsheet/1249/PT01,0,100.001.812,https://echa.europa.eu/substance-information/-/substanceinfo/100.001.812
Biphenyl-2-ol,201-993-5,90-43-7,1249,PT02-Disinfectants and algaecides not intended for direct application to humans or animals,true,false,false,0,01/07/2017,30/06/2027,Spain,Approved,,,Commission Implementing Regulation (EU) 2016/105,http://eur-lex.europa.eu/legal-content/EN/ALL/?uri=CELEX:32016R0105,EU-0012164-0000,No,https://echa.europa.eu/information-on-chemicals/biocidal-active-substances/-/disas/factsheet/1249/PT02,0,100.001.812,https://echa.europa.eu/substance-information/-/substanceinfo/100.001.812
Biphenyl-2-ol,201-993-5,90-43-7,1249,PT03-Veterinary hygiene,true,false,false,0,01/01/2018,31/12/2027,Spain,Approved,,,Reg (EU)2016/1084,http://eur-lex.europa.eu/legal-content/EN/ALL/?uri=CELEX:32016R1084,EU-0013621-0000,No,https://echa.europa.eu/information-on-chemicals/biocidal-active-substances/-/disas/factsheet/1249/PT03,1,100.001.812,https://echa.europa.eu/substance-information/-/substanceinfo/100.001.812
Biphenyl-2-ol,201-993-5,90-43-7,1249,PT04-Food and feed area,true,false,false,0,01/07/2017,30/06/2027,Spain,Approved,,,Commission Implementing Regulation (EU) 2016/105,http://eur-lex.europa.eu/legal-content/EN/ALL/?uri=CELEX:32016R0105,EU-0013623-0000,No,https://echa.europa.eu/information-on-chemicals/biocidal-active-substances/-/disas/factsheet/1249/PT04,0,100.001.812,https://echa.europa.eu/substance-information/-/substanceinfo/100.001.812
Biphenyl-2-ol,201-993-5,90-43-7,1249,PT06-Preservatives for products during storage,true,false,false,0,01/07/2017,30/06/2027,Spain,Approved,,,Commission Implementing Regulation (EU) 2016/105,http://eur-lex.europa.eu/legal-content/EN/ALL/?uri=CELEX:32016R0105,EU-0013624-0000,No,https://echa.europa.eu/information-on-chemicals/biocidal-active-substances/-/disas/factsheet/1249/PT06,0,100.001.812,https://echa.europa.eu/substance-information/-/substanceinfo/100.001.812
Biphenyl-2-ol,201-993-5,90-43-7,1249,PT07-Film preservatives,true,false,false,0,,,Spain,No longer supported,,,Commission Implementing Decision (EU) 2024/888 ,http://eur-lex.europa.eu/legal-content/EN/ALL/?uri=CELEX:32024D0888,-,Under assessment,https://echa.europa.eu/information-on-chemicals/biocidal-active-substances/-/disas/factsheet/1249/PT07,0,100.001.812,https://echa.europa.eu/substance-information/-/substanceinfo/100.001.812
Biphenyl-2-ol,201-993-5,90-43-7,1249,"PT09-Fibre, leather, rubber and polymerised materials preservatives",true,false,false,0,,,Spain,,Initial application for approval in progress,Competent authority evaluation,,,-,Under assessment,https://echa.europa.eu/information-on-chemicals/biocidal-active-substances/-/disas/factsheet/1249/PT09,0,100.001.812,https://echa.europa.eu/substance-information/-/substanceinfo/100.001.812
Biphenyl-2-ol,201-993-5,90-43-7,1249,PT10-Construction material preservatives,true,false,false,0,,,Spain,,Initial application for approval in progress,Competent authority evaluation,,,-,Under assessment,https://echa.europa.eu/information-on-chemicals/biocidal-active-substances/-/disas/factsheet/1249/PT10,0,100.001.812,https://echa.europa.eu/substance-information/-/substanceinfo/100.001.812
Biphenyl-2-ol,201-993-5,90-43-7,1249,PT13-Working or cutting fluid preservatives,true,false,false,0,01/07/2017,30/06/2027,Spain,Approved,,,Commission Implementing Regulation (EU) 2016/105,http://eur-lex.europa.eu/legal-content/EN/ALL/?uri=CELEX:32016R0105,EU-0012165-0000,No,https://echa.europa.eu/information-on-chemicals/biocidal-active-substances/-/disas/factsheet/1249/PT13,0,100.001.812,https://echa.europa.eu/substance-information/-/substanceinfo/100.001.812
"Bis(1-hydroxy-1H-pyridine-2-thionato- O,S)copper (Copper pyrithione)",238-984-0,14915-37-8,1275,PT21-Antifouling products,true,false,false,0,01/10/2016,31/12/2025,Sweden,Approved,Renewal in progress,Competent authority evaluation,REGULATION (EU) 2015/984,http://eur-lex.europa.eu/legal-content/EN/ALL/?uri=CELEX:32015R0984,EU-0012166-0000,Under assessment,https://echa.europa.eu/information-on-chemicals/biocidal-active-substances/-/disas/factsheet/1275/PT21,11,100.035.425,https://echa.europa.eu/substance-information/-/substanceinfo/100.035.425
Boric acid,233-139-2,10043-35-3,9,PT08-Wood preservatives,true,false,false,0,01/09/2011,31/08/2026,Netherlands,Approved,Renewal in progress,Competent authority evaluation,COMMISSION IMPLEMENTING DECISION (EU) 2024/222 ,http://eur-lex.europa.eu/legal-content/EN/ALL/?uri=CELEX:32024D0222,EU-0005351-0000,Yes,https://echa.europa.eu/information-on-chemicals/biocidal-active-substances/-/disas/factsheet/9/PT08,128,100.030.114,https://echa.europa.eu/substance-information/-/substanceinfo/100.030.114
Boric oxide,215-125-8,1303-86-2,10,PT08-Wood preservatives,true,false,false,0,01/09/2011,31/08/2021,Netherlands,Expired,,,Directive 2009/98/EC,http://eur-lex.europa.eu/legal-content/EN/ALL/?uri=CELEX:32009L0098,EU-0005352-0000,Yes,https://echa.europa.eu/information-on-chemicals/biocidal-active-substances/-/disas/factsheet/10/PT08,3,100.013.751,https://echa.europa.eu/substance-information/-/substanceinfo/100.013.751
Brodifacoum,259-980-5,56073-10-0,11,PT14-Rodenticides,true,false,false,0,01/02/2012,31/12/2026,Netherlands,Approved,Renewal in progress,Opinion development by BPC,Commission Implementing Decision (EU) 2024/734,http://eur-lex.europa.eu/legal-content/EN/ALL/?uri=CELEX:32024D0734,EU-0005353-0000,Yes,https://echa.europa.eu/information-on-chemicals/biocidal-active-substances/-/disas/factsheet/11/PT14,614,100.054.509,https://echa.europa.eu/substance-information/-/substanceinfo/100.054.509
Bromadiolone,249-205-9,28772-56-7,12,PT14-Rodenticides,true,false,false,0,01/07/2011,31/12/2026,France,Approved,Renewal in progress,Opinion development by BPC,Commission Implementing Decision (EU) 2024/734,http://eur-lex.europa.eu/legal-content/EN/ALL/?uri=CELEX:32024D0734,EU-0005354-0000,Yes,https://echa.europa.eu/information-on-chemicals/biocidal-active-substances/-/disas/factsheet/12/PT14,565,100.044.718,https://echa.europa.eu/substance-information/-/substanceinfo/100.044.718
Bromine chloride,237-601-4,13863-41-7,2245,PT11-Preservatives for liquid-cooling and processing systems,true,false,false,0,,,-,No longer supported,,,Decision (EU) 2018/1622 ,http://eur-lex.europa.eu/legal-content/EN/ALL/?uri=CELEX:32018D1622,-,Under assessment,https://echa.europa.eu/information-on-chemicals/biocidal-active-substances/-/disas/factsheet/2245/PT11,0,100.034.169,https://echa.europa.eu/substance-information/-/substanceinfo/100.034.169
Bromoacetic acid,201-175-8,79-08-3,1252,PT04-Food and feed area,true,false,false,0,01/07/2015,31/12/2027,Spain,Approved,Renewal in progress,Competent authority evaluation,Decision (EU) 2025/360,http://eur-lex.europa.eu/legal-content/EN/ALL/?uri=CELEX:32025D0360,EU-0005424-0000,Under assessment,https://echa.europa.eu/information-on-chemicals/biocidal-active-substances/-/disas/factsheet/1252/PT04,2,100.001.069,https://echa.europa.eu/substance-information/-/substanceinfo/100.001.069
"Bromochloro-5,5-dimethylimidazolidine-2,4-dione (BCDMH/Bromochlorodimethylhydantoin)",251-171-5,32718-18-6,1253,PT02-Disinfectants and algaecides not intended for direct application to humans or animals,true,false,false,0,,,Netherlands,,Initial application for approval in progress,Opinion development by BPC,,,-,Under assessment,https://echa.europa.eu/information-on-chemicals/biocidal-active-substances/-/disas/factsheet/1253/PT02,0,100.046.504,https://echa.europa.eu/substance-information/-/substanceinfo/100.046.504
"Bromochloro-5,5-dimethylimidazolidine-2,4-dione (BCDMH/Bromochlorodimethylhydantoin)",251-171-5,32718-18-6,1253,PT11-Preservatives for liquid-cooling and processing systems,true,false,false,0,,,Netherlands,,Initial application for approval in progress,Opinion development by BPC,,,-,Under assessment,https://echa.europa.eu/information-on-chemicals/biocidal-active-substances/-/disas/factsheet/1253/PT11,0,100.046.504,https://echa.europa.eu/substance-information/-/substanceinfo/100.046.504
"Bromochloro-5,5-dimethylimidazolidine-2,4-dione (BCDMH/Bromochlorodimethylhydantoin)",251-171-5,32718-18-6,1253,PT12-Slimicides,true,false,false,0,,,Netherlands,,Initial application for approval in progress,Opinion development by BPC,,,-,Under assessment,https://echa.europa.eu/information-on-chemicals/biocidal-active-substances/-/disas/factsheet/1253/PT12,0,100.046.504,https://echa.europa.eu/substance-information/-/substanceinfo/100.046.504
Bronopol,200-143-0,52-51-7,1254,PT02-Disinfectants and algaecides not intended for direct application to humans or animals,true,false,false,0,,,Spain,,Initial application for approval in progress,Commission decision,,,-,Under assessment,https://echa.europa.eu/information-on-chemicals/biocidal-active-substances/-/disas/factsheet/1254/PT02,0,100.000.131,https://echa.europa.eu/substance-information/-/substanceinfo/100.000.131
Bronopol,200-143-0,52-51-7,1254,PT06-Preservatives for products during storage,true,false,false,0,,,Spain,,Initial application for approval in progress,Competent authority evaluation,,,-,Under assessment,https://echa.europa.eu/information-on-chemicals/biocidal-active-substances/-/disas/factsheet/1254/PT06,0,100.000.131,https://echa.europa.eu/substance-information/-/substanceinfo/100.000.131
Bronopol,200-143-0,52-51-7,1254,"PT09-Fibre, leather, rubber and polymerised materials preservatives",true,false,false,0,,,Spain,No longer supported,,,Decision (EU) 2021/1283     ,http://eur-lex.europa.eu/legal-content/EN/ALL/?uri=CELEX:32021D1283,-,Under assessment,https://echa.europa.eu/information-on-chemicals/biocidal-active-substances/-/disas/factsheet/1254/PT09,0,100.000.131,https://echa.europa.eu/substance-information/-/substanceinfo/100.000.131
Bronopol,200-143-0,52-51-7,1254,PT11-Preservatives for liquid-cooling and processing systems,true,false,false,0,,,Spain,,Initial application for approval in progress,Commission decision,,,-,Under assessment,https://echa.europa.eu/information-on-chemicals/biocidal-active-substances/-/disas/factsheet/1254/PT11,0,100.000.131,https://echa.europa.eu/substance-information/-/substanceinfo/100.000.131
Bronopol,200-143-0,52-51-7,1254,PT12-Slimicides,true,false,false,0,,,Spain,,Initial application for approval in progress,Commission decision,,,-,Under assessment,https://echa.europa.eu/information-on-chemicals/biocidal-active-substances/-/disas/factsheet/1254/PT12,0,100.000.131,https://echa.europa.eu/substance-information/-/substanceinfo/100.000.131
Bronopol,200-143-0,52-51-7,1254,PT22-Embalming and taxidermist fluids,true,false,false,0,,,Spain,,Initial application for approval in progress,Competent authority evaluation,,,-,Under assessment,https://echa.europa.eu/information-on-chemicals/biocidal-active-substances/-/disas/factsheet/1254/PT22,0,100.000.131,https://echa.europa.eu/substance-information/-/substanceinfo/100.000.131
C(M)IT/MIT (3:1),611-341-5,55965-84-9,1373,PT02-Disinfectants and algaecides not intended for direct application to humans or animals,true,false,false,0,01/07/2017,30/06/2027,France,Approved,,,(EU)2016/131,http://eur-lex.europa.eu/legal-content/EN/ALL/?uri=CELEX:32016R0131,EU-0012191-0000,No,https://echa.europa.eu/information-on-chemicals/biocidal-active-substances/-/disas/factsheet/1373/PT02,12,100.108.036,https://echa.europa.eu/substance-information/-/substanceinfo/100.108.036
C(M)IT/MIT (3:1),611-341-5,55965-84-9,1373,PT04-Food and feed area,true,false,false,0,01/07/2017,30/06/2027,France,Approved,,,(EU)2016/131,http://eur-lex.europa.eu/legal-content/EN/ALL/?uri=CELEX:32016R0131,EU-0012190-0000,No,https://echa.europa.eu/information-on-chemicals/biocidal-active-substances/-/disas/factsheet/1373/PT04,12,100.108.036,https://echa.europa.eu/substance-information/-/substanceinfo/100.108.036
C(M)IT/MIT (3:1),611-341-5,55965-84-9,1373,PT06-Preservatives for products during storage,true,false,false,0,01/07/2017,30/06/2027,France,Approved,,,(EU)2016/131,http://eur-lex.europa.eu/legal-content/EN/ALL/?uri=CELEX:32016R0131,EU-0012193-0000,No,https://echa.europa.eu/information-on-chemicals/biocidal-active-substances/-/disas/factsheet/1373/PT06,43,100.108.036,https://echa.europa.eu/substance-information/-/substanceinfo/100.108.036
C(M)IT/MIT (3:1),611-341-5,55965-84-9,1373,PT11-Preservatives for liquid-cooling and processing systems,true,false,false,0,01/07/2017,30/06/2027,France,Approved,,,(EU)2016/131,http://eur-lex.europa.eu/legal-content/EN/ALL/?uri=CELEX:32016R0131,EU-0012194-0000,No,https://echa.europa.eu/information-on-chemicals/biocidal-active-substances/-/disas/factsheet/1373/PT11,44,100.108.036,https://echa.europa.eu/substance-information/-/substanceinfo/100.108.036
C(M)IT/MIT (3:1),611-341-5,55965-84-9,1373,PT12-Slimicides,true,false,false,0,01/07/2017,30/06/2027,France,Approved,,,(EU)2016/131,http://eur-lex.europa.eu/legal-content/EN/ALL/?uri=CELEX:32016R0131,EU-0012195-0000,No,https://echa.europa.eu/information-on-chemicals/biocidal-active-substances/-/disas/factsheet/1373/PT12,40,100.108.036,https://echa.europa.eu/substance-information/-/substanceinfo/100.108.036
C(M)IT/MIT (3:1),611-341-5,55965-84-9,1373,PT13-Working or cutting fluid preservatives,true,false,false,0,01/07/2017,30/06/2027,France,Approved,,,(EU)2016/131,http://eur-lex.europa.eu/legal-content/EN/ALL/?uri=CELEX:32016R0131,EU-0012196-0000,No,https://echa.europa.eu/information-on-chemicals/biocidal-active-substances/-/disas/factsheet/1373/PT13,34,100.108.036,https://echa.europa.eu/substance-information/-/substanceinfo/100.108.036
Calcium dihydroxide/calcium hydroxide/caustic lime/hydrated lime/slaked lime,215-137-3,1305-62-0,1255,PT02-Disinfectants and algaecides not intended for direct application to humans or animals,true,false,false,0,01/05/2018,30/04/2028,United Kingdom,Approved,,,Reg. (EU)2016/1935,http://eur-lex.europa.eu/legal-content/EN/ALL/?uri=CELEX:32016R1935,EU-0014038-0000,No,https://echa.europa.eu/information-on-chemicals/biocidal-active-substances/-/disas/factsheet/1255/PT02,25,100.013.762,https://echa.europa.eu/substance-information/-/substanceinfo/100.013.762
Calcium dihydroxide/calcium hydroxide/caustic lime/hydrated lime/slaked lime,215-137-3,1305-62-0,1255,PT03-Veterinary hygiene,true,false,false,0,01/05/2018,30/04/2028,United Kingdom,Approved,,,Reg. (EU)2016/1935,http://eur-lex.europa.eu/legal-content/EN/ALL/?uri=CELEX:32016R1935,EU-0014042-0000,No,https://echa.europa.eu/information-on-chemicals/biocidal-active-substances/-/disas/factsheet/1255/PT03,47,100.013.762,https://echa.europa.eu/substance-information/-/substanceinfo/100.013.762
Calcium magnesium oxide/dolomitic lime,253-425-0,37247-91-9,1257,PT02-Disinfectants and algaecides not intended for direct application to humans or animals,true,false,false,0,01/05/2018,30/04/2028,United Kingdom,Approved,,,Reg. (EU)2016/1932,http://eur-lex.europa.eu/legal-content/EN/ALL/?uri=CELEX:32016R1932,EU-0014039-0000,No,https://echa.europa.eu/information-on-chemicals/biocidal-active-substances/-/disas/factsheet/1257/PT02,1,100.048.551,https://echa.europa.eu/substance-information/-/substanceinfo/100.048.551
Calcium magnesium oxide/dolomitic lime,253-425-0,37247-91-9,1257,PT03-Veterinary hygiene,true,false,false,0,01/05/2018,30/04/2028,United Kingdom,Approved,,,Reg. (EU)2016/1932,http://eur-lex.europa.eu/legal-content/EN/ALL/?uri=CELEX:32016R1932,EU-0014043-0000,No,https://echa.europa.eu/information-on-chemicals/biocidal-active-substances/-/disas/factsheet/1257/PT03,1,100.048.551,https://echa.europa.eu/substance-information/-/substanceinfo/100.048.551
Calcium magnesium tetrahydroxide/calcium magnesium hydroxide/hydrated dolomitic lime,254-454-1,39445-23-3,1258,PT02-Disinfectants and algaecides not intended for direct application to humans or animals,true,false,false,0,01/05/2018,30/04/2028,United Kingdom,Approved,,,Reg.(EU)2016/1933,http://eur-lex.europa.eu/legal-content/EN/ALL/?uri=CELEX:32016R1933,EU-0014040-0000,No,https://echa.europa.eu/information-on-chemicals/biocidal-active-substances/-/disas/factsheet/1258/PT02,0,100.049.486,https://echa.europa.eu/substance-information/-/substanceinfo/100.049.486
Calcium magnesium tetrahydroxide/calcium magnesium hydroxide/hydrated dolomitic lime,254-454-1,39445-23-3,1258,PT03-Veterinary hygiene,true,false,false,0,01/05/2018,30/04/2028,United Kingdom,Approved,,,Reg.(EU)2016/1933,http://eur-lex.europa.eu/legal-content/EN/ALL/?uri=CELEX:32016R1933,EU-0014045-0000,No,https://echa.europa.eu/information-on-chemicals/biocidal-active-substances/-/disas/factsheet/1258/PT03,0,100.049.486,https://echa.europa.eu/substance-information/-/substanceinfo/100.049.486
Calcium oxide/lime/burnt lime/quicklime,215-138-9,1305-78-8,1259,PT02-Disinfectants and algaecides not intended for direct application to humans or animals,true,false,false,0,01/05/2018,30/04/2028,United Kingdom,Approved,,,Reg. (EU)2016/1936,http://eur-lex.europa.eu/legal-content/EN/ALL/?uri=CELEX:32016R1936,EU-0014041-0000,No,https://echa.europa.eu/information-on-chemicals/biocidal-active-substances/-/disas/factsheet/1259/PT02,15,100.013.763,https://echa.europa.eu/substance-information/-/substanceinfo/100.013.763
Calcium oxide/lime/burnt lime/quicklime,215-138-9,1305-78-8,1259,PT03-Veterinary hygiene,true,false,false,0,01/05/2018,30/04/2028,United Kingdom,Approved,,,Reg. (EU)2016/1936,http://eur-lex.europa.eu/legal-content/EN/ALL/?uri=CELEX:32016R1936,EU-0014044-0000,No,https://echa.europa.eu/information-on-chemicals/biocidal-active-substances/-/disas/factsheet/1259/PT03,13,100.013.763,https://echa.europa.eu/substance-information/-/substanceinfo/100.013.763
"Capsicum annuum, ext.",283-403-6,84625-29-6,2344,PT19-Repellents and attractants,true,false,false,0,,,-,No longer supported,,,Decision (EU) 2021/1283     ,http://eur-lex.europa.eu/legal-content/EN/ALL/?uri=CELEX:32021D1283,-,Under assessment,https://echa.europa.eu/information-on-chemicals/biocidal-active-substances/-/disas/factsheet/2344/PT19,0,100.075.795,https://echa.europa.eu/substance-information/-/substanceinfo/100.075.795
Capsicum oleoresin,-,8023-77-6,2346,PT19-Repellents and attractants,true,false,false,0,,,-,No longer supported,,,Decision (EU) 2021/1283     ,http://eur-lex.europa.eu/legal-content/EN/ALL/?uri=CELEX:32021D1283,-,Under assessment,https://echa.europa.eu/information-on-chemicals/biocidal-active-substances/-/disas/factsheet/2346/PT19,0,100.128.130,https://echa.europa.eu/substance-information/-/substanceinfo/100.128.130
Carbendazim,234-232-0,10605-21-7,1260,PT07-Film preservatives,true,false,false,0,01/02/2022,31/01/2025,Germany,Expired,,,Regulation (EU) 2021/348,http://eur-lex.europa.eu/legal-content/EN/ALL/?uri=CELEX:32021R0348,EU-0018988-0000,Yes,https://echa.europa.eu/information-on-chemicals/biocidal-active-substances/-/disas/factsheet/1260/PT07,0,100.031.108,https://echa.europa.eu/substance-information/-/substanceinfo/100.031.108
Carbendazim,234-232-0,10605-21-7,1260,"PT09-Fibre, leather, rubber and polymerised materials preservatives",true,false,false,0,,,Germany,Not approved,,,Decision (EU) 2019/1942 ,http://eur-lex.europa.eu/legal-content/EN/ALL/?uri=CELEX:32019D1942,-,Yes,https://echa.europa.eu/information-on-chemicals/biocidal-active-substances/-/disas/factsheet/1260/PT09,0,100.031.108,https://echa.europa.eu/substance-information/-/substanceinfo/100.031.108
Carbendazim,234-232-0,10605-21-7,1260,PT10-Construction material preservatives,true,false,false,0,01/02/2022,31/01/2025,Germany,Expired,,,Regulation (EU) 2021/348,http://eur-lex.europa.eu/legal-content/EN/ALL/?uri=CELEX:32021R0348,EU-0018990-0000,Yes,https://echa.europa.eu/information-on-chemicals/biocidal-active-substances/-/disas/factsheet/1260/PT10,0,100.031.108,https://echa.europa.eu/substance-information/-/substanceinfo/100.031.108
Carbon dioxide,204-696-9,124-38-9,13,PT14-Rodenticides,true,false,false,6,01/11/2009,31/10/2019,France,Expired,,,Directive 2008/75/EC,http://eur-lex.europa.eu/legal-content/EN/ALL/?uri=CELEX:32008L0075,EU-0005356-0000,Under assessment,https://echa.europa.eu/information-on-chemicals/biocidal-active-substances/-/disas/factsheet/13/PT14,3,100.004.271,https://echa.europa.eu/substance-information/-/substanceinfo/100.004.271
Carbon dioxide,204-696-9,124-38-9,13,PT15-Avicides,false,true,false,6,01/06/2015,31/05/2025,Netherlands,Expired,,,(EU) 2015/292 ,http://eur-lex.europa.eu/legal-content/EN/ALL/?uri=CELEX:32015R0292,EU-0011982-0000,No,https://echa.europa.eu/information-on-chemicals/biocidal-active-substances/-/disas/factsheet/13/PT15,2,100.004.271,https://echa.europa.eu/substance-information/-/substanceinfo/100.004.271
Carbon dioxide,204-696-9,124-38-9,13,"PT18-Insecticides, acaricides and products to control other arthropods",true,false,false,6,01/11/2012,31/10/2022,France,Expired,,,Directive 2010/74/EU,http://eur-lex.europa.eu/legal-content/EN/ALL/?uri=CELEX:32010L0074,EU-0005355-0000,Under assessment,https://echa.europa.eu/information-on-chemicals/biocidal-active-substances/-/disas/factsheet/13/PT18,1,100.004.271,https://echa.europa.eu/substance-information/-/substanceinfo/100.004.271
Carbon dioxide,204-696-9,124-38-9,13,,false,,true,6,01/09/2013,,-,Approved,,,Regulation (EU) 528/2012 Annex I,http://eur-lex.europa.eu/legal-content/EN/ALL/?uri=CELEX:32012R0528,EU-0012348-0000,,https://echa.europa.eu/information-on-chemicals/biocidal-active-substances/-/disas/factsheet/13/null,8,100.004.271,https://echa.europa.eu/substance-information/-/substanceinfo/100.004.271
"Carbon dioxide generated from propane, butane or a mixture of both by combustion",-,-,1463,,false,,true,6,03/10/2021,,-,Approved,,,REGULATION (EU) 2021/806,http://eur-lex.europa.eu/legal-content/EN/ALL/?uri=CELEX:32021R0806,EU-0027589-0000,,https://echa.europa.eu/information-on-chemicals/biocidal-active-substances/-/disas/factsheet/1463/null,2,100.357.430,https://echa.europa.eu/substance-information/-/substanceinfo/100.357.430
Cetylpyridinium chloride,204-593-9,123-03-5,1262,PT02-Disinfectants and algaecides not intended for direct application to humans or animals,true,false,false,0,,,United Kingdom,No longer supported,,,Decision (EU) 2018/1622 ,http://eur-lex.europa.eu/legal-content/EN/ALL/?uri=CELEX:32018D1622,-,Under assessment,https://echa.europa.eu/information-on-chemicals/biocidal-active-substances/-/disas/factsheet/1262/PT02,0,100.004.177,https://echa.europa.eu/substance-information/-/substanceinfo/100.004.177
chabazite,-,-,2563,,false,,true,1,,,France,,Initial application for approval in progress,Competent authority evaluation,,,-,,https://echa.europa.eu/information-on-chemicals/biocidal-active-substances/-/disas/factsheet/2563/null,0,100.427.967,https://echa.europa.eu/substance-information/-/substanceinfo/100.427.967
Cheese,-,-,2325,,false,,true,4,08/08/2019,,-,Approved,,,Regulation (EU) (EU) 2019/1824,http://eur-lex.europa.eu/legal-content/EN/ALL/?uri=CELEX:32019R1824,EU-0025425-0000,,https://echa.europa.eu/information-on-chemicals/biocidal-active-substances/-/disas/factsheet/2325/null,0,100.316.319,https://echa.europa.eu/substance-information/-/substanceinfo/100.316.319
Chloramin B,204-847-9,127-52-6,1263,PT02-Disinfectants and algaecides not intended for direct application to humans or animals,false,true,false,0,,,Czechia,No longer supported,,,COMMISSION IMPLEMENTING DECISION (EU) 2022/2327,http://eur-lex.europa.eu/legal-content/EN/ALL/?uri=CELEX:32022D2327,-,Under assessment,https://echa.europa.eu/information-on-chemicals/biocidal-active-substances/-/disas/factsheet/1263/PT02,0,100.004.408,https://echa.europa.eu/substance-information/-/substanceinfo/100.004.408
Chloramin B,204-847-9,127-52-6,1263,PT03-Veterinary hygiene,false,true,false,0,,,Czechia,No longer supported,,,COMMISSION IMPLEMENTING DECISION (EU) 2022/2327,http://eur-lex.europa.eu/legal-content/EN/ALL/?uri=CELEX:32022D2327,-,Under assessment,https://echa.europa.eu/information-on-chemicals/biocidal-active-substances/-/disas/factsheet/1263/PT03,0,100.004.408,https://echa.europa.eu/substance-information/-/substanceinfo/100.004.408
Chloramin B,204-847-9,127-52-6,1263,PT04-Food and feed area,false,true,false,0,,,Czechia,No longer supported,,,COMMISSION IMPLEMENTING DECISION (EU) 2022/2327,http://eur-lex.europa.eu/legal-content/EN/ALL/?uri=CELEX:32022D2327,-,Under assessment,https://echa.europa.eu/information-on-chemicals/biocidal-active-substances/-/disas/factsheet/1263/PT04,0,100.004.408,https://echa.europa.eu/substance-information/-/substanceinfo/100.004.408
Chloramin B,204-847-9,127-52-6,1263,PT05-Drinking water,false,true,false,0,,,Czechia,No longer supported,,,COMMISSION IMPLEMENTING DECISION (EU) 2022/2327,http://eur-lex.europa.eu/legal-content/EN/ALL/?uri=CELEX:32022D2327,-,Under assessment,https://echa.europa.eu/information-on-chemicals/biocidal-active-substances/-/disas/factsheet/1263/PT05,0,100.004.408,https://echa.europa.eu/substance-information/-/substanceinfo/100.004.408
chlorine dioxide,233-162-8,10049-04-4,1477,PT02-Disinfectants and algaecides not intended for direct application to humans or animals,true,false,false,0,,,Germany,,Initial application for approval in progress,Competent authority evaluation,,,-,Under assessment,https://echa.europa.eu/information-on-chemicals/biocidal-active-substances/-/disas/factsheet/1477/PT02,0,100.030.135,https://echa.europa.eu/substance-information/-/substanceinfo/100.030.135
Chlorine dioxide,233-162-8,10049-04-4,2363,PT02-Disinfectants and algaecides not intended for direct application to humans or animals,true,false,false,0,,,Germany,No longer supported,,,,,-,Under assessment,https://echa.europa.eu/information-on-chemicals/biocidal-active-substances/-/disas/factsheet/2363/PT02,0,100.030.135,https://echa.europa.eu/substance-information/-/substanceinfo/100.030.135
chlorine dioxide,233-162-8,10049-04-4,1477,PT03-Veterinary hygiene,true,false,false,0,,,Germany,,Initial application for approval in progress,Competent authority evaluation,,,-,Under assessment,https://echa.europa.eu/information-on-chemicals/biocidal-active-substances/-/disas/factsheet/1477/PT03,0,100.030.135,https://echa.europa.eu/substance-information/-/substanceinfo/100.030.135
Chlorine dioxide,233-162-8,10049-04-4,2363,PT03-Veterinary hygiene,true,false,false,0,,,Germany,No longer supported,,,,,-,Under assessment,https://echa.europa.eu/information-on-chemicals/biocidal-active-substances/-/disas/factsheet/2363/PT03,0,100.030.135,https://echa.europa.eu/substance-information/-/substanceinfo/100.030.135
chlorine dioxide,233-162-8,10049-04-4,1477,PT04-Food and feed area,true,false,false,0,,,Germany,,Initial application for approval in progress,Competent authority evaluation,,,-,Under assessment,https://echa.europa.eu/information-on-chemicals/biocidal-active-substances/-/disas/factsheet/1477/PT04,0,100.030.135,https://echa.europa.eu/substance-information/-/substanceinfo/100.030.135
Chlorine dioxide,233-162-8,10049-04-4,2363,PT04-Food and feed area,true,false,false,0,,,Germany,No longer supported,,,,,-,Under assessment,https://echa.europa.eu/information-on-chemicals/biocidal-active-substances/-/disas/factsheet/2363/PT04,0,100.030.135,https://echa.europa.eu/substance-information/-/substanceinfo/100.030.135
chlorine dioxide,233-162-8,10049-04-4,1477,PT05-Drinking water,true,false,false,0,,,Germany,,Initial application for approval in progress,Competent authority evaluation,,,-,Under assessment,https://echa.europa.eu/information-on-chemicals/biocidal-active-substances/-/disas/factsheet/1477/PT05,0,100.030.135,https://echa.europa.eu/substance-information/-/substanceinfo/100.030.135
Chlorine dioxide,233-162-8,10049-04-4,2363,PT05-Drinking water,true,false,false,0,,,Germany,No longer supported,,,,,-,Under assessment,https://echa.europa.eu/information-on-chemicals/biocidal-active-substances/-/disas/factsheet/2363/PT05,0,100.030.135,https://echa.europa.eu/substance-information/-/substanceinfo/100.030.135
chlorine dioxide,233-162-8,10049-04-4,1477,PT11-Preservatives for liquid-cooling and processing systems,true,false,false,0,,,Germany,,Initial application for approval in progress,Competent authority evaluation,,,-,Under assessment,https://echa.europa.eu/information-on-chemicals/biocidal-active-substances/-/disas/factsheet/1477/PT11,0,100.030.135,https://echa.europa.eu/substance-information/-/substanceinfo/100.030.135
Chlorine dioxide,233-162-8,10049-04-4,2363,PT11-Preservatives for liquid-cooling and processing systems,true,false,false,0,,,Germany,No longer supported,,,,,-,Under assessment,https://echa.europa.eu/information-on-chemicals/biocidal-active-substances/-/disas/factsheet/2363/PT11,0,100.030.135,https://echa.europa.eu/substance-information/-/substanceinfo/100.030.135
chlorine dioxide,233-162-8,10049-04-4,1477,PT12-Slimicides,true,false,false,0,,,Germany,No longer supported,,,Commission Implementing Decision (EU) 2025/1262,http://eur-lex.europa.eu/legal-content/EN/ALL/?uri=CELEX:32025D1262,-,Under assessment,https://echa.europa.eu/information-on-chemicals/biocidal-active-substances/-/disas/factsheet/1477/PT12,0,100.030.135,https://echa.europa.eu/substance-information/-/substanceinfo/100.030.135
chlorine dioxide generated from sodium chlorate and hydrochloric acid,-,-,2603,PT11-Preservatives for liquid-cooling and processing systems,true,false,false,0,,,-,,Initial application for approval in progress,Notified,,,-,Under assessment,https://echa.europa.eu/information-on-chemicals/biocidal-active-substances/-/disas/factsheet/2603/PT11,0,100.442.271,https://echa.europa.eu/substance-information/-/substanceinfo/100.442.271
chlorine dioxide generated from sodium chlorate and hydrochloric acid,-,-,2603,PT12-Slimicides,true,false,false,0,,,-,,Initial application for approval in progress,Notified,,,-,Under assessment,https://echa.europa.eu/information-on-chemicals/biocidal-active-substances/-/disas/factsheet/2603/PT12,0,100.442.271,https://echa.europa.eu/substance-information/-/substanceinfo/100.442.271
Chlorine dioxide generated from sodium chlorate and hydrogen peroxide in the presence of a strong acid,-,-,1457,PT02-Disinfectants and algaecides not intended for direct application to humans or animals,true,false,false,0,,,Portugal,,Initial application for approval in progress,Competent authority evaluation,,,-,Under assessment,https://echa.europa.eu/information-on-chemicals/biocidal-active-substances/-/disas/factsheet/1457/PT02,0,100.357.330,https://echa.europa.eu/substance-information/-/substanceinfo/100.357.330
Chlorine dioxide generated from sodium chlorate and hydrogen peroxide in the presence of a strong acid,-,-,1457,PT03-Veterinary hygiene,true,false,false,0,,,Portugal,Cancelled application,,,,,-,Under assessment,https://echa.europa.eu/information-on-chemicals/biocidal-active-substances/-/disas/factsheet/1457/PT03,0,100.357.330,https://echa.europa.eu/substance-information/-/substanceinfo/100.357.330
Chlorine dioxide generated from sodium chlorate and hydrogen peroxide in the presence of a strong acid,-,-,1457,PT04-Food and feed area,true,false,false,0,,,Portugal,Cancelled application,,,,,-,Under assessment,https://echa.europa.eu/information-on-chemicals/biocidal-active-substances/-/disas/factsheet/1457/PT04,0,100.357.330,https://echa.europa.eu/substance-information/-/substanceinfo/100.357.330
Chlorine dioxide generated from sodium chlorate and hydrogen peroxide in the presence of a strong acid,-,-,1457,PT05-Drinking water,true,false,false,0,,,Portugal,,Initial application for approval in progress,Competent authority evaluation,,,-,Under assessment,https://echa.europa.eu/information-on-chemicals/biocidal-active-substances/-/disas/factsheet/1457/PT05,0,100.357.330,https://echa.europa.eu/substance-information/-/substanceinfo/100.357.330
Chlorine dioxide generated from sodium chlorate and hydrogen peroxide in the presence of a strong acid,-,-,1457,PT11-Preservatives for liquid-cooling and processing systems,true,false,false,0,,,Portugal,,Initial application for approval in progress,Competent authority evaluation,,,-,Under assessment,https://echa.europa.eu/information-on-chemicals/biocidal-active-substances/-/disas/factsheet/1457/PT11,0,100.357.330,https://echa.europa.eu/substance-information/-/substanceinfo/100.357.330
Chlorine dioxide generated from sodium chlorate and hydrogen peroxide in the presence of a strong acid,-,-,1457,PT12-Slimicides,true,false,false,0,,,Portugal,,Initial application for approval in progress,Competent authority evaluation,,,-,Under assessment,https://echa.europa.eu/information-on-chemicals/biocidal-active-substances/-/disas/factsheet/1457/PT12,0,100.357.330,https://echa.europa.eu/substance-information/-/substanceinfo/100.357.330
chlorine dioxide generated from sodium chlorate and sulfuric acid and methanol,-,-,2583,PT11-Preservatives for liquid-cooling and processing systems,true,false,false,0,,,Germany,,Initial application for approval in progress,Competent authority evaluation,,,-,Under assessment,https://echa.europa.eu/information-on-chemicals/biocidal-active-substances/-/disas/factsheet/2583/PT11,0,100.428.967,https://echa.europa.eu/substance-information/-/substanceinfo/100.428.967
chlorine dioxide generated from sodium chlorate and sulfuric acid and methanol,-,-,2583,PT12-Slimicides,true,false,false,0,,,Germany,,Initial application for approval in progress,Competent authority evaluation,,,-,Under assessment,https://echa.europa.eu/information-on-chemicals/biocidal-active-substances/-/disas/factsheet/2583/PT12,0,100.428.967,https://echa.europa.eu/substance-information/-/substanceinfo/100.428.967
Chlorine dioxide generated from sodium chloride by electrolysis,-,-,2303,PT02-Disinfectants and algaecides not intended for direct application to humans or animals,true,false,false,0,,,-,No longer supported,,,Decision (EU) 2020/1036 ,http://eur-lex.europa.eu/legal-content/EN/ALL/?uri=CELEX:32020D1036,-,Under assessment,https://echa.europa.eu/information-on-chemicals/biocidal-active-substances/-/disas/factsheet/2303/PT02,0,100.309.819,https://echa.europa.eu/substance-information/-/substanceinfo/100.309.819
Chlorine dioxide generated from sodium chloride by electrolysis,-,-,2303,PT03-Veterinary hygiene,true,false,false,0,,,-,No longer supported,,,Decision (EU) 2020/1036 ,http://eur-lex.europa.eu/legal-content/EN/ALL/?uri=CELEX:32020D1036,-,Under assessment,https://echa.europa.eu/information-on-chemicals/biocidal-active-substances/-/disas/factsheet/2303/PT03,0,100.309.819,https://echa.europa.eu/substance-information/-/substanceinfo/100.309.819
Chlorine dioxide generated from sodium chloride by electrolysis,-,-,2303,PT04-Food and feed area,true,false,false,0,,,-,No longer supported,,,Decision (EU) 2020/1036 ,http://eur-lex.europa.eu/legal-content/EN/ALL/?uri=CELEX:32020D1036,-,Under assessment,https://echa.europa.eu/information-on-chemicals/biocidal-active-substances/-/disas/factsheet/2303/PT04,0,100.309.819,https://echa.europa.eu/substance-information/-/substanceinfo/100.309.819
Chlorine dioxide generated from sodium chloride by electrolysis,-,-,2303,PT05-Drinking water,true,false,false,0,,,-,No longer supported,,,Decision (EU) 2020/1036 ,http://eur-lex.europa.eu/legal-content/EN/ALL/?uri=CELEX:32020D1036,-,Under assessment,https://echa.europa.eu/information-on-chemicals/biocidal-active-substances/-/disas/factsheet/2303/PT05,0,100.309.819,https://echa.europa.eu/substance-information/-/substanceinfo/100.309.819
Chlorine dioxide generated from sodium chloride by electrolysis,-,-,2303,PT11-Preservatives for liquid-cooling and processing systems,true,false,false,0,,,-,No longer supported,,,Decision (EU) 2020/1036 ,http://eur-lex.europa.eu/legal-content/EN/ALL/?uri=CELEX:32020D1036,-,Under assessment,https://echa.europa.eu/information-on-chemicals/biocidal-active-substances/-/disas/factsheet/2303/PT11,0,100.309.819,https://echa.europa.eu/substance-information/-/substanceinfo/100.309.819
Chlorine dioxide generated from sodium chloride by electrolysis,-,-,2303,PT12-Slimicides,true,false,false,0,,,-,No longer supported,,,Decision (EU) 2020/1036 ,http://eur-lex.europa.eu/legal-content/EN/ALL/?uri=CELEX:32020D1036,-,Under assessment,https://echa.europa.eu/information-on-chemicals/biocidal-active-substances/-/disas/factsheet/2303/PT12,0,100.309.819,https://echa.europa.eu/substance-information/-/substanceinfo/100.309.819
Chlorine dioxide generated from sodium chlorite and sodium persulfate,-,-,2103,PT02-Disinfectants and algaecides not intended for direct application to humans or animals,true,false,false,0,,,-,No longer supported,,,Decision (EU) 2021/1283     ,http://eur-lex.europa.eu/legal-content/EN/ALL/?uri=CELEX:32021D1283,-,Under assessment,https://echa.europa.eu/information-on-chemicals/biocidal-active-substances/-/disas/factsheet/2103/PT02,0,100.357.332,https://echa.europa.eu/substance-information/-/substanceinfo/100.357.332
Chlorine dioxide generated from sodium chlorite and sodium persulfate,-,-,2103,PT03-Veterinary hygiene,true,false,false,0,,,-,No longer supported,,,Decision (EU) 2021/1283     ,http://eur-lex.europa.eu/legal-content/EN/ALL/?uri=CELEX:32021D1283,-,Under assessment,https://echa.europa.eu/information-on-chemicals/biocidal-active-substances/-/disas/factsheet/2103/PT03,0,100.357.332,https://echa.europa.eu/substance-information/-/substanceinfo/100.357.332
Chlorine dioxide generated from sodium chlorite and sodium persulfate,-,-,2103,PT04-Food and feed area,true,false,false,0,,,-,No longer supported,,,Decision (EU) 2021/1283     ,http://eur-lex.europa.eu/legal-content/EN/ALL/?uri=CELEX:32021D1283,-,Under assessment,https://echa.europa.eu/information-on-chemicals/biocidal-active-substances/-/disas/factsheet/2103/PT04,0,100.357.332,https://echa.europa.eu/substance-information/-/substanceinfo/100.357.332
Chlorine dioxide generated from sodium chlorite and sodium persulfate,-,-,2103,PT05-Drinking water,true,false,false,0,,,-,No longer supported,,,Decision (EU) 2021/1283     ,http://eur-lex.europa.eu/legal-content/EN/ALL/?uri=CELEX:32021D1283,-,Under assessment,https://echa.europa.eu/information-on-chemicals/biocidal-active-substances/-/disas/factsheet/2103/PT05,0,100.357.332,https://echa.europa.eu/substance-information/-/substanceinfo/100.357.332
Chlorine dioxide generated from sodium chlorite and sodium persulfate,-,-,2103,PT11-Preservatives for liquid-cooling and processing systems,true,false,false,0,,,-,No longer supported,,,Decision (EU) 2021/1283     ,http://eur-lex.europa.eu/legal-content/EN/ALL/?uri=CELEX:32021D1283,-,Under assessment,https://echa.europa.eu/information-on-chemicals/biocidal-active-substances/-/disas/factsheet/2103/PT11,0,100.357.332,https://echa.europa.eu/substance-information/-/substanceinfo/100.357.332
Chlorine dioxide generated from sodium chlorite and sodium persulfate,-,-,2103,PT12-Slimicides,true,false,false,0,,,-,No longer supported,,,Decision (EU) 2020/1036 ,http://eur-lex.europa.eu/legal-content/EN/ALL/?uri=CELEX:32020D1036,-,Under assessment,https://echa.europa.eu/information-on-chemicals/biocidal-active-substances/-/disas/factsheet/2103/PT12,0,100.357.332,https://echa.europa.eu/substance-information/-/substanceinfo/100.357.332
Chlorine dioxide generated from sodium chlorite by acidification,-,-,1455,PT02-Disinfectants and algaecides not intended for direct application to humans or animals,true,false,false,0,,,Portugal,,Initial application for approval in progress,Competent authority evaluation,,,-,Under assessment,https://echa.europa.eu/information-on-chemicals/biocidal-active-substances/-/disas/factsheet/1455/PT02,0,100.357.323,https://echa.europa.eu/substance-information/-/substanceinfo/100.357.323
Chlorine dioxide generated from sodium chlorite by acidification,-,-,1455,PT03-Veterinary hygiene,true,false,false,0,,,Portugal,,Initial application for approval in progress,Competent authority evaluation,,,-,Under assessment,https://echa.europa.eu/information-on-chemicals/biocidal-active-substances/-/disas/factsheet/1455/PT03,0,100.357.323,https://echa.europa.eu/substance-information/-/substanceinfo/100.357.323
Chlorine dioxide generated from sodium chlorite by acidification,-,-,1455,PT04-Food and feed area,true,false,false,0,,,Portugal,,Initial application for approval in progress,Competent authority evaluation,,,-,Under assessment,https://echa.europa.eu/information-on-chemicals/biocidal-active-substances/-/disas/factsheet/1455/PT04,0,100.357.323,https://echa.europa.eu/substance-information/-/substanceinfo/100.357.323
Chlorine dioxide generated from sodium chlorite by acidification,-,-,1455,PT05-Drinking water,true,false,false,0,,,Portugal,,Initial application for approval in progress,Competent authority evaluation,,,-,Under assessment,https://echa.europa.eu/information-on-chemicals/biocidal-active-substances/-/disas/factsheet/1455/PT05,0,100.357.323,https://echa.europa.eu/substance-information/-/substanceinfo/100.357.323
Chlorine dioxide generated from sodium chlorite by acidification,-,-,1455,"PT09-Fibre, leather, rubber and polymerised materials preservatives",false,true,false,0,,,Germany,,Initial application for approval in progress,Competent authority evaluation,,,-,Under assessment,https://echa.europa.eu/information-on-chemicals/biocidal-active-substances/-/disas/factsheet/1455/PT09,0,100.357.323,https://echa.europa.eu/substance-information/-/substanceinfo/100.357.323
Chlorine dioxide generated from sodium chlorite by acidification,-,-,1455,PT11-Preservatives for liquid-cooling and processing systems,true,false,false,0,,,Portugal,,Initial application for approval in progress,Competent authority evaluation,,,-,Under assessment,https://echa.europa.eu/information-on-chemicals/biocidal-active-substances/-/disas/factsheet/1455/PT11,0,100.357.323,https://echa.europa.eu/substance-information/-/substanceinfo/100.357.323
Chlorine dioxide generated from sodium chlorite by acidification,-,-,1455,PT12-Slimicides,true,false,false,0,,,Portugal,,Initial application for approval in progress,Competent authority evaluation,,,-,Under assessment,https://echa.europa.eu/information-on-chemicals/biocidal-active-substances/-/disas/factsheet/1455/PT12,0,100.357.323,https://echa.europa.eu/substance-information/-/substanceinfo/100.357.323
Chlorine dioxide generated from sodium chlorite by electrolysis,-,-,1266,PT02-Disinfectants and algaecides not intended for direct application to humans or animals,true,false,false,0,,,Portugal,,Initial application for approval in progress,Competent authority evaluation,,,-,Under assessment,https://echa.europa.eu/information-on-chemicals/biocidal-active-substances/-/disas/factsheet/1266/PT02,0,100.356.370,https://echa.europa.eu/substance-information/-/substanceinfo/100.356.370
Chlorine dioxide generated from sodium chlorite by electrolysis,-,-,1266,PT03-Veterinary hygiene,true,false,false,0,,,Portugal,,Initial application for approval in progress,Competent authority evaluation,,,-,Under assessment,https://echa.europa.eu/information-on-chemicals/biocidal-active-substances/-/disas/factsheet/1266/PT03,0,100.356.370,https://echa.europa.eu/substance-information/-/substanceinfo/100.356.370
Chlorine dioxide generated from sodium chlorite by electrolysis,-,-,1266,PT04-Food and feed area,true,false,false,0,,,Portugal,,Initial application for approval in progress,Competent authority evaluation,,,-,Under assessment,https://echa.europa.eu/information-on-chemicals/biocidal-active-substances/-/disas/factsheet/1266/PT04,0,100.356.370,https://echa.europa.eu/substance-information/-/substanceinfo/100.356.370
Chlorine dioxide generated from sodium chlorite by electrolysis,-,-,1266,PT05-Drinking water,true,false,false,0,,,Portugal,,Initial application for approval in progress,Competent authority evaluation,,,-,Under assessment,https://echa.europa.eu/information-on-chemicals/biocidal-active-substances/-/disas/factsheet/1266/PT05,0,100.356.370,https://echa.europa.eu/substance-information/-/substanceinfo/100.356.370
Chlorine dioxide generated from sodium chlorite by electrolysis,-,-,1266,PT11-Preservatives for liquid-cooling and processing systems,true,false,false,0,,,Portugal,,Initial application for approval in progress,Competent authority evaluation,,,-,Under assessment,https://echa.europa.eu/information-on-chemicals/biocidal-active-substances/-/disas/factsheet/1266/PT11,0,100.356.370,https://echa.europa.eu/substance-information/-/substanceinfo/100.356.370
Chlorine dioxide generated from sodium chlorite by electrolysis,-,-,1266,PT12-Slimicides,true,false,false,0,,,Portugal,,Initial application for approval in progress,Competent authority evaluation,,,-,Under assessment,https://echa.europa.eu/information-on-chemicals/biocidal-active-substances/-/disas/factsheet/1266/PT12,0,100.356.370,https://echa.europa.eu/substance-information/-/substanceinfo/100.356.370
Chlorine dioxide generated from sodium chlorite by oxidation,-,-,1456,PT02-Disinfectants and algaecides not intended for direct application to humans or animals,true,false,false,0,,,Portugal,,Initial application for approval in progress,Competent authority evaluation,,,-,Under assessment,https://echa.europa.eu/information-on-chemicals/biocidal-active-substances/-/disas/factsheet/1456/PT02,0,100.357.324,https://echa.europa.eu/substance-information/-/substanceinfo/100.357.324
Chlorine dioxide generated from sodium chlorite by oxidation,-,-,1456,PT03-Veterinary hygiene,true,false,false,0,,,Portugal,,Initial application for approval in progress,Competent authority evaluation,,,-,Under assessment,https://echa.europa.eu/information-on-chemicals/biocidal-active-substances/-/disas/factsheet/1456/PT03,0,100.357.324,https://echa.europa.eu/substance-information/-/substanceinfo/100.357.324
Chlorine dioxide generated from sodium chlorite by oxidation,-,-,1456,PT04-Food and feed area,true,false,false,0,,,Portugal,,Initial application for approval in progress,Competent authority evaluation,,,-,Under assessment,https://echa.europa.eu/information-on-chemicals/biocidal-active-substances/-/disas/factsheet/1456/PT04,0,100.357.324,https://echa.europa.eu/substance-information/-/substanceinfo/100.357.324
Chlorine dioxide generated from sodium chlorite by oxidation,-,-,1456,PT05-Drinking water,true,false,false,0,,,Portugal,,Initial application for approval in progress,Competent authority evaluation,,,-,Under assessment,https://echa.europa.eu/information-on-chemicals/biocidal-active-substances/-/disas/factsheet/1456/PT05,0,100.357.324,https://echa.europa.eu/substance-information/-/substanceinfo/100.357.324
Chlorine dioxide generated from sodium chlorite by oxidation,-,-,1456,PT11-Preservatives for liquid-cooling and processing systems,true,false,false,0,,,Portugal,,Initial application for approval in progress,Competent authority evaluation,,,-,Under assessment,https://echa.europa.eu/information-on-chemicals/biocidal-active-substances/-/disas/factsheet/1456/PT11,0,100.357.324,https://echa.europa.eu/substance-information/-/substanceinfo/100.357.324
Chlorine dioxide generated from sodium chlorite by oxidation,-,-,1456,PT12-Slimicides,true,false,false,0,,,Portugal,,Initial application for approval in progress,Competent authority evaluation,,,-,Under assessment,https://echa.europa.eu/information-on-chemicals/biocidal-active-substances/-/disas/factsheet/1456/PT12,0,100.357.324,https://echa.europa.eu/substance-information/-/substanceinfo/100.357.324
Chlorine dioxide generated from Tetrachlorodecaoxide complex (TCDO) by acidification,-,-,1397,PT01-Human hygiene,true,false,false,0,,,Germany,No longer supported,,,Decision (EU) 2018/1622 ,http://eur-lex.europa.eu/legal-content/EN/ALL/?uri=CELEX:32018D1622,-,Under assessment,https://echa.europa.eu/information-on-chemicals/biocidal-active-substances/-/disas/factsheet/1397/PT01,0,100.357.449,https://echa.europa.eu/substance-information/-/substanceinfo/100.357.449
Chlorine dioxide generated from Tetrachlorodecaoxide complex (TCDO) by acidification,-,-,1397,PT02-Disinfectants and algaecides not intended for direct application to humans or animals,true,false,false,0,,,Germany,,Initial application for approval in progress,Notified,,,-,Under assessment,https://echa.europa.eu/information-on-chemicals/biocidal-active-substances/-/disas/factsheet/1397/PT02,0,100.357.449,https://echa.europa.eu/substance-information/-/substanceinfo/100.357.449
Chlorine dioxide generated from Tetrachlorodecaoxide complex (TCDO) by acidification,-,-,1397,PT04-Food and feed area,true,false,false,0,,,Germany,,Initial application for approval in progress,Notified,,,-,Under assessment,https://echa.europa.eu/information-on-chemicals/biocidal-active-substances/-/disas/factsheet/1397/PT04,0,100.357.449,https://echa.europa.eu/substance-information/-/substanceinfo/100.357.449
Chlorocresol,200-431-6,59-50-7,1267,PT01-Human hygiene,true,false,false,0,01/05/2018,30/04/2028,France,Approved,,,Reg. (EU)2016/1930,http://eur-lex.europa.eu/legal-content/EN/ALL/?uri=CELEX:32016R1930,EU-0016151-0000,No,https://echa.europa.eu/information-on-chemicals/biocidal-active-substances/-/disas/factsheet/1267/PT01,0,100.000.392,https://echa.europa.eu/substance-information/-/substanceinfo/100.000.392
Chlorocresol,200-431-6,59-50-7,1267,PT02-Disinfectants and algaecides not intended for direct application to humans or animals,true,false,false,0,01/05/2018,30/04/2028,France,Approved,,,Reg. (EU)2016/1930,http://eur-lex.europa.eu/legal-content/EN/ALL/?uri=CELEX:32016R1930,EU-0016161-0000,No,https://echa.europa.eu/information-on-chemicals/biocidal-active-substances/-/disas/factsheet/1267/PT02,6,100.000.392,https://echa.europa.eu/substance-information/-/substanceinfo/100.000.392
Chlorocresol,200-431-6,59-50-7,1267,PT03-Veterinary hygiene,true,false,false,0,01/05/2018,30/04/2028,France,Approved,,,Reg. (EU)2016/1930,http://eur-lex.europa.eu/legal-content/EN/ALL/?uri=CELEX:32016R1930,EU-0016159-0000,No,https://echa.europa.eu/information-on-chemicals/biocidal-active-substances/-/disas/factsheet/1267/PT03,11,100.000.392,https://echa.europa.eu/substance-information/-/substanceinfo/100.000.392
Chlorocresol,200-431-6,59-50-7,1267,PT06-Preservatives for products during storage,true,false,false,0,01/05/2018,30/04/2028,France,Approved,,,Reg. (EU)2016/1930,http://eur-lex.europa.eu/legal-content/EN/ALL/?uri=CELEX:32016R1930,EU-0016157-0000,No,https://echa.europa.eu/information-on-chemicals/biocidal-active-substances/-/disas/factsheet/1267/PT06,0,100.000.392,https://echa.europa.eu/substance-information/-/substanceinfo/100.000.392
Chlorocresol,200-431-6,59-50-7,1267,"PT09-Fibre, leather, rubber and polymerised materials preservatives",true,false,false,0,01/05/2018,30/04/2028,France,Approved,,,Reg. (EU)2016/1930,http://eur-lex.europa.eu/legal-content/EN/ALL/?uri=CELEX:32016R1930,EU-0016155-0000,No,https://echa.europa.eu/information-on-chemicals/biocidal-active-substances/-/disas/factsheet/1267/PT09,0,100.000.392,https://echa.europa.eu/substance-information/-/substanceinfo/100.000.392
Chlorocresol,200-431-6,59-50-7,1267,PT13-Working or cutting fluid preservatives,true,false,false,0,01/05/2018,30/04/2028,France,Approved,,,Reg. (EU)2016/1931,http://eur-lex.europa.eu/legal-content/EN/ALL/?uri=CELEX:32016R1931,EU-0015051-0000,No,https://echa.europa.eu/information-on-chemicals/biocidal-active-substances/-/disas/factsheet/1267/PT13,0,100.000.392,https://echa.europa.eu/substance-information/-/substanceinfo/100.000.392
Chlorophacinone,223-003-0,3691-35-8,14,PT14-Rodenticides,true,false,false,0,01/07/2011,31/12/2026,Spain,Approved,Renewal in progress,Opinion development by BPC,Commission Implementing Decision (EU) 2024/734,http://eur-lex.europa.eu/legal-content/EN/ALL/?uri=CELEX:32024D0734,EU-0005357-0000,Yes,https://echa.europa.eu/information-on-chemicals/biocidal-active-substances/-/disas/factsheet/14/PT14,16,100.020.912,https://echa.europa.eu/substance-information/-/substanceinfo/100.020.912
Cholecalciferol,200-673-2,67-97-0,1443,PT14-Rodenticides,false,true,false,0,01/07/2019,31/12/2025,Sweden,Approved,Renewal in progress,Commission decision,Commission Implementing Decision (EU) 2024/733 ,http://eur-lex.europa.eu/legal-content/EN/ALL/?uri=CELEX:32024D0733,EU-0018400-0000,Yes,https://echa.europa.eu/information-on-chemicals/biocidal-active-substances/-/disas/factsheet/1443/PT14,3,100.000.612,https://echa.europa.eu/substance-information/-/substanceinfo/100.000.612
Chrysanthemum cinerariaefolium extract from open and mature flowers of Tanacetum cinerariifolium obtained with hydrocarbon solvents,-,-,1983,"PT18-Insecticides, acaricides and products to control other arthropods",true,false,false,0,01/02/2025,31/01/2035,Spain,Approved,,,Commission Implementing Regulation (EU) 2023/1530,http://eur-lex.europa.eu/legal-content/EN/ALL/?uri=CELEX:32023R1530,EU-0030163-0000,No,https://echa.europa.eu/information-on-chemicals/biocidal-active-substances/-/disas/factsheet/1983/PT18,0,100.373.653,https://echa.europa.eu/substance-information/-/substanceinfo/100.373.653
Chrysanthemum cinerariaefolium extract from open and mature flowers of Tanacetum cinerariifolium obtained with hydrocarbon solvents,-,-,1983,PT19-Repellents and attractants,true,false,false,0,01/02/2024,31/01/2034,Spain,Approved,,,Commission Implementing Regulation (EU) 2022/1992,http://eur-lex.europa.eu/legal-content/EN/ALL/?uri=CELEX:32022R1992,EU-0027753-0000,No,https://echa.europa.eu/information-on-chemicals/biocidal-active-substances/-/disas/factsheet/1983/PT19,0,100.373.653,https://echa.europa.eu/substance-information/-/substanceinfo/100.373.653
Chrysanthemum cinerariaefolium extract from open and mature flowers of Tanacetum cinerariifolium obtained with supercritical carbon dioxide,289-699-3,89997-63-7,2003,"PT18-Insecticides, acaricides and products to control other arthropods",true,false,false,0,01/02/2025,31/01/2035,Spain,Approved,,,Commission Implementing Regulation (EU) 2023/1429,http://eur-lex.europa.eu/legal-content/EN/ALL/?uri=CELEX:32023R1429,EU-0030165-0000,No,https://echa.europa.eu/information-on-chemicals/biocidal-active-substances/-/disas/factsheet/2003/PT18,0,100.373.673,https://echa.europa.eu/substance-information/-/substanceinfo/100.373.673
Chrysanthemum cinerariaefolium extract from open and mature flowers of Tanacetum cinerariifolium obtained with supercritical carbon dioxide,289-699-3,89997-63-7,2003,PT19-Repellents and attractants,true,false,false,0,01/02/2024,31/01/2034,Spain,Approved,,,COMMISSION IMPLEMENTING REGULATION (EU) 2022/1993,http://eur-lex.europa.eu/legal-content/EN/ALL/?uri=CELEX:32022R1993,EU-0027751-0000,No,https://echa.europa.eu/information-on-chemicals/biocidal-active-substances/-/disas/factsheet/2003/PT19,0,100.373.673,https://echa.europa.eu/substance-information/-/substanceinfo/100.373.673
"Chrysanthemum cinerariaefolium, ext.",289-699-3,89997-63-7,1268,"PT18-Insecticides, acaricides and products to control other arthropods",true,false,false,0,,,-,No longer supported,,,Decision (EU) 2020/1036 ,http://eur-lex.europa.eu/legal-content/EN/ALL/?uri=CELEX:32020D1036,-,Under assessment,https://echa.europa.eu/information-on-chemicals/biocidal-active-substances/-/disas/factsheet/1268/PT18,0,100.081.514,https://echa.europa.eu/substance-information/-/substanceinfo/100.081.514
Cinnamaldehyde/3-phenyl-propen-2-al(Cinnamic aldehyde),203-213-9,104-55-2,1269,PT02-Disinfectants and algaecides not intended for direct application to humans or animals,true,false,false,0,,,United Kingdom,Cancelled application,,,,,-,Under assessment,https://echa.europa.eu/information-on-chemicals/biocidal-active-substances/-/disas/factsheet/1269/PT02,0,100.002.922,https://echa.europa.eu/substance-information/-/substanceinfo/100.002.922
"cis-1-(3-chloroallyl)-3,5,7-triaza-1- azoniaadamantane chloride (cis CTAC)",426-020-3,51229-78-8,1270,PT06-Preservatives for products during storage,true,false,false,0,,,Poland,No longer supported,,,COMMISSION IMPLEMENTING DECISION (EU) 2023/458,http://eur-lex.europa.eu/legal-content/EN/ALL/?uri=CELEX:32023D0458,-,Under assessment,https://echa.europa.eu/information-on-chemicals/biocidal-active-substances/-/disas/factsheet/1270/PT06,0,100.102.448,https://echa.europa.eu/substance-information/-/substanceinfo/100.102.448
"cis-1-(3-chloroallyl)-3,5,7-triaza-1- azoniaadamantane chloride (cis CTAC)",426-020-3,51229-78-8,1270,PT13-Working or cutting fluid preservatives,true,false,false,0,,,Poland,No longer supported,,,COMMISSION IMPLEMENTING DECISION (EU) 2023/458,http://eur-lex.europa.eu/legal-content/EN/ALL/?uri=CELEX:32023D0458,-,Under assessment,https://echa.europa.eu/information-on-chemicals/biocidal-active-substances/-/disas/factsheet/1270/PT13,0,100.102.448,https://echa.europa.eu/substance-information/-/substanceinfo/100.102.448
cis-tricos-9-ene (Muscalure),248-505-7,27519-02-4,65,PT19-Repellents and attractants,true,false,false,0,01/10/2014,31/03/2027,Austria,Approved,Renewal in progress,Opinion development by BPC,Commission Implementing Decision (EU) 2024/1283,http://eur-lex.europa.eu/legal-content/EN/ALL/?uri=CELEX:32024D1283,EU-0005417-0000,Under assessment,https://echa.europa.eu/information-on-chemicals/biocidal-active-substances/-/disas/factsheet/65/PT19,0,100.044.081,https://echa.europa.eu/substance-information/-/substanceinfo/100.044.081
Citric acid,201-069-1,77-92-9,1271,PT01-Human hygiene,true,false,false,0,,,-,No longer supported,,,Decision (EU) 2018/1622 ,http://eur-lex.europa.eu/legal-content/EN/ALL/?uri=CELEX:32018D1622,-,Under assessment,https://echa.europa.eu/information-on-chemicals/biocidal-active-substances/-/disas/factsheet/1271/PT01,0,100.000.973,https://echa.europa.eu/substance-information/-/substanceinfo/100.000.973
Citric acid,201-069-1,77-92-9,1271,PT02-Disinfectants and algaecides not intended for direct application to humans or animals,true,false,false,0,01/03/2018,28/02/2028,Belgium,Approved,,,Regulation (EU) 2016/1938,http://eur-lex.europa.eu/legal-content/EN/ALL/?uri=CELEX:32016R1938,EU-0013832-0000,No,https://echa.europa.eu/information-on-chemicals/biocidal-active-substances/-/disas/factsheet/1271/PT02,0,100.000.973,https://echa.europa.eu/substance-information/-/substanceinfo/100.000.973
Citric acid,201-069-1,77-92-9,1271,,false,,true,6,29/03/2021,,-,Approved,,,Regulation (EU) 407/2021 Annex I,http://eur-lex.europa.eu/legal-content/EN/ALL/?uri=CELEX:32021R0407,EU-0027091-0000,,https://echa.europa.eu/information-on-chemicals/biocidal-active-substances/-/disas/factsheet/1271/null,0,100.000.973,https://echa.europa.eu/substance-information/-/substanceinfo/100.000.973
Citronellal,203-376-6,106-23-0,1436,,false,,true,7,01/09/2013,,-,Approved,,,Regulation (EU) 528/2012 Annex I,http://eur-lex.europa.eu/legal-content/EN/ALL/?uri=CELEX:32012R0528,EU-0012353-0000,,https://echa.europa.eu/information-on-chemicals/biocidal-active-substances/-/disas/factsheet/1436/null,10,100.003.070,https://echa.europa.eu/substance-information/-/substanceinfo/100.003.070
Clorophene (Chlorophene),204-385-8,120-32-1,1273,PT02-Disinfectants and algaecides not intended for direct application to humans or animals,true,false,false,0,,,Norway,Not approved,,,Decision (EU) 2020/1765,http://eur-lex.europa.eu/legal-content/EN/ALL/?uri=CELEX:32020D1765,-,No,https://echa.europa.eu/information-on-chemicals/biocidal-active-substances/-/disas/factsheet/1273/PT02,0,100.003.987,https://echa.europa.eu/substance-information/-/substanceinfo/100.003.987
Clorophene (Chlorophene),204-385-8,120-32-1,1273,PT03-Veterinary hygiene,true,false,false,0,,,Norway,Not approved,,,Commission Implementing Decision (EU) 2018/622,http://eur-lex.europa.eu/legal-content/EN/ALL/?uri=CELEX:32018D0622,-,Yes,https://echa.europa.eu/information-on-chemicals/biocidal-active-substances/-/disas/factsheet/1273/PT03,0,100.003.987,https://echa.europa.eu/substance-information/-/substanceinfo/100.003.987
Coco alkyltrimethylammonium chloride (ATMAC/TMAC),263-038-9,61789-18-2,1370,PT08-Wood preservatives,true,false,false,0,01/05/2018,30/04/2028,Italy,Approved,,,Regulation (EU) 2016/1934,http://eur-lex.europa.eu/legal-content/EN/ALL/?uri=CELEX:32016R1934,EU-0014037-0000,No,https://echa.europa.eu/information-on-chemicals/biocidal-active-substances/-/disas/factsheet/1370/PT08,2,100.057.290,https://echa.europa.eu/substance-information/-/substanceinfo/100.057.290
Concentrated apple juice,-,-,2324,,false,,true,4,08/08/2019,,-,Approved,,,Regulation (EU) 2019/1825,http://eur-lex.europa.eu/legal-content/EN/ALL/?uri=CELEX:32019R1825,EU-0025424-0000,,https://echa.europa.eu/information-on-chemicals/biocidal-active-substances/-/disas/factsheet/2324/null,5,100.316.318,https://echa.europa.eu/substance-information/-/substanceinfo/100.316.318
Copper,231-159-6,7440-50-8,1274,PT02-Disinfectants and algaecides not intended for direct application to humans or animals,false,true,false,0,,,France,,Initial application for approval in progress,Opinion development by BPC,,,-,Under assessment,https://echa.europa.eu/information-on-chemicals/biocidal-active-substances/-/disas/factsheet/1274/PT02,0,100.028.326,https://echa.europa.eu/substance-information/-/substanceinfo/100.028.326
Copper,231-159-6,7440-50-8,1274,PT05-Drinking water,false,true,false,0,,,France,,Initial application for approval in progress,Opinion development by BPC,,,-,Under assessment,https://echa.europa.eu/information-on-chemicals/biocidal-active-substances/-/disas/factsheet/1274/PT05,0,100.028.326,https://echa.europa.eu/substance-information/-/substanceinfo/100.028.326
Copper,231-159-6,7440-50-8,1274,PT11-Preservatives for liquid-cooling and processing systems,false,true,false,0,,,France,,Initial application for approval in progress,Opinion development by BPC,,,-,Under assessment,https://echa.europa.eu/information-on-chemicals/biocidal-active-substances/-/disas/factsheet/1274/PT11,0,100.028.326,https://echa.europa.eu/substance-information/-/substanceinfo/100.028.326
Copper (II) oxide,215-269-1,1317-38-0,17,PT08-Wood preservatives,true,false,false,0,01/02/2014,31/07/2026,France,Approved,Renewal in progress,Competent authority evaluation,COMMISSION IMPLEMENTING DECISION (EU) 2023/2100,http://eur-lex.europa.eu/legal-content/EN/ALL/?uri=CELEX:32023D2100,EU-0005360-0000,Under assessment,https://echa.europa.eu/information-on-chemicals/biocidal-active-substances/-/disas/factsheet/17/PT08,2,100.013.882,https://echa.europa.eu/substance-information/-/substanceinfo/100.013.882
Copper flakes (coated with aliphatic acid),231-159-6,-,1943,PT21-Antifouling products,true,false,false,0,01/01/2018,31/12/2025,-,Approved,,,Reg (EU)2016/1088,http://eur-lex.europa.eu/legal-content/EN/ALL/?uri=CELEX:32016R1088,EU-0013635-0000,No,https://echa.europa.eu/information-on-chemicals/biocidal-active-substances/-/disas/factsheet/1943/PT21,0,100.246.876,https://echa.europa.eu/substance-information/-/substanceinfo/100.246.876
Copper hydroxide,243-815-9,20427-59-2,16,PT08-Wood preservatives,true,false,false,0,01/02/2014,31/07/2026,France,Approved,Renewal in progress,Competent authority evaluation,COMMISSION IMPLEMENTING DECISION (EU) 2023/2386,http://eur-lex.europa.eu/legal-content/EN/ALL/?uri=CELEX:32023D2386,EU-0005359-0000,No,https://echa.europa.eu/information-on-chemicals/biocidal-active-substances/-/disas/factsheet/16/PT08,3,100.039.817,https://echa.europa.eu/substance-information/-/substanceinfo/100.039.817
Copper sulphate pentahydrate,231-847-6,7758-99-8,1276,PT02-Disinfectants and algaecides not intended for direct application to humans or animals,true,false,false,0,01/07/2015,31/12/2027,France,Approved,Renewal in progress,Competent authority evaluation,Decision (EU) 2025/432 ,http://eur-lex.europa.eu/legal-content/EN/ALL/?uri=CELEX:32025D0432,EU-0005425-0000,Under assessment,https://echa.europa.eu/information-on-chemicals/biocidal-active-substances/-/disas/factsheet/1276/PT02,17,100.121.888,https://echa.europa.eu/substance-information/-/substanceinfo/100.121.888
Copper thiocyanate,214-183-1,1111-67-7,1277,PT21-Antifouling products,true,false,false,0,01/01/2018,31/12/2025,France,Approved,Renewal in progress,Competent authority evaluation,Reg (EU) 2016/1090,http://eur-lex.europa.eu/legal-content/EN/ALL/?uri=CELEX:32016R1090,EU-0013630-0000,Under assessment,https://echa.europa.eu/information-on-chemicals/biocidal-active-substances/-/disas/factsheet/1277/PT21,21,100.012.894,https://echa.europa.eu/substance-information/-/substanceinfo/100.012.894
"Copper, powder",-,-,2283,PT21-Antifouling products,true,false,false,0,,,France,,Initial application for approval in progress,Competent authority evaluation,,,-,Under assessment,https://echa.europa.eu/information-on-chemicals/biocidal-active-substances/-/disas/factsheet/2283/PT21,0,100.373.413,https://echa.europa.eu/substance-information/-/substanceinfo/100.373.413
Coumatetralyl,227-424-0,5836-29-3,18,PT14-Rodenticides,true,false,false,0,01/07/2011,30/06/2024,Denmark,Approved,Renewal in progress,Opinion development by BPC,Reg (EU) 2017/1378,http://eur-lex.europa.eu/legal-content/EN/ALL/?uri=CELEX:32017R1378,EU-0005361-0000,Yes,https://echa.europa.eu/information-on-chemicals/biocidal-active-substances/-/disas/factsheet/18/PT14,19,100.024.931,https://echa.europa.eu/substance-information/-/substanceinfo/100.024.931
Creosote,232-287-5,8001-58-9,19,PT08-Wood preservatives,true,false,false,0,01/05/2013,31/10/2029,Poland,Approved,Other updates in progress,-,Commission Implementing Regulation (EU) 2022/1950,http://eur-lex.europa.eu/legal-content/EN/ALL/?uri=CELEX:32022R1950,EU-0005362-0000,Yes,https://echa.europa.eu/information-on-chemicals/biocidal-active-substances/-/disas/factsheet/19/PT08,47,100.029.351,https://echa.europa.eu/substance-information/-/substanceinfo/100.029.351
Cu-HDO,239-703-4,15627-09-5,1279,PT07-Film preservatives,true,false,false,0,,,Austria,Not approved,,,Decision 2014/227/EU,http://eur-lex.europa.eu/legal-content/EN/ALL/?uri=CELEX:32014D0227,-,Under assessment,https://echa.europa.eu/information-on-chemicals/biocidal-active-substances/-/disas/factsheet/1279/PT07,0,100.036.079,https://echa.europa.eu/substance-information/-/substanceinfo/100.036.079
Cu-HDO,239-703-4,15627-09-5,1279,PT08-Wood preservatives,true,false,false,0,01/09/2015,29/02/2028,Austria,Approved,Renewal in progress,Competent authority evaluation,DECISION (EU) 2025/998,http://eur-lex.europa.eu/legal-content/EN/ALL/?uri=CELEX:32025D0998,EU-0006481-0000,Under assessment,https://echa.europa.eu/information-on-chemicals/biocidal-active-substances/-/disas/factsheet/1279/PT08,7,100.036.079,https://echa.europa.eu/substance-information/-/substanceinfo/100.036.079
Cu-HDO,239-703-4,15627-09-5,1279,"PT09-Fibre, leather, rubber and polymerised materials preservatives",true,false,false,0,,,Austria,Not approved,,,Decision 2014/227/EU,http://eur-lex.europa.eu/legal-content/EN/ALL/?uri=CELEX:32014D0227,-,Under assessment,https://echa.europa.eu/information-on-chemicals/biocidal-active-substances/-/disas/factsheet/1279/PT09,0,100.036.079,https://echa.europa.eu/substance-information/-/substanceinfo/100.036.079
Cu-HDO,239-703-4,15627-09-5,1279,PT10-Construction material preservatives,true,false,false,0,,,Austria,Not approved,,,Decision 2014/227/EU,http://eur-lex.europa.eu/legal-content/EN/ALL/?uri=CELEX:32014D0227,-,Under assessment,https://echa.europa.eu/information-on-chemicals/biocidal-active-substances/-/disas/factsheet/1279/PT10,0,100.036.079,https://echa.europa.eu/substance-information/-/substanceinfo/100.036.079
Cyanamide,206-992-3,420-04-2,1280,PT03-Veterinary hygiene,true,false,false,0,,,Germany,Not approved,,,Commission Implementing Decision (EU) 2023/1097,http://eur-lex.europa.eu/legal-content/EN/ALL/?uri=CELEX:32023D1097,-,Yes,https://echa.europa.eu/information-on-chemicals/biocidal-active-substances/-/disas/factsheet/1280/PT03,0,100.006.358,https://echa.europa.eu/substance-information/-/substanceinfo/100.006.358
Cyanamide,206-992-3,420-04-2,1280,"PT18-Insecticides, acaricides and products to control other arthropods",true,false,false,0,,,Germany,Not approved,,,Commission Implementing Decision (EU) 2023/1097,http://eur-lex.europa.eu/legal-content/EN/ALL/?uri=CELEX:32023D1097,-,Yes,https://echa.europa.eu/information-on-chemicals/biocidal-active-substances/-/disas/factsheet/1280/PT18,0,100.006.358,https://echa.europa.eu/substance-information/-/substanceinfo/100.006.358
"Cymbopogon winterianus oil, fractionated, hydrated, cyclized",-,-,2083,PT19-Repellents and attractants,true,false,false,0,,,Czechia,,Initial application for approval in progress,Competent authority evaluation,,,-,Under assessment,https://echa.europa.eu/information-on-chemicals/biocidal-active-substances/-/disas/factsheet/2083/PT19,0,100.278.397,https://echa.europa.eu/substance-information/-/substanceinfo/100.278.397
Cyproconazole,619-020-1,94361-06-5,1285,PT08-Wood preservatives,true,false,false,0,01/11/2015,31/10/2020,Ireland,Expired,,,Regulation (EU) 438/2014,http://eur-lex.europa.eu/legal-content/EN/ALL/?uri=CELEX:32014R0438,EU-0005714-0000,Yes,https://echa.europa.eu/information-on-chemicals/biocidal-active-substances/-/disas/factsheet/1285/PT08,0,100.130.443,https://echa.europa.eu/substance-information/-/substanceinfo/100.130.443
D-Fructose,200-333-3,57-48-7,2326,,false,,true,4,08/08/2019,,-,Approved,,,Regulation (EU) 2019/1823,http://eur-lex.europa.eu/legal-content/EN/ALL/?uri=CELEX:32019R1823,EU-0025426-0000,,https://echa.europa.eu/information-on-chemicals/biocidal-active-substances/-/disas/factsheet/2326/null,11,100.000.303,https://echa.europa.eu/substance-information/-/substanceinfo/100.000.303
"D-gluconic acid, compound with N,N′′-bis(4-chlorophenyl)-3,12-diimino-2,4,11,13-tetraazatetradecanediamidine(2:1) (CHDG)",242-354-0,18472-51-0,1288,PT01-Human hygiene,true,false,false,0,,,Portugal,,Initial application for approval in progress,Competent authority evaluation,,,-,Under assessment,https://echa.europa.eu/information-on-chemicals/biocidal-active-substances/-/disas/factsheet/1288/PT01,0,100.038.489,https://echa.europa.eu/substance-information/-/substanceinfo/100.038.489
"D-gluconic acid, compound with N,N′′-bis(4-chlorophenyl)-3,12-diimino-2,4,11,13-tetraazatetradecanediamidine(2:1) (CHDG)",242-354-0,18472-51-0,1288,PT02-Disinfectants and algaecides not intended for direct application to humans or animals,true,false,false,0,,,Portugal,,Initial application for approval in progress,Competent authority evaluation,,,-,Under assessment,https://echa.europa.eu/information-on-chemicals/biocidal-active-substances/-/disas/factsheet/1288/PT02,0,100.038.489,https://echa.europa.eu/substance-information/-/substanceinfo/100.038.489
"D-gluconic acid, compound with N,N′′-bis(4-chlorophenyl)-3,12-diimino-2,4,11,13-tetraazatetradecanediamidine(2:1) (CHDG)",242-354-0,18472-51-0,1288,PT03-Veterinary hygiene,true,false,false,0,,,Portugal,,Initial application for approval in progress,Competent authority evaluation,,,-,Under assessment,https://echa.europa.eu/information-on-chemicals/biocidal-active-substances/-/disas/factsheet/1288/PT03,0,100.038.489,https://echa.europa.eu/substance-information/-/substanceinfo/100.038.489
DCEMH,401-570-7,89415-87-2,1440,PT11-Preservatives for liquid-cooling and processing systems,true,false,false,0,,,Netherlands,No longer supported,,,Commission Implementing Decision (EU) 2025/1262,http://eur-lex.europa.eu/legal-content/EN/ALL/?uri=CELEX:32025D1262,-,Under assessment,https://echa.europa.eu/information-on-chemicals/biocidal-active-substances/-/disas/factsheet/1440/PT11,0,100.100.348,https://echa.europa.eu/substance-information/-/substanceinfo/100.100.348
DDACarbonate,451-900-9,894406-76-9,20,PT08-Wood preservatives,false,true,false,0,01/02/2013,31/01/2028,Switzerland,Approved,Renewal in progress,Competent authority evaluation,Decision (EU) 2025/944,http://eur-lex.europa.eu/legal-content/EN/ALL/?uri=CELEX:32025D0944,EU-0005363-0000,No,https://echa.europa.eu/information-on-chemicals/biocidal-active-substances/-/disas/factsheet/20/PT08,8,100.104.313,https://echa.europa.eu/substance-information/-/substanceinfo/100.104.313
Decanoic acid,206-376-4,334-48-5,1287,PT04-Food and feed area,true,false,false,0,01/09/2015,29/02/2028,Austria,Approved,Renewal in progress,Competent authority evaluation,DECISION (EU) 2025/949,http://eur-lex.europa.eu/legal-content/EN/ALL/?uri=CELEX:32025D0949,EU-0006482-0000,Under assessment,https://echa.europa.eu/information-on-chemicals/biocidal-active-substances/-/disas/factsheet/1287/PT04,8,100.005.798,https://echa.europa.eu/substance-information/-/substanceinfo/100.005.798
Decanoic acid,206-376-4,334-48-5,1287,"PT18-Insecticides, acaricides and products to control other arthropods",true,false,false,0,01/09/2015,31/08/2025,Austria,Approved,,,Regulation (EU) No 90/2014,http://eur-lex.europa.eu/legal-content/EN/ALL/?uri=CELEX:32014R0090,EU-0006483-0000,Under assessment,https://echa.europa.eu/information-on-chemicals/biocidal-active-substances/-/disas/factsheet/1287/PT18,1,100.005.798,https://echa.europa.eu/substance-information/-/substanceinfo/100.005.798
Decanoic acid,206-376-4,334-48-5,1287,PT19-Repellents and attractants,true,false,false,0,01/09/2015,31/08/2025,Austria,Approved,,,Regulation (EU) No 90/2014,http://eur-lex.europa.eu/legal-content/EN/ALL/?uri=CELEX:32014R0090,EU-0006484-0000,Under assessment,https://echa.europa.eu/information-on-chemicals/biocidal-active-substances/-/disas/factsheet/1287/PT19,0,100.005.798,https://echa.europa.eu/substance-information/-/substanceinfo/100.005.798
deltamethrin,258-256-6,52918-63-5,24,"PT18-Insecticides, acaricides and products to control other arthropods",true,false,false,0,01/10/2013,31/03/2026,Sweden,Approved,Renewal in progress,Competent authority evaluation, Implementing Decision (EU) 2023/1088,http://eur-lex.europa.eu/legal-content/EN/ALL/?uri=CELEX:32023D1088,EU-0005367-0000,No,https://echa.europa.eu/information-on-chemicals/biocidal-active-substances/-/disas/factsheet/24/PT18,99,100.052.943,https://echa.europa.eu/substance-information/-/substanceinfo/100.052.943
Dialuminium chloride pentahydroxide,234-933-1,12042-91-0,1454,PT02-Disinfectants and algaecides not intended for direct application to humans or animals,true,false,false,0,,,-,No longer supported,,,COMMISSION IMPLEMENTING DECISION (EU) 2023/458,http://eur-lex.europa.eu/legal-content/EN/ALL/?uri=CELEX:32023D0458,-,Under assessment,https://echa.europa.eu/information-on-chemicals/biocidal-active-substances/-/disas/factsheet/1454/PT02,0,100.031.745,https://echa.europa.eu/substance-information/-/substanceinfo/100.031.745
Dichloro-N-[(dimethylamino)sulphonyl] fluoro-N-(ptolyl)methanesulphenamide (Tolylfluanid),211-986-9,731-27-1,55,PT07-Film preservatives,true,false,false,0,01/01/2018,31/12/2027,Finland,Approved,,,Reg (EU)2016/1087,http://eur-lex.europa.eu/legal-content/EN/ALL/?uri=CELEX:32016R1087,EU-0013620-0000,No,https://echa.europa.eu/information-on-chemicals/biocidal-active-substances/-/disas/factsheet/55/PT07,0,100.010.898,https://echa.europa.eu/substance-information/-/substanceinfo/100.010.898
Dichloro-N-[(dimethylamino)sulphonyl] fluoro-N-(ptolyl)methanesulphenamide (Tolylfluanid),211-986-9,731-27-1,55,PT08-Wood preservatives,true,false,false,0,01/10/2011,30/09/2021,Finland,Expired,,,Directive 2009/151/EC,http://eur-lex.europa.eu/legal-content/EN/ALL/?uri=CELEX:32009L0151,EU-0005405-0000,No,https://echa.europa.eu/information-on-chemicals/biocidal-active-substances/-/disas/factsheet/55/PT08,0,100.010.898,https://echa.europa.eu/substance-information/-/substanceinfo/100.010.898
Dichloro-N-[(dimethylamino)sulphonyl] fluoro-N-(ptolyl)methanesulphenamide (Tolylfluanid),211-986-9,731-27-1,55,PT21-Antifouling products,true,false,false,0,01/07/2016,31/12/2025,Finland,Approved,,,(EU) 2015/419 ,http://eur-lex.europa.eu/legal-content/EN/ALL/?uri=CELEX:32015R0419,EU-0012042-0000,No,https://echa.europa.eu/information-on-chemicals/biocidal-active-substances/-/disas/factsheet/55/PT21,0,100.010.898,https://echa.europa.eu/substance-information/-/substanceinfo/100.010.898
Dicopper oxide,215-270-7,1317-39-1,1289,PT21-Antifouling products,true,false,false,0,01/01/2018,31/12/2025,France,Approved,Renewal in progress,Competent authority evaluation,Reg (EU) 2016/1089,http://eur-lex.europa.eu/legal-content/EN/ALL/?uri=CELEX:32016R1089,EU-0013636-0000,Under assessment,https://echa.europa.eu/information-on-chemicals/biocidal-active-substances/-/disas/factsheet/1289/PT21,130,100.013.883,https://echa.europa.eu/substance-information/-/substanceinfo/100.013.883
Didecyldimethylammonium chloride (DDAC (C8-10)),270-331-5,68424-95-3,1371,PT01-Human hygiene,true,false,false,0,,,Italy,,Initial application for approval in progress,Competent authority evaluation,,,-,Under assessment,https://echa.europa.eu/information-on-chemicals/biocidal-active-substances/-/disas/factsheet/1371/PT01,0,100.063.918,https://echa.europa.eu/substance-information/-/substanceinfo/100.063.918
Didecyldimethylammonium chloride (DDAC (C8-10)),270-331-5,68424-95-3,1371,PT02-Disinfectants and algaecides not intended for direct application to humans or animals,true,false,false,0,,,Italy,,Initial application for approval in progress,Competent authority evaluation,,,-,Under assessment,https://echa.europa.eu/information-on-chemicals/biocidal-active-substances/-/disas/factsheet/1371/PT02,0,100.063.918,https://echa.europa.eu/substance-information/-/substanceinfo/100.063.918
Didecyldimethylammonium chloride (DDAC (C8-10)),270-331-5,68424-95-3,1371,PT03-Veterinary hygiene,true,false,false,0,,,Italy,,Initial application for approval in progress,Competent authority evaluation,,,-,Under assessment,https://echa.europa.eu/information-on-chemicals/biocidal-active-substances/-/disas/factsheet/1371/PT03,0,100.063.918,https://echa.europa.eu/substance-information/-/substanceinfo/100.063.918
Didecyldimethylammonium chloride (DDAC (C8-10)),270-331-5,68424-95-3,1371,PT04-Food and feed area,true,false,false,0,,,Italy,,Initial application for approval in progress,Competent authority evaluation,,,-,Under assessment,https://echa.europa.eu/information-on-chemicals/biocidal-active-substances/-/disas/factsheet/1371/PT04,0,100.063.918,https://echa.europa.eu/substance-information/-/substanceinfo/100.063.918
Didecyldimethylammonium chloride (DDAC (C8-10)),270-331-5,68424-95-3,1371,PT05-Drinking water,true,false,false,0,,,-,No longer supported,,,Decision (EU) 2018/1622 ,http://eur-lex.europa.eu/legal-content/EN/ALL/?uri=CELEX:32018D1622,-,Under assessment,https://echa.europa.eu/information-on-chemicals/biocidal-active-substances/-/disas/factsheet/1371/PT05,0,100.063.918,https://echa.europa.eu/substance-information/-/substanceinfo/100.063.918
Didecyldimethylammonium chloride (DDAC (C8-10)),270-331-5,68424-95-3,1371,PT06-Preservatives for products during storage,true,false,false,0,,,Italy,,Initial application for approval in progress,Competent authority evaluation,,,-,Under assessment,https://echa.europa.eu/information-on-chemicals/biocidal-active-substances/-/disas/factsheet/1371/PT06,0,100.063.918,https://echa.europa.eu/substance-information/-/substanceinfo/100.063.918
Didecyldimethylammonium chloride (DDAC (C8-10)),270-331-5,68424-95-3,1371,PT10-Construction material preservatives,true,false,false,0,,,Italy,,Initial application for approval in progress,Competent authority evaluation,,,-,Under assessment,https://echa.europa.eu/information-on-chemicals/biocidal-active-substances/-/disas/factsheet/1371/PT10,0,100.063.918,https://echa.europa.eu/substance-information/-/substanceinfo/100.063.918
Didecyldimethylammonium chloride (DDAC (C8-10)),270-331-5,68424-95-3,1371,PT11-Preservatives for liquid-cooling and processing systems,true,false,false,0,,,Italy,,Initial application for approval in progress,Competent authority evaluation,,,-,Under assessment,https://echa.europa.eu/information-on-chemicals/biocidal-active-substances/-/disas/factsheet/1371/PT11,0,100.063.918,https://echa.europa.eu/substance-information/-/substanceinfo/100.063.918
Didecyldimethylammonium chloride (DDAC (C8-10)),270-331-5,68424-95-3,1371,PT12-Slimicides,true,false,false,0,,,Italy,,Initial application for approval in progress,Competent authority evaluation,,,-,Under assessment,https://echa.europa.eu/information-on-chemicals/biocidal-active-substances/-/disas/factsheet/1371/PT12,0,100.063.918,https://echa.europa.eu/substance-information/-/substanceinfo/100.063.918
Didecyldimethylammonium chloride(DDAC),230-525-2,7173-51-5,67,PT01-Human hygiene,true,false,false,0,01/02/2024,31/01/2034,Italy,Approved,,,COMMISSION IMPLEMENTING REGULATION (EU) 2022/1991 ,http://eur-lex.europa.eu/legal-content/EN/ALL/?uri=CELEX:32022R1991,EU-0027722-0000,No,https://echa.europa.eu/information-on-chemicals/biocidal-active-substances/-/disas/factsheet/67/PT01,0,100.027.751,https://echa.europa.eu/substance-information/-/substanceinfo/100.027.751
Didecyldimethylammonium chloride(DDAC),230-525-2,7173-51-5,67,PT02-Disinfectants and algaecides not intended for direct application to humans or animals,true,false,false,0,01/02/2024,31/01/2034,Italy,Approved,,,COMMISSION IMPLEMENTING REGULATION (EU) 2022/1991 ,http://eur-lex.europa.eu/legal-content/EN/ALL/?uri=CELEX:32022R1991,EU-0027724-0000,No,https://echa.europa.eu/information-on-chemicals/biocidal-active-substances/-/disas/factsheet/67/PT02,0,100.027.751,https://echa.europa.eu/substance-information/-/substanceinfo/100.027.751
Didecyldimethylammonium chloride(DDAC),230-525-2,7173-51-5,67,PT03-Veterinary hygiene,true,false,false,0,01/11/2022,31/10/2032,Italy,Approved,,,Regulation (EU) 2021/1045,http://eur-lex.europa.eu/legal-content/EN/ALL/?uri=CELEX:32021R1045,EU-0025197-0000,No,https://echa.europa.eu/information-on-chemicals/biocidal-active-substances/-/disas/factsheet/67/PT03,0,100.027.751,https://echa.europa.eu/substance-information/-/substanceinfo/100.027.751
Didecyldimethylammonium chloride(DDAC),230-525-2,7173-51-5,67,PT04-Food and feed area,true,false,false,0,01/11/2022,31/10/2032,Italy,Approved,,,Regulation (EU) 2021/1045,http://eur-lex.europa.eu/legal-content/EN/ALL/?uri=CELEX:32021R1045,EU-0025199-0000,No,https://echa.europa.eu/information-on-chemicals/biocidal-active-substances/-/disas/factsheet/67/PT04,0,100.027.751,https://echa.europa.eu/substance-information/-/substanceinfo/100.027.751
Didecyldimethylammonium chloride(DDAC),230-525-2,7173-51-5,67,PT06-Preservatives for products during storage,true,false,false,0,,,Italy,,Initial application for approval in progress,Competent authority evaluation,,,-,Under assessment,https://echa.europa.eu/information-on-chemicals/biocidal-active-substances/-/disas/factsheet/67/PT06,0,100.027.751,https://echa.europa.eu/substance-information/-/substanceinfo/100.027.751
Didecyldimethylammonium chloride(DDAC),230-525-2,7173-51-5,67,PT08-Wood preservatives,true,false,false,0,01/02/2015,31/07/2027,Italy,Approved,Renewal in progress,Competent authority evaluation,Commission Implementing Decision (EU) 2024/2411 ,http://eur-lex.europa.eu/legal-content/EN/ALL/?uri=CELEX:32024D2411,EU-0005419-0000,Under assessment,https://echa.europa.eu/information-on-chemicals/biocidal-active-substances/-/disas/factsheet/67/PT08,8,100.027.751,https://echa.europa.eu/substance-information/-/substanceinfo/100.027.751
Didecyldimethylammonium chloride(DDAC),230-525-2,7173-51-5,67,PT10-Construction material preservatives,true,false,false,0,,,Italy,,Initial application for approval in progress,Competent authority evaluation,,,-,Under assessment,https://echa.europa.eu/information-on-chemicals/biocidal-active-substances/-/disas/factsheet/67/PT10,0,100.027.751,https://echa.europa.eu/substance-information/-/substanceinfo/100.027.751
Didecyldimethylammonium chloride(DDAC),230-525-2,7173-51-5,67,PT11-Preservatives for liquid-cooling and processing systems,true,false,false,0,,,Italy,,Initial application for approval in progress,Competent authority evaluation,,,-,Under assessment,https://echa.europa.eu/information-on-chemicals/biocidal-active-substances/-/disas/factsheet/67/PT11,0,100.027.751,https://echa.europa.eu/substance-information/-/substanceinfo/100.027.751
Didecyldimethylammonium chloride(DDAC),230-525-2,7173-51-5,67,PT12-Slimicides,true,false,false,0,,,Italy,,Initial application for approval in progress,Competent authority evaluation,,,-,Under assessment,https://echa.europa.eu/information-on-chemicals/biocidal-active-substances/-/disas/factsheet/67/PT12,0,100.027.751,https://echa.europa.eu/substance-information/-/substanceinfo/100.027.751
Difenacoum,259-978-4,56073-07-5,26,PT14-Rodenticides,true,false,false,0,01/04/2010,31/12/2026,Finland,Approved,Renewal in progress,Opinion development by BPC,Commission Implementing Decision (EU) 2024/734,http://eur-lex.europa.eu/legal-content/EN/ALL/?uri=CELEX:32024D0734,EU-0005369-0000,Yes,https://echa.europa.eu/information-on-chemicals/biocidal-active-substances/-/disas/factsheet/26/PT14,512,100.054.508,https://echa.europa.eu/substance-information/-/substanceinfo/100.054.508
Difethialone,600-594-7,104653-34-1,27,PT14-Rodenticides,true,false,false,0,01/11/2009,31/12/2026,Norway,Approved,Renewal in progress,Opinion development by BPC,Commission Implementing Decision (EU) 2024/734,http://eur-lex.europa.eu/legal-content/EN/ALL/?uri=CELEX:32024D0734,EU-0005370-0000,Yes,https://echa.europa.eu/information-on-chemicals/biocidal-active-substances/-/disas/factsheet/27/PT14,23,100.118.383,https://echa.europa.eu/substance-information/-/substanceinfo/100.118.383
diflubenzuron,252-529-3,35367-38-5,62,"PT18-Insecticides, acaricides and products to control other arthropods",true,false,false,0,01/02/2015,31/01/2025,Sweden,Expired,,,Directive 2013/6/EU,http://eur-lex.europa.eu/legal-content/EN/ALL/?uri=CELEX:32013L0006,EU-0005414-0000,No,https://echa.europa.eu/information-on-chemicals/biocidal-active-substances/-/disas/factsheet/62/PT18,9,100.047.740,https://echa.europa.eu/substance-information/-/substanceinfo/100.047.740
Dimethyltetradecyl[3-(trimethoxysilyl)propyl]ammonium chloride,255-451-8,41591-87-1,1292,"PT09-Fibre, leather, rubber and polymerised materials preservatives",true,false,false,0,,,Poland,,Initial application for approval in progress,Competent authority evaluation,,,-,Under assessment,https://echa.europa.eu/information-on-chemicals/biocidal-active-substances/-/disas/factsheet/1292/PT09,0,100.050.393,https://echa.europa.eu/substance-information/-/substanceinfo/100.050.393
Dinotefuran,605-399-0,165252-70-0,1293,"PT18-Insecticides, acaricides and products to control other arthropods",false,true,false,0,01/06/2015,30/11/2031,Belgium,Approved,,,COMMISSION IMPLEMENTING REGULATION (EU) 2025/457,http://eur-lex.europa.eu/legal-content/EN/ALL/?uri=CELEX:32025R0457,EU-0012043-0000,Yes,https://echa.europa.eu/information-on-chemicals/biocidal-active-substances/-/disas/factsheet/1293/PT18,6,100.111.831,https://echa.europa.eu/substance-information/-/substanceinfo/100.111.831
Disilver oxide,243-957-1,20667-12-3,1412,PT11-Preservatives for liquid-cooling and processing systems,true,false,false,0,,,Sweden,Not approved,,,Decision 2014/227/EU,http://eur-lex.europa.eu/legal-content/EN/ALL/?uri=CELEX:32014D0227,-,Under assessment,https://echa.europa.eu/information-on-chemicals/biocidal-active-substances/-/disas/factsheet/1412/PT11,0,100.039.946,https://echa.europa.eu/substance-information/-/substanceinfo/100.039.946
Disodium octaborate tetrahydrate,234-541-0,12280-03-4,28,PT08-Wood preservatives,true,false,false,0,01/09/2011,31/08/2021,Netherlands,Expired,,,Directive 2009/96/EC,http://eur-lex.europa.eu/legal-content/EN/ALL/?uri=CELEX:32009L0096,EU-0005371-0000,Yes,https://echa.europa.eu/information-on-chemicals/biocidal-active-substances/-/disas/factsheet/28/PT08,3,100.114.740,https://echa.europa.eu/substance-information/-/substanceinfo/100.114.740
Disodium peroxodisulphate/Sodium persulphate,231-892-1,7775-27-1,1294,PT04-Food and feed area,true,false,false,0,,,Portugal,,Initial application for approval in progress,Competent authority evaluation,,,-,Under assessment,https://echa.europa.eu/information-on-chemicals/biocidal-active-substances/-/disas/factsheet/1294/PT04,0,100.028.993,https://echa.europa.eu/substance-information/-/substanceinfo/100.028.993
Disodium tetraborate,215-540-4,1330-43-4,68,PT08-Wood preservatives,true,false,false,0,01/09/2011,31/08/2021,Netherlands,Expired,,,Directive 2009/91/EC,http://eur-lex.europa.eu/legal-content/EN/ALL/?uri=CELEX:32009L0091,EU-0005420-0000,Yes,https://echa.europa.eu/information-on-chemicals/biocidal-active-substances/-/disas/factsheet/68/PT08,11,100.014.129,https://echa.europa.eu/substance-information/-/substanceinfo/100.014.129
Disodium tetraborate decahydrate,215-540-4,1303-96-4,69,PT08-Wood preservatives,true,false,false,0,01/09/2011,31/08/2021,Netherlands,Expired,,,Directive 2009/91/EC,http://eur-lex.europa.eu/legal-content/EN/ALL/?uri=CELEX:32009L0091,EU-0005421-0000,Yes,https://echa.europa.eu/information-on-chemicals/biocidal-active-substances/-/disas/factsheet/69/PT08,6,100.129.152,https://echa.europa.eu/substance-information/-/substanceinfo/100.129.152
Disodium tetraborate pentahydrate,601-808-1,12179-04-3,29,PT08-Wood preservatives,true,false,false,0,01/09/2011,31/08/2026,Netherlands,Approved,Renewal in progress,Competent authority evaluation,COMMISSION IMPLEMENTING DECISION (EU) 2024/208 ,http://eur-lex.europa.eu/legal-content/EN/ALL/?uri=CELEX:32024D0208,EU-0005372-0000,Yes,https://echa.europa.eu/information-on-chemicals/biocidal-active-substances/-/disas/factsheet/29/PT08,7,100.131.090,https://echa.europa.eu/substance-information/-/substanceinfo/100.131.090
Diuron,206-354-4,330-54-1,1296,PT07-Film preservatives,true,false,false,0,,,Denmark,,Initial application for approval in progress,Competent authority evaluation,,,-,Yes,https://echa.europa.eu/information-on-chemicals/biocidal-active-substances/-/disas/factsheet/1296/PT07,0,100.005.778,https://echa.europa.eu/substance-information/-/substanceinfo/100.005.778
Diuron,206-354-4,330-54-1,1296,PT10-Construction material preservatives,true,false,false,0,,,Denmark,,Initial application for approval in progress,Competent authority evaluation,,,-,Yes,https://echa.europa.eu/information-on-chemicals/biocidal-active-substances/-/disas/factsheet/1296/PT10,0,100.005.778,https://echa.europa.eu/substance-information/-/substanceinfo/100.005.778
Dodecylguanidine monohydrochloride,237-030-0,13590-97-1,1297,PT06-Preservatives for products during storage,true,false,false,0,,,Spain,,Initial application for approval in progress,Competent authority evaluation,,,-,Under assessment,https://echa.europa.eu/information-on-chemicals/biocidal-active-substances/-/disas/factsheet/1297/PT06,0,100.033.649,https://echa.europa.eu/substance-information/-/substanceinfo/100.033.649
Dodecylguanidine monohydrochloride,237-030-0,13590-97-1,1297,PT11-Preservatives for liquid-cooling and processing systems,true,false,false,0,,,Spain,,Initial application for approval in progress,Competent authority evaluation,,,-,Under assessment,https://echa.europa.eu/information-on-chemicals/biocidal-active-substances/-/disas/factsheet/1297/PT11,0,100.033.649,https://echa.europa.eu/substance-information/-/substanceinfo/100.033.649
epsilon-Metofluthrin,-,240494-71-7,2463,PT19-Repellents and attractants,false,true,false,0,,,Spain,,Initial application for approval in progress,Commission decision,,,-,Yes,https://echa.europa.eu/information-on-chemicals/biocidal-active-substances/-/disas/factsheet/2463/PT19,0,100.278.770,https://echa.europa.eu/substance-information/-/substanceinfo/100.278.770
epsilon-Momfluorothrin,-,1065124-65-3,1445,"PT18-Insecticides, acaricides and products to control other arthropods",false,true,false,0,01/07/2017,30/06/2027,United Kingdom,Approved,,,Reg. (EU)2016/2289,http://eur-lex.europa.eu/legal-content/EN/ALL/?uri=CELEX:32016R2289,EU-0015059-0000,No,https://echa.europa.eu/information-on-chemicals/biocidal-active-substances/-/disas/factsheet/1445/PT18,0,100.249.276,https://echa.europa.eu/substance-information/-/substanceinfo/100.249.276
Esfenvalerate/(S)-α-Cyano-3-phenox- ybenzyl (S)-2-(4-chlorophenyl)-3-methylbutyrate (Esfenvalerate),613-911-9,66230-04-4,1302,"PT18-Insecticides, acaricides and products to control other arthropods",true,false,false,0,,,Portugal,No longer supported,,,Decision (EU) 2018/1622 ,http://eur-lex.europa.eu/legal-content/EN/ALL/?uri=CELEX:32018D1622,-,Under assessment,https://echa.europa.eu/information-on-chemicals/biocidal-active-substances/-/disas/factsheet/1302/PT18,0,100.118.804,https://echa.europa.eu/substance-information/-/substanceinfo/100.118.804
Ethanol,200-578-6,64-17-5,1303,PT01-Human hygiene,true,false,false,0,,,Greece,,Initial application for approval in progress,Opinion development by BPC,,,-,Under assessment,https://echa.europa.eu/information-on-chemicals/biocidal-active-substances/-/disas/factsheet/1303/PT01,0,100.000.526,https://echa.europa.eu/substance-information/-/substanceinfo/100.000.526
Ethanol,200-578-6,64-17-5,1303,PT02-Disinfectants and algaecides not intended for direct application to humans or animals,true,false,false,0,,,Greece,,Initial application for approval in progress,Opinion development by BPC,,,-,Under assessment,https://echa.europa.eu/information-on-chemicals/biocidal-active-substances/-/disas/factsheet/1303/PT02,0,100.000.526,https://echa.europa.eu/substance-information/-/substanceinfo/100.000.526
Ethanol,200-578-6,64-17-5,1303,PT04-Food and feed area,true,false,false,0,,,Greece,,Initial application for approval in progress,Opinion development by BPC,,,-,Under assessment,https://echa.europa.eu/information-on-chemicals/biocidal-active-substances/-/disas/factsheet/1303/PT04,0,100.000.526,https://echa.europa.eu/substance-information/-/substanceinfo/100.000.526
Ethanol,200-578-6,64-17-5,1303,PT06-Preservatives for products during storage,false,true,false,0,,,Greece,,Initial application for approval in progress,Competent authority evaluation,,,-,Under assessment,https://echa.europa.eu/information-on-chemicals/biocidal-active-substances/-/disas/factsheet/1303/PT06,0,100.000.526,https://echa.europa.eu/substance-information/-/substanceinfo/100.000.526
Ethyl butylacetylaminopropionate,257-835-0,52304-36-6,1320,PT19-Repellents and attractants,true,false,false,0,01/11/2015,31/10/2025,Belgium,Approved,Renewal in progress,Competent authority evaluation,Regulation (EU) 406/2014,http://eur-lex.europa.eu/legal-content/EN/ALL/?uri=CELEX:32014R0406,EU-0005715-0000,Under assessment,https://echa.europa.eu/information-on-chemicals/biocidal-active-substances/-/disas/factsheet/1320/PT19,334,100.052.560,https://echa.europa.eu/substance-information/-/substanceinfo/100.052.560
Ethylene oxide,200-849-9,75-21-8,1304,PT02-Disinfectants and algaecides not intended for direct application to humans or animals,true,false,false,0,,,Norway,Not approved,,,Commission Implementing Decision (EU) 2025/1074 ,http://eur-lex.europa.eu/legal-content/EN/ALL/?uri=CELEX:32025D1074,-,Yes,https://echa.europa.eu/information-on-chemicals/biocidal-active-substances/-/disas/factsheet/1304/PT02,0,100.000.773,https://echa.europa.eu/substance-information/-/substanceinfo/100.000.773
etofenprox,407-980-2,80844-07-1,30,PT08-Wood preservatives,true,false,false,0,01/02/2010,31/10/2026,Austria,Approved,,,Decision (EU) 2022/1487,http://eur-lex.europa.eu/legal-content/EN/ALL/?uri=CELEX:32022D1487,EU-0005373-0000,Yes,https://echa.europa.eu/information-on-chemicals/biocidal-active-substances/-/disas/factsheet/30/PT08,0,100.100.942,https://echa.europa.eu/substance-information/-/substanceinfo/100.100.942
etofenprox,407-980-2,80844-07-1,30,"PT18-Insecticides, acaricides and products to control other arthropods",true,false,false,0,01/07/2015,31/12/2027,Austria,Approved,,,Decision (EU) 2025/434,http://eur-lex.europa.eu/legal-content/EN/ALL/?uri=CELEX:32025D0434,EU-0005374-0000,Yes,https://echa.europa.eu/information-on-chemicals/biocidal-active-substances/-/disas/factsheet/30/PT18,11,100.100.942,https://echa.europa.eu/substance-information/-/substanceinfo/100.100.942
"Eucalyptus citriodora oil and citronellal, hydrated, cyclized",-,-,2084,PT19-Repellents and attractants,true,false,false,0,,,-,No longer supported,,,Decision (EU) 2021/1283     ,http://eur-lex.europa.eu/legal-content/EN/ALL/?uri=CELEX:32021D1283,-,Under assessment,https://echa.europa.eu/information-on-chemicals/biocidal-active-substances/-/disas/factsheet/2084/PT19,0,100.278.398,https://echa.europa.eu/substance-information/-/substanceinfo/100.278.398
"Eucalyptus citriodora oil, hydrated, cyclized",-,1245629-80-4,1272,PT19-Repellents and attractants,true,false,false,0,,,Czechia,,Initial application for approval in progress,Competent authority evaluation,,,-,Under assessment,https://echa.europa.eu/information-on-chemicals/biocidal-active-substances/-/disas/factsheet/1272/PT19,0,100.226.893,https://echa.europa.eu/substance-information/-/substanceinfo/100.226.893
Fenoxycarb,276-696-7,72490-01-8,31,PT08-Wood preservatives,true,false,false,0,01/02/2013,31/01/2023,Germany,Expired,,,Directive 2011/12/EU,http://eur-lex.europa.eu/legal-content/EN/ALL/?uri=CELEX:32011L0012,EU-0005375-0000,No,https://echa.europa.eu/information-on-chemicals/biocidal-active-substances/-/disas/factsheet/31/PT08,1,100.069.702,https://echa.europa.eu/substance-information/-/substanceinfo/100.069.702
fenpropimorph,266-719-9,67564-91-4,32,PT08-Wood preservatives,true,false,false,0,01/07/2011,30/06/2021,Spain,Expired,,,Directive 2009/86/EC,http://eur-lex.europa.eu/legal-content/EN/ALL/?uri=CELEX:32009L0086,EU-0005376-0000,Yes,https://echa.europa.eu/information-on-chemicals/biocidal-active-substances/-/disas/factsheet/32/PT08,4,100.060.636,https://echa.europa.eu/substance-information/-/substanceinfo/100.060.636
fipronil,424-610-5,120068-37-3,33,"PT18-Insecticides, acaricides and products to control other arthropods",true,false,false,0,01/10/2013,30/09/2023,France,Expired,,,Directive 2011/79/EU,http://eur-lex.europa.eu/legal-content/EN/ALL/?uri=CELEX:32011L0079,EU-0005377-0000,Yes,https://echa.europa.eu/information-on-chemicals/biocidal-active-substances/-/disas/factsheet/33/PT18,7,100.102.312,https://echa.europa.eu/substance-information/-/substanceinfo/100.102.312
Flocoumafen,421-960-0,90035-08-8,34,PT14-Rodenticides,true,false,false,0,01/10/2011,31/12/2026,Netherlands,Approved,Renewal in progress,Opinion development by BPC,Commission Implementing Decision (EU) 2024/734,http://eur-lex.europa.eu/legal-content/EN/ALL/?uri=CELEX:32024D0734,EU-0005378-0000,Yes,https://echa.europa.eu/information-on-chemicals/biocidal-active-substances/-/disas/factsheet/34/PT14,7,100.102.053,https://echa.europa.eu/substance-information/-/substanceinfo/100.102.053
Fludioxonil,603-476-3,131341-86-1,1416,PT07-Film preservatives,false,true,false,0,01/04/2018,31/03/2028,Denmark,Approved,,,Commission Implementing Regulation (EU) 2017/2003 ,http://eur-lex.europa.eu/legal-content/EN/ALL/?uri=CELEX:32017R2003,EU-0016708-0000,No,https://echa.europa.eu/information-on-chemicals/biocidal-active-substances/-/disas/factsheet/1416/PT07,0,100.125.684,https://echa.europa.eu/substance-information/-/substanceinfo/100.125.684
Fludioxonil,603-476-3,131341-86-1,1416,"PT09-Fibre, leather, rubber and polymerised materials preservatives",false,true,false,0,01/04/2018,31/03/2028,Denmark,Approved,,,Commission Implementing Regulation (EU) 2017/2003 ,http://eur-lex.europa.eu/legal-content/EN/ALL/?uri=CELEX:32017R2003,EU-0016709-0000,No,https://echa.europa.eu/information-on-chemicals/biocidal-active-substances/-/disas/factsheet/1416/PT09,0,100.125.684,https://echa.europa.eu/substance-information/-/substanceinfo/100.125.684
Fludioxonil,603-476-3,131341-86-1,1416,PT10-Construction material preservatives,false,true,false,0,01/04/2018,31/03/2028,Denmark,Approved,,,Commission Implementing Regulation (EU) 2017/2003 ,http://eur-lex.europa.eu/legal-content/EN/ALL/?uri=CELEX:32017R2003,EU-0016710-0000,No,https://echa.europa.eu/information-on-chemicals/biocidal-active-substances/-/disas/factsheet/1416/PT10,0,100.125.684,https://echa.europa.eu/substance-information/-/substanceinfo/100.125.684
flufenoxuron,417-680-3,101463-69-8,35,PT08-Wood preservatives,true,false,false,0,01/02/2014,31/01/2017,France,Expired,,,Directive 2012/20/EU,http://eur-lex.europa.eu/legal-content/EN/ALL/?uri=CELEX:32012L0020,EU-0005379-0000,Yes,https://echa.europa.eu/information-on-chemicals/biocidal-active-substances/-/disas/factsheet/35/PT08,0,100.101.654,https://echa.europa.eu/substance-information/-/substanceinfo/100.101.654
Formaldehyde,200-001-8,50-00-0,1306,PT02-Disinfectants and algaecides not intended for direct application to humans or animals,true,false,false,0,01/02/2022,31/07/2027,Germany,Approved,Renewal in progress,Competent authority evaluation,Commission Implementing Decision (EU) 2024/2421 ,http://eur-lex.europa.eu/legal-content/EN/ALL/?uri=CELEX:32024D2421,EU-0018402-0000,Yes,https://echa.europa.eu/information-on-chemicals/biocidal-active-substances/-/disas/factsheet/1306/PT02,0,100.000.002,https://echa.europa.eu/substance-information/-/substanceinfo/100.000.002
Formaldehyde,200-001-8,50-00-0,1306,PT03-Veterinary hygiene,true,false,false,0,01/02/2022,31/07/2027,Germany,Approved,Renewal in progress,Competent authority evaluation,Commission Implementing Decision (EU) 2024/2421 ,http://eur-lex.europa.eu/legal-content/EN/ALL/?uri=CELEX:32024D2421,EU-0013864-0000,Yes,https://echa.europa.eu/information-on-chemicals/biocidal-active-substances/-/disas/factsheet/1306/PT03,8,100.000.002,https://echa.europa.eu/substance-information/-/substanceinfo/100.000.002
Formaldehyde,200-001-8,50-00-0,1306,PT22-Embalming and taxidermist fluids,true,false,false,0,,,Germany,,Initial application for approval in progress,Competent authority evaluation,,,-,Yes,https://echa.europa.eu/information-on-chemicals/biocidal-active-substances/-/disas/factsheet/1306/PT22,0,100.000.002,https://echa.europa.eu/substance-information/-/substanceinfo/100.000.002
formaldehyde released from the reaction products of paraformaldehyde and 2-hydroxypropylamine (ratio 1:1),-,-,1217,PT02-Disinfectants and algaecides not intended for direct application to humans or animals,true,false,false,0,,,Austria,,Initial application for approval in progress,Commission decision,,,-,Yes,https://echa.europa.eu/information-on-chemicals/biocidal-active-substances/-/disas/factsheet/1217/PT02,0,100.389.599,https://echa.europa.eu/substance-information/-/substanceinfo/100.389.599
formaldehyde released from the reaction products of paraformaldehyde and 2-hydroxypropylamine (ratio 1:1),-,-,1217,PT06-Preservatives for products during storage,true,false,false,0,,,Austria,,Initial application for approval in progress,Commission decision,,,-,Yes,https://echa.europa.eu/information-on-chemicals/biocidal-active-substances/-/disas/factsheet/1217/PT06,0,100.389.599,https://echa.europa.eu/substance-information/-/substanceinfo/100.389.599
formaldehyde released from the reaction products of paraformaldehyde and 2-hydroxypropylamine (ratio 1:1),-,-,1217,PT11-Preservatives for liquid-cooling and processing systems,true,false,false,0,,,Austria,,Initial application for approval in progress,Commission decision,,,-,Yes,https://echa.europa.eu/information-on-chemicals/biocidal-active-substances/-/disas/factsheet/1217/PT11,0,100.389.599,https://echa.europa.eu/substance-information/-/substanceinfo/100.389.599
formaldehyde released from the reaction products of paraformaldehyde and 2-hydroxypropylamine (ratio 1:1),-,-,1217,PT13-Working or cutting fluid preservatives,true,false,false,0,,,Austria,,Initial application for approval in progress,Commission decision,,,-,Yes,https://echa.europa.eu/information-on-chemicals/biocidal-active-substances/-/disas/factsheet/1217/PT13,0,100.389.599,https://echa.europa.eu/substance-information/-/substanceinfo/100.389.599
formaldehyde released from the reaction products of paraformaldehyde and 2-hydroxypropylamine (ratio 3:2),-,-,1337,PT02-Disinfectants and algaecides not intended for direct application to humans or animals,true,false,false,0,,,Austria,,Initial application for approval in progress,Commission decision,,,-,Yes,https://echa.europa.eu/information-on-chemicals/biocidal-active-substances/-/disas/factsheet/1337/PT02,0,100.251.393,https://echa.europa.eu/substance-information/-/substanceinfo/100.251.393
formaldehyde released from the reaction products of paraformaldehyde and 2-hydroxypropylamine (ratio 3:2),-,-,1337,PT06-Preservatives for products during storage,true,false,false,0,,,Austria,,Initial application for approval in progress,Commission decision,,,-,Yes,https://echa.europa.eu/information-on-chemicals/biocidal-active-substances/-/disas/factsheet/1337/PT06,0,100.251.393,https://echa.europa.eu/substance-information/-/substanceinfo/100.251.393
formaldehyde released from the reaction products of paraformaldehyde and 2-hydroxypropylamine (ratio 3:2),-,-,1337,PT11-Preservatives for liquid-cooling and processing systems,true,false,false,0,,,Austria,,Initial application for approval in progress,Commission decision,,,-,Yes,https://echa.europa.eu/information-on-chemicals/biocidal-active-substances/-/disas/factsheet/1337/PT11,0,100.251.393,https://echa.europa.eu/substance-information/-/substanceinfo/100.251.393
formaldehyde released from the reaction products of paraformaldehyde and 2-hydroxypropylamine (ratio 3:2),-,-,1337,PT12-Slimicides,true,false,false,0,,,Austria,,Initial application for approval in progress,Commission decision,,,-,Yes,https://echa.europa.eu/information-on-chemicals/biocidal-active-substances/-/disas/factsheet/1337/PT12,0,100.251.393,https://echa.europa.eu/substance-information/-/substanceinfo/100.251.393
formaldehyde released from the reaction products of paraformaldehyde and 2-hydroxypropylamine (ratio 3:2),-,-,1337,PT13-Working or cutting fluid preservatives,true,false,false,0,,,Austria,,Initial application for approval in progress,Commission decision,,,-,Yes,https://echa.europa.eu/information-on-chemicals/biocidal-active-substances/-/disas/factsheet/1337/PT13,0,100.251.393,https://echa.europa.eu/substance-information/-/substanceinfo/100.251.393
Formic acid,200-579-1,64-18-6,1307,PT02-Disinfectants and algaecides not intended for direct application to humans or animals,true,false,false,0,01/11/2024,31/10/2034,Belgium,Approved,,,COMMISSION IMPLEMENTING REGULATION (EU) 2023/2643,http://eur-lex.europa.eu/legal-content/EN/ALL/?uri=CELEX:32023R2643,EU-0028937-0000,No,https://echa.europa.eu/information-on-chemicals/biocidal-active-substances/-/disas/factsheet/1307/PT02,0,100.000.527,https://echa.europa.eu/substance-information/-/substanceinfo/100.000.527
Formic acid,200-579-1,64-18-6,1307,PT03-Veterinary hygiene,true,false,false,0,01/11/2024,31/10/2034,Belgium,Approved,,,COMMISSION IMPLEMENTING REGULATION (EU) 2023/2643,http://eur-lex.europa.eu/legal-content/EN/ALL/?uri=CELEX:32023R2643,EU-0028939-0000,No,https://echa.europa.eu/information-on-chemicals/biocidal-active-substances/-/disas/factsheet/1307/PT03,0,100.000.527,https://echa.europa.eu/substance-information/-/substanceinfo/100.000.527
Formic acid,200-579-1,64-18-6,1307,PT04-Food and feed area,true,false,false,0,01/11/2024,31/10/2034,Belgium,Approved,,,COMMISSION IMPLEMENTING REGULATION (EU) 2023/2643,http://eur-lex.europa.eu/legal-content/EN/ALL/?uri=CELEX:32023R2643,EU-0028955-0000,No,https://echa.europa.eu/information-on-chemicals/biocidal-active-substances/-/disas/factsheet/1307/PT04,0,100.000.527,https://echa.europa.eu/substance-information/-/substanceinfo/100.000.527
Formic acid,200-579-1,64-18-6,1307,PT05-Drinking water,true,false,false,0,01/11/2024,31/10/2034,Belgium,Approved,,,COMMISSION IMPLEMENTING REGULATION (EU) 2023/2643,http://eur-lex.europa.eu/legal-content/EN/ALL/?uri=CELEX:32023R2643,EU-0028941-0000,No,https://echa.europa.eu/information-on-chemicals/biocidal-active-substances/-/disas/factsheet/1307/PT05,0,100.000.527,https://echa.europa.eu/substance-information/-/substanceinfo/100.000.527
Formic acid,200-579-1,64-18-6,1307,PT06-Preservatives for products during storage,true,false,false,0,,,Belgium,,Initial application for approval in progress,Commission decision,,,-,No,https://echa.europa.eu/information-on-chemicals/biocidal-active-substances/-/disas/factsheet/1307/PT06,0,100.000.527,https://echa.europa.eu/substance-information/-/substanceinfo/100.000.527
Formic acid,200-579-1,64-18-6,1307,PT11-Preservatives for liquid-cooling and processing systems,true,false,false,0,,,Belgium,No longer supported,,,Decision (EU) 2020/1036 ,http://eur-lex.europa.eu/legal-content/EN/ALL/?uri=CELEX:32020D1036,-,Under assessment,https://echa.europa.eu/information-on-chemicals/biocidal-active-substances/-/disas/factsheet/1307/PT11,0,100.000.527,https://echa.europa.eu/substance-information/-/substanceinfo/100.000.527
Formic acid,200-579-1,64-18-6,1307,PT12-Slimicides,true,false,false,0,,,Belgium,No longer supported,,,Decision (EU) 2020/1036 ,http://eur-lex.europa.eu/legal-content/EN/ALL/?uri=CELEX:32020D1036,-,No,https://echa.europa.eu/information-on-chemicals/biocidal-active-substances/-/disas/factsheet/1307/PT12,0,100.000.527,https://echa.europa.eu/substance-information/-/substanceinfo/100.000.527
Free radicals generated in situ from ambient air or water,-,-,1563,PT02-Disinfectants and algaecides not intended for direct application to humans or animals,false,true,false,0,,,Austria|Netherlands,,Initial application for approval in progress,Competent authority evaluation,,,-,Under assessment,https://echa.europa.eu/information-on-chemicals/biocidal-active-substances/-/disas/factsheet/1563/PT02,0,100.244.511,https://echa.europa.eu/substance-information/-/substanceinfo/100.244.511
Free radicals generated in situ from ambient air or water,-,-,1563,PT03-Veterinary hygiene,false,true,false,0,,,Netherlands,,Initial application for approval in progress,Competent authority evaluation,,,-,Under assessment,https://echa.europa.eu/information-on-chemicals/biocidal-active-substances/-/disas/factsheet/1563/PT03,0,100.244.511,https://echa.europa.eu/substance-information/-/substanceinfo/100.244.511
Free radicals generated in situ from ambient air or water,-,-,1563,PT04-Food and feed area,false,true,false,0,,,Austria|Netherlands,,Initial application for approval in progress,Competent authority evaluation,,,-,Under assessment,https://echa.europa.eu/information-on-chemicals/biocidal-active-substances/-/disas/factsheet/1563/PT04,0,100.244.511,https://echa.europa.eu/substance-information/-/substanceinfo/100.244.511
Free radicals generated in situ from ambient air or water,-,-,1563,PT05-Drinking water,false,true,false,0,,,Netherlands,,Initial application for approval in progress,Competent authority evaluation,,,-,Under assessment,https://echa.europa.eu/information-on-chemicals/biocidal-active-substances/-/disas/factsheet/1563/PT05,0,100.244.511,https://echa.europa.eu/substance-information/-/substanceinfo/100.244.511
Free radicals generated in situ from ambient air or water,-,-,1563,PT07-Film preservatives,false,true,false,0,,,Netherlands,,Initial application for approval in progress,Competent authority evaluation,,,-,Under assessment,https://echa.europa.eu/information-on-chemicals/biocidal-active-substances/-/disas/factsheet/1563/PT07,0,100.244.511,https://echa.europa.eu/substance-information/-/substanceinfo/100.244.511
Free radicals generated in situ from ambient air or water,-,-,1563,"PT09-Fibre, leather, rubber and polymerised materials preservatives",false,true,false,0,,,Austria,,Initial application for approval in progress,Competent authority evaluation,,,-,Under assessment,https://echa.europa.eu/information-on-chemicals/biocidal-active-substances/-/disas/factsheet/1563/PT09,0,100.244.511,https://echa.europa.eu/substance-information/-/substanceinfo/100.244.511
Free radicals generated in situ from ambient air or water,-,-,1563,PT11-Preservatives for liquid-cooling and processing systems,false,true,false,0,,,Netherlands,,Initial application for approval in progress,Competent authority evaluation,,,-,Under assessment,https://echa.europa.eu/information-on-chemicals/biocidal-active-substances/-/disas/factsheet/1563/PT11,0,100.244.511,https://echa.europa.eu/substance-information/-/substanceinfo/100.244.511
Free radicals generated in situ from ambient air or water,-,-,1563,PT12-Slimicides,false,true,false,0,,,Netherlands,,Initial application for approval in progress,Competent authority evaluation,,,-,Under assessment,https://echa.europa.eu/information-on-chemicals/biocidal-active-substances/-/disas/factsheet/1563/PT12,0,100.244.511,https://echa.europa.eu/substance-information/-/substanceinfo/100.244.511
Free radicals generated in situ from ambient air or water,-,-,1563,PT13-Working or cutting fluid preservatives,false,true,false,0,,,Netherlands,,Initial application for approval in progress,Competent authority evaluation,,,-,Under assessment,https://echa.europa.eu/information-on-chemicals/biocidal-active-substances/-/disas/factsheet/1563/PT13,0,100.244.511,https://echa.europa.eu/substance-information/-/substanceinfo/100.244.511
Free radicals generated in situ from ambient air or water,-,-,1563,PT21-Antifouling products,false,true,false,0,,,Austria|Netherlands,,Initial application for approval in progress,Competent authority evaluation,,,-,Under assessment,https://echa.europa.eu/information-on-chemicals/biocidal-active-substances/-/disas/factsheet/1563/PT21,0,100.244.511,https://echa.europa.eu/substance-information/-/substanceinfo/100.244.511
"Garlic, ext.",232-371-1,8008-99-9,2144,PT19-Repellents and attractants,true,false,false,0,,,-,No longer supported,,,Commission Implementing Decision (EU) 2024/888 ,http://eur-lex.europa.eu/legal-content/EN/ALL/?uri=CELEX:32024D0888,-,Under assessment,https://echa.europa.eu/information-on-chemicals/biocidal-active-substances/-/disas/factsheet/2144/PT19,0,100.029.426,https://echa.europa.eu/substance-information/-/substanceinfo/100.029.426
Geraniol,203-377-1,106-24-1,1308,"PT18-Insecticides, acaricides and products to control other arthropods",true,false,false,0,,,France,,Commission decision (participant withdrawal),-,,,-,Under assessment,https://echa.europa.eu/information-on-chemicals/biocidal-active-substances/-/disas/factsheet/1308/PT18,0,100.003.071,https://echa.europa.eu/substance-information/-/substanceinfo/100.003.071
Geraniol,203-377-1,106-24-1,1308,PT19-Repellents and attractants,true,false,false,0,,,France,,Commission decision (participant withdrawal),-,,,-,Under assessment,https://echa.europa.eu/information-on-chemicals/biocidal-active-substances/-/disas/factsheet/1308/PT19,0,100.003.071,https://echa.europa.eu/substance-information/-/substanceinfo/100.003.071
Glutaral (Glutaraldehyde),203-856-5,111-30-8,1310,PT01-Human hygiene,true,false,false,0,,,Finland,Not approved,,,Decision 2014/227/EU,http://eur-lex.europa.eu/legal-content/EN/ALL/?uri=CELEX:32014D0227,-,Yes,https://echa.europa.eu/information-on-chemicals/biocidal-active-substances/-/disas/factsheet/1310/PT01,0,100.003.506,https://echa.europa.eu/substance-information/-/substanceinfo/100.003.506
Glutaral (Glutaraldehyde),203-856-5,111-30-8,1310,PT02-Disinfectants and algaecides not intended for direct application to humans or animals,true,false,false,0,01/10/2016,30/09/2026,Finland,Approved,Renewal in progress,Competent authority evaluation,(EU)2015/1759,http://eur-lex.europa.eu/legal-content/EN/ALL/?uri=CELEX:32015R1759,EU-0012174-0000,Under assessment,https://echa.europa.eu/information-on-chemicals/biocidal-active-substances/-/disas/factsheet/1310/PT02,5,100.003.506,https://echa.europa.eu/substance-information/-/substanceinfo/100.003.506
Glutaral (Glutaraldehyde),203-856-5,111-30-8,1310,PT03-Veterinary hygiene,true,false,false,0,01/10/2016,30/09/2026,Finland,Approved,Renewal in progress,Competent authority evaluation,(EU)2015/1759,http://eur-lex.europa.eu/legal-content/EN/ALL/?uri=CELEX:32015R1759,EU-0012175-0000,Under assessment,https://echa.europa.eu/information-on-chemicals/biocidal-active-substances/-/disas/factsheet/1310/PT03,0,100.003.506,https://echa.europa.eu/substance-information/-/substanceinfo/100.003.506
Glutaral (Glutaraldehyde),203-856-5,111-30-8,1310,PT04-Food and feed area,true,false,false,0,01/10/2016,30/09/2026,Finland,Approved,Renewal in progress,Competent authority evaluation,(EU)2015/1759,http://eur-lex.europa.eu/legal-content/EN/ALL/?uri=CELEX:32015R1759,EU-0012176-0000,Under assessment,https://echa.europa.eu/information-on-chemicals/biocidal-active-substances/-/disas/factsheet/1310/PT04,6,100.003.506,https://echa.europa.eu/substance-information/-/substanceinfo/100.003.506
Glutaral (Glutaraldehyde),203-856-5,111-30-8,1310,PT06-Preservatives for products during storage,true,false,false,0,01/10/2016,30/09/2026,Finland,Approved,Renewal in progress,Competent authority evaluation,(EU)2015/1759,http://eur-lex.europa.eu/legal-content/EN/ALL/?uri=CELEX:32015R1759,EU-0012179-0000,Under assessment,https://echa.europa.eu/information-on-chemicals/biocidal-active-substances/-/disas/factsheet/1310/PT06,2,100.003.506,https://echa.europa.eu/substance-information/-/substanceinfo/100.003.506
Glutaral (Glutaraldehyde),203-856-5,111-30-8,1310,PT11-Preservatives for liquid-cooling and processing systems,true,false,false,0,01/10/2016,30/09/2026,Finland,Approved,Renewal in progress,Competent authority evaluation,(EU)2015/1759,http://eur-lex.europa.eu/legal-content/EN/ALL/?uri=CELEX:32015R1759,EU-0012178-0000,Under assessment,https://echa.europa.eu/information-on-chemicals/biocidal-active-substances/-/disas/factsheet/1310/PT11,5,100.003.506,https://echa.europa.eu/substance-information/-/substanceinfo/100.003.506
Glutaral (Glutaraldehyde),203-856-5,111-30-8,1310,PT12-Slimicides,true,false,false,0,01/10/2016,30/09/2026,Finland,Approved,Renewal in progress,Competent authority evaluation,(EU)2015/1759,http://eur-lex.europa.eu/legal-content/EN/ALL/?uri=CELEX:32015R1759,EU-0012181-0000,Under assessment,https://echa.europa.eu/information-on-chemicals/biocidal-active-substances/-/disas/factsheet/1310/PT12,5,100.003.506,https://echa.europa.eu/substance-information/-/substanceinfo/100.003.506
Glutaral (Glutaraldehyde),203-856-5,111-30-8,1310,PT13-Working or cutting fluid preservatives,true,false,false,0,,,Finland,Not approved,,,Decision 2014/227/EU,http://eur-lex.europa.eu/legal-content/EN/ALL/?uri=CELEX:32014D0227,-,Yes,https://echa.europa.eu/information-on-chemicals/biocidal-active-substances/-/disas/factsheet/1310/PT13,0,100.003.506,https://echa.europa.eu/substance-information/-/substanceinfo/100.003.506
Glycolic acid,201-180-5,79-14-1,1311,PT02-Disinfectants and algaecides not intended for direct application to humans or animals,true,false,false,0,,,Netherlands,,Initial application for approval in progress,Competent authority evaluation,,,-,Under assessment,https://echa.europa.eu/information-on-chemicals/biocidal-active-substances/-/disas/factsheet/1311/PT02,0,100.001.073,https://echa.europa.eu/substance-information/-/substanceinfo/100.001.073
Glycolic acid,201-180-5,79-14-1,1311,PT03-Veterinary hygiene,true,false,false,0,,,Netherlands,,Initial application for approval in progress,Competent authority evaluation,,,-,Under assessment,https://echa.europa.eu/information-on-chemicals/biocidal-active-substances/-/disas/factsheet/1311/PT03,0,100.001.073,https://echa.europa.eu/substance-information/-/substanceinfo/100.001.073
Glycolic acid,201-180-5,79-14-1,1311,PT04-Food and feed area,true,false,false,0,,,Netherlands,,Initial application for approval in progress,Competent authority evaluation,,,-,Under assessment,https://echa.europa.eu/information-on-chemicals/biocidal-active-substances/-/disas/factsheet/1311/PT04,0,100.001.073,https://echa.europa.eu/substance-information/-/substanceinfo/100.001.073
Glyoxal,203-474-9,107-22-2,1312,PT02-Disinfectants and algaecides not intended for direct application to humans or animals,true,false,false,0,,,France,,Initial application for approval in progress,Commission decision,,,-,No,https://echa.europa.eu/information-on-chemicals/biocidal-active-substances/-/disas/factsheet/1312/PT02,0,100.003.160,https://echa.europa.eu/substance-information/-/substanceinfo/100.003.160
Glyoxal,203-474-9,107-22-2,1312,PT03-Veterinary hygiene,true,false,false,0,,,France,,Initial application for approval in progress,Commission decision,,,-,No,https://echa.europa.eu/information-on-chemicals/biocidal-active-substances/-/disas/factsheet/1312/PT03,0,100.003.160,https://echa.europa.eu/substance-information/-/substanceinfo/100.003.160
Glyoxal,203-474-9,107-22-2,1312,PT04-Food and feed area,true,false,false,0,,,France,,Initial application for approval in progress,Commission decision,,,-,No,https://echa.europa.eu/information-on-chemicals/biocidal-active-substances/-/disas/factsheet/1312/PT04,0,100.003.160,https://echa.europa.eu/substance-information/-/substanceinfo/100.003.160
Granulated copper,-,-,1444,PT08-Wood preservatives,false,true,false,0,01/01/2017,31/12/2026,France,Approved,Renewal in progress,Competent authority evaluation,Reg (EU) 2016/1094,http://eur-lex.europa.eu/legal-content/EN/ALL/?uri=CELEX:32016R1094,EU-0013661-0000,No,https://echa.europa.eu/information-on-chemicals/biocidal-active-substances/-/disas/factsheet/1444/PT08,3,100.240.917,https://echa.europa.eu/substance-information/-/substanceinfo/100.240.917
"Hexa-2,4-dienoic acid (Sorbic acid)",203-768-7,110-44-1,1313,PT06-Preservatives for products during storage,true,false,false,0,,,Germany,,Initial application for approval in progress,Competent authority evaluation,,,-,Under assessment,https://echa.europa.eu/information-on-chemicals/biocidal-active-substances/-/disas/factsheet/1313/PT06,0,100.003.427,https://echa.europa.eu/substance-information/-/substanceinfo/100.003.427
Honey,617-041-0,8028-66-8,2327,,false,,true,4,08/08/2019,,-,Approved,,,Regulation (EU) 2019/1822,http://eur-lex.europa.eu/legal-content/EN/ALL/?uri=CELEX:32019R1822,EU-0025427-0000,,https://echa.europa.eu/information-on-chemicals/biocidal-active-substances/-/disas/factsheet/2327/null,1,100.129.768,https://echa.europa.eu/substance-information/-/substanceinfo/100.129.768
Hydrochloric acid,231-595-7,7647-01-0,36,PT02-Disinfectants and algaecides not intended for direct application to humans or animals,true,false,false,0,01/05/2014,31/10/2026,Latvia,Approved,Renewal in progress,Opinion development by BPC,COMMISSION IMPLEMENTING DECISION (EU) 2023/2619,http://eur-lex.europa.eu/legal-content/EN/ALL/?uri=CELEX:32023D2619,EU-0005380-0000,Under assessment,https://echa.europa.eu/information-on-chemicals/biocidal-active-substances/-/disas/factsheet/36/PT02,575,100.028.723,https://echa.europa.eu/substance-information/-/substanceinfo/100.028.723
hydrogen cyanide,200-821-6,74-90-8,60,PT08-Wood preservatives,true,false,false,0,01/10/2014,31/03/2027,Czechia,Approved,Renewal in progress,Competent authority evaluation,Commission Implementing Decision (EU) 2024/1278 ,http://eur-lex.europa.eu/legal-content/EN/ALL/?uri=CELEX:32024D1278,EU-0005410-0000,Under assessment,https://echa.europa.eu/information-on-chemicals/biocidal-active-substances/-/disas/factsheet/60/PT08,1,100.000.747,https://echa.europa.eu/substance-information/-/substanceinfo/100.000.747
hydrogen cyanide,200-821-6,74-90-8,60,PT14-Rodenticides,true,false,false,0,01/10/2014,31/03/2027,Czechia,Approved,Renewal in progress,Competent authority evaluation,Commission Implementing Decision (EU) 2024/1278 ,http://eur-lex.europa.eu/legal-content/EN/ALL/?uri=CELEX:32024D1278,EU-0005411-0000,Under assessment,https://echa.europa.eu/information-on-chemicals/biocidal-active-substances/-/disas/factsheet/60/PT14,1,100.000.747,https://echa.europa.eu/substance-information/-/substanceinfo/100.000.747
hydrogen cyanide,200-821-6,74-90-8,60,"PT18-Insecticides, acaricides and products to control other arthropods",true,false,false,0,01/10/2014,31/03/2027,Czechia,Approved,Renewal in progress,Competent authority evaluation,Commission Implementing Decision (EU) 2024/1278 ,http://eur-lex.europa.eu/legal-content/EN/ALL/?uri=CELEX:32024D1278,EU-0005412-0000,Under assessment,https://echa.europa.eu/information-on-chemicals/biocidal-active-substances/-/disas/factsheet/60/PT18,1,100.000.747,https://echa.europa.eu/substance-information/-/substanceinfo/100.000.747
Hydrogen peroxide,231-765-0,7722-84-1,1315,PT01-Human hygiene,true,false,false,0,01/02/2017,31/01/2027,Finland,Approved,,,(EU)2015/1730,http://eur-lex.europa.eu/legal-content/EN/ALL/?uri=CELEX:32015R1730,EU-0012184-0000,No,https://echa.europa.eu/information-on-chemicals/biocidal-active-substances/-/disas/factsheet/1315/PT01,5,100.028.878,https://echa.europa.eu/substance-information/-/substanceinfo/100.028.878
Hydrogen peroxide,231-765-0,7722-84-1,1315,PT02-Disinfectants and algaecides not intended for direct application to humans or animals,true,false,false,0,01/02/2017,31/01/2027,Finland,Approved,,,(EU)2015/1730,http://eur-lex.europa.eu/legal-content/EN/ALL/?uri=CELEX:32015R1730,EU-0012185-0000,No,https://echa.europa.eu/information-on-chemicals/biocidal-active-substances/-/disas/factsheet/1315/PT02,104,100.028.878,https://echa.europa.eu/substance-information/-/substanceinfo/100.028.878
Hydrogen peroxide,231-765-0,7722-84-1,1315,PT03-Veterinary hygiene,true,false,false,0,01/02/2017,31/01/2027,Finland,Approved,,,(EU)2015/1730,http://eur-lex.europa.eu/legal-content/EN/ALL/?uri=CELEX:32015R1730,EU-0012180-0000,No,https://echa.europa.eu/information-on-chemicals/biocidal-active-substances/-/disas/factsheet/1315/PT03,17,100.028.878,https://echa.europa.eu/substance-information/-/substanceinfo/100.028.878
Hydrogen peroxide,231-765-0,7722-84-1,1315,PT04-Food and feed area,true,false,false,0,01/02/2017,31/01/2027,Finland,Approved,,,(EU)2015/1730,http://eur-lex.europa.eu/legal-content/EN/ALL/?uri=CELEX:32015R1730,EU-0012177-0000,No,https://echa.europa.eu/information-on-chemicals/biocidal-active-substances/-/disas/factsheet/1315/PT04,113,100.028.878,https://echa.europa.eu/substance-information/-/substanceinfo/100.028.878
Hydrogen peroxide,231-765-0,7722-84-1,1315,PT05-Drinking water,true,false,false,0,01/02/2017,31/01/2027,Finland,Approved,,,(EU)2015/1730,http://eur-lex.europa.eu/legal-content/EN/ALL/?uri=CELEX:32015R1730,EU-0012183-0000,No,https://echa.europa.eu/information-on-chemicals/biocidal-active-substances/-/disas/factsheet/1315/PT05,5,100.028.878,https://echa.europa.eu/substance-information/-/substanceinfo/100.028.878
Hydrogen peroxide,231-765-0,7722-84-1,1315,PT06-Preservatives for products during storage,true,false,false,0,01/02/2017,31/01/2027,Finland,Approved,,,(EU)2015/1730,http://eur-lex.europa.eu/legal-content/EN/ALL/?uri=CELEX:32015R1730,EU-0012186-0000,No,https://echa.europa.eu/information-on-chemicals/biocidal-active-substances/-/disas/factsheet/1315/PT06,0,100.028.878,https://echa.europa.eu/substance-information/-/substanceinfo/100.028.878
Hydrogen peroxide,231-765-0,7722-84-1,1315,PT11-Preservatives for liquid-cooling and processing systems,true,false,false,0,,,Finland,,Initial application for approval in progress,Notified,,,-,Under assessment,https://echa.europa.eu/information-on-chemicals/biocidal-active-substances/-/disas/factsheet/1315/PT11,0,100.028.878,https://echa.europa.eu/substance-information/-/substanceinfo/100.028.878
Hydrogen peroxide,231-765-0,7722-84-1,1315,PT12-Slimicides,true,false,false,0,,,Finland,,Initial application for approval in progress,Notified,,,-,Under assessment,https://echa.europa.eu/information-on-chemicals/biocidal-active-substances/-/disas/factsheet/1315/PT12,0,100.028.878,https://echa.europa.eu/substance-information/-/substanceinfo/100.028.878
hydrogen peroxide released from sodium percarbonate,-,-,1829,PT02-Disinfectants and algaecides not intended for direct application to humans or animals,true,false,false,0,,,Finland,,Initial application for approval in progress,Competent authority evaluation,,,-,Under assessment,https://echa.europa.eu/information-on-chemicals/biocidal-active-substances/-/disas/factsheet/1829/PT02,0,100.265.855,https://echa.europa.eu/substance-information/-/substanceinfo/100.265.855
hydrogen peroxide released from sodium percarbonate,-,-,1829,PT03-Veterinary hygiene,true,false,false,0,,,Finland,,Initial application for approval in progress,Competent authority evaluation,,,-,Under assessment,https://echa.europa.eu/information-on-chemicals/biocidal-active-substances/-/disas/factsheet/1829/PT03,0,100.265.855,https://echa.europa.eu/substance-information/-/substanceinfo/100.265.855
hydrogen peroxide released from sodium percarbonate,-,-,1829,PT05-Drinking water,true,false,false,0,,,-,No longer supported,,,Decision (EU) 2020/1036 ,http://eur-lex.europa.eu/legal-content/EN/ALL/?uri=CELEX:32020D1036,-,Under assessment,https://echa.europa.eu/information-on-chemicals/biocidal-active-substances/-/disas/factsheet/1829/PT05,0,100.265.855,https://echa.europa.eu/substance-information/-/substanceinfo/100.265.855
Icaridin,423-210-8,119515-38-7,1316,PT19-Repellents and attractants,true,false,false,0,01/02/2022,31/01/2032,Denmark,Approved,,,Regulation (EU) 2020/1086,http://eur-lex.europa.eu/legal-content/EN/ALL/?uri=CELEX:32020R1086,EU-0022124-0000,No,https://echa.europa.eu/information-on-chemicals/biocidal-active-substances/-/disas/factsheet/1316/PT19,2,100.102.177,https://echa.europa.eu/substance-information/-/substanceinfo/100.102.177
imidacloprid,428-040-8,138261-41-3,37,"PT18-Insecticides, acaricides and products to control other arthropods",true,false,false,0,01/07/2013,31/12/2025,Germany,Approved,Renewal in progress,Competent authority evaluation,Decision (EU) 2023/460,http://eur-lex.europa.eu/legal-content/EN/ALL/?uri=CELEX:32023D0460,EU-0005381-0000,Yes,https://echa.europa.eu/information-on-chemicals/biocidal-active-substances/-/disas/factsheet/37/PT18,84,100.102.643,https://echa.europa.eu/substance-information/-/substanceinfo/100.102.643
Iodine,231-442-4,7553-56-2,1319,PT01-Human hygiene,true,false,false,0,01/09/2015,31/08/2025,Sweden,Approved,,,Regulation (EU) No 94/2014,http://eur-lex.europa.eu/legal-content/EN/ALL/?uri=CELEX:32014R0094,EU-0006489-0000,Yes,https://echa.europa.eu/information-on-chemicals/biocidal-active-substances/-/disas/factsheet/1319/PT01,4,100.028.585,https://echa.europa.eu/substance-information/-/substanceinfo/100.028.585
Iodine,231-442-4,7553-56-2,1319,PT03-Veterinary hygiene,true,false,false,0,01/09/2015,29/02/2028,Sweden,Approved,Renewal in progress,Competent authority evaluation,DECISION (EU) 2025/947,http://eur-lex.europa.eu/legal-content/EN/ALL/?uri=CELEX:32025D0947,EU-0006490-0000,Yes,https://echa.europa.eu/information-on-chemicals/biocidal-active-substances/-/disas/factsheet/1319/PT03,234,100.028.585,https://echa.europa.eu/substance-information/-/substanceinfo/100.028.585
Iodine,231-442-4,7553-56-2,1319,PT04-Food and feed area,true,false,false,0,01/09/2015,31/08/2025,Sweden,Approved,,,Regulation (EU) No 94/2014,http://eur-lex.europa.eu/legal-content/EN/ALL/?uri=CELEX:32014R0094,EU-0006491-0000,Yes,https://echa.europa.eu/information-on-chemicals/biocidal-active-substances/-/disas/factsheet/1319/PT04,5,100.028.585,https://echa.europa.eu/substance-information/-/substanceinfo/100.028.585
Iodine,231-442-4,7553-56-2,1319,PT22-Embalming and taxidermist fluids,true,false,false,0,01/09/2015,31/08/2025,Sweden,Approved,,,Regulation (EU) No 94/2014,http://eur-lex.europa.eu/legal-content/EN/ALL/?uri=CELEX:32014R0094,EU-0006492-0000,Yes,https://echa.europa.eu/information-on-chemicals/biocidal-active-substances/-/disas/factsheet/1319/PT22,0,100.028.585,https://echa.europa.eu/substance-information/-/substanceinfo/100.028.585
IRON,231-096-4,7439-89-6,2163,,false,,true,6,,,Ireland,Cancelled application,,,,,-,,https://echa.europa.eu/information-on-chemicals/biocidal-active-substances/-/disas/factsheet/2163/null,0,100.028.270,https://echa.europa.eu/substance-information/-/substanceinfo/100.028.270
Iron sulphate,231-753-5,7720-78-7,1437,,false,,true,7,01/09/2013,,-,Approved,,,Regulation (EU) 528/2012 Annex I,http://eur-lex.europa.eu/legal-content/EN/ALL/?uri=CELEX:32012R0528,EU-0012354-0000,,https://echa.europa.eu/information-on-chemicals/biocidal-active-substances/-/disas/factsheet/1437/null,0,100.028.867,https://echa.europa.eu/substance-information/-/substanceinfo/100.028.867
K-HDO,613-953-8,66603-10-9,40,PT08-Wood preservatives,true,false,false,0,01/07/2010,31/12/2026,Austria,Approved,Renewal in progress,Competent authority evaluation,Decision (EU) 2022/1488,http://eur-lex.europa.eu/legal-content/EN/ALL/?uri=CELEX:32022D1488,EU-0005384-0000,No,https://echa.europa.eu/information-on-chemicals/biocidal-active-substances/-/disas/factsheet/40/PT08,2,100.112.630,https://echa.europa.eu/substance-information/-/substanceinfo/100.112.630
L-(+)-lactic acid,201-196-2,79-33-4,1322,PT01-Human hygiene,false,true,false,0,01/07/2017,30/06/2027,Germany,Approved,,,Reg. (EU)2016/2291,http://eur-lex.europa.eu/legal-content/EN/ALL/?uri=CELEX:32016R2291,EU-0013660-0000,No,https://echa.europa.eu/information-on-chemicals/biocidal-active-substances/-/disas/factsheet/1322/PT01,2,100.001.088,https://echa.europa.eu/substance-information/-/substanceinfo/100.001.088
L-(+)-lactic acid,201-196-2,79-33-4,1322,PT02-Disinfectants and algaecides not intended for direct application to humans or animals,true,false,false,0,01/05/2019,30/04/2029,Germany,Approved,,,Reg (EU) 2017/2002,http://eur-lex.europa.eu/legal-content/EN/ALL/?uri=CELEX:32017R2002,EU-0018232-0000,No,https://echa.europa.eu/information-on-chemicals/biocidal-active-substances/-/disas/factsheet/1322/PT02,1022,100.001.088,https://echa.europa.eu/substance-information/-/substanceinfo/100.001.088
L-(+)-lactic acid,201-196-2,79-33-4,1322,PT03-Veterinary hygiene,true,false,false,0,01/05/2019,30/04/2029,Germany,Approved,,,Reg (EU) 2017/2002,http://eur-lex.europa.eu/legal-content/EN/ALL/?uri=CELEX:32017R2002,EU-0018236-0000,No,https://echa.europa.eu/information-on-chemicals/biocidal-active-substances/-/disas/factsheet/1322/PT03,129,100.001.088,https://echa.europa.eu/substance-information/-/substanceinfo/100.001.088
L-(+)-lactic acid,201-196-2,79-33-4,1322,PT04-Food and feed area,true,false,false,0,01/05/2019,30/04/2029,Germany,Approved,,,Reg (EU) 2017/2002,http://eur-lex.europa.eu/legal-content/EN/ALL/?uri=CELEX:32017R2002,EU-0018234-0000,No,https://echa.europa.eu/information-on-chemicals/biocidal-active-substances/-/disas/factsheet/1322/PT04,1052,100.001.088,https://echa.europa.eu/substance-information/-/substanceinfo/100.001.088
L-(+)-lactic acid,201-196-2,79-33-4,1322,PT06-Preservatives for products during storage,true,false,false,0,01/11/2023,31/10/2033,Germany,Approved,,,Regulation (EU) 2022/2048,http://eur-lex.europa.eu/legal-content/EN/ALL/?uri=CELEX:32022R2048,EU-0026812-0000,No,https://echa.europa.eu/information-on-chemicals/biocidal-active-substances/-/disas/factsheet/1322/PT06,0,100.001.088,https://echa.europa.eu/substance-information/-/substanceinfo/100.001.088
Lactic acid,200-018-0,-,1421,,false,,true,1,01/09/2013,,-,Approved,,,Regulation (EU) 528/2012 Annex I,http://eur-lex.europa.eu/legal-content/EN/ALL/?uri=CELEX:32012R0528,EU-0012336-0000,,https://echa.europa.eu/information-on-chemicals/biocidal-active-substances/-/disas/factsheet/1421/null,366,100.000.017,https://echa.europa.eu/substance-information/-/substanceinfo/100.000.017
lambda-cyhalothrin,415-130-7,91465-08-6,41,"PT18-Insecticides, acaricides and products to control other arthropods",true,false,false,0,01/10/2013,31/03/2026,Greece,Approved,Renewal in progress,Competent authority evaluation,Implementing Decision (EU) 2023/1087,http://eur-lex.europa.eu/legal-content/EN/ALL/?uri=CELEX:32023D1087,EU-0005385-0000,Yes,https://echa.europa.eu/information-on-chemicals/biocidal-active-substances/-/disas/factsheet/41/PT18,5,100.101.414,https://echa.europa.eu/substance-information/-/substanceinfo/100.101.414
Lauric acid,205-582-1,143-07-7,1323,PT19-Repellents and attractants,true,false,false,0,01/11/2015,31/10/2025,Germany,Approved,Renewal in progress,Competent authority evaluation,Regulation (EU) 405/2014,http://eur-lex.europa.eu/legal-content/EN/ALL/?uri=CELEX:32014R0405,EU-0005718-0000,Under assessment,https://echa.europa.eu/information-on-chemicals/biocidal-active-substances/-/disas/factsheet/1323/PT19,0,100.005.075,https://echa.europa.eu/substance-information/-/substanceinfo/100.005.075
Lavender oil (Natural oil),616-770-1,8000-28-0,1429,,false,,true,4,01/09/2013,,-,Approved,,,Regulation (EU) 528/2012 Annex I,http://eur-lex.europa.eu/legal-content/EN/ALL/?uri=CELEX:32012R0528,EU-0012344-0000,,https://echa.europa.eu/information-on-chemicals/biocidal-active-substances/-/disas/factsheet/1429/null,16,100.110.110,https://echa.europa.eu/substance-information/-/substanceinfo/100.110.110
"Lavender, Lavandula hybrida, ext./Lavandin oil",294-470-6,91722-69-9,1324,PT19-Repellents and attractants,true,false,false,0,,,Portugal,,Initial application for approval in progress,Competent authority evaluation,,,-,Under assessment,https://echa.europa.eu/information-on-chemicals/biocidal-active-substances/-/disas/factsheet/1324/PT19,0,100.085.846,https://echa.europa.eu/substance-information/-/substanceinfo/100.085.846
Linseed oil,232-278-6,8001-26-1,1428,,false,,true,3,01/09/2013,,-,Approved,,,Regulation (EU) 528/2012 Annex I,http://eur-lex.europa.eu/legal-content/EN/ALL/?uri=CELEX:32012R0528,EU-0012343-0000,,https://echa.europa.eu/information-on-chemicals/biocidal-active-substances/-/disas/factsheet/1428/null,0,100.029.343,https://echa.europa.eu/substance-information/-/substanceinfo/100.029.343
Magnesium monoperoxyphthalate hexahydrate (MMPP),279-013-0,84665-66-7,1325,PT02-Disinfectants and algaecides not intended for direct application to humans or animals,true,false,false,0,,,Poland,,Initial application for approval in progress,Opinion development by BPC,,,-,Under assessment,https://echa.europa.eu/information-on-chemicals/biocidal-active-substances/-/disas/factsheet/1325/PT02,0,100.106.871,https://echa.europa.eu/substance-information/-/substanceinfo/100.106.871
Magnesium phosphide releasing phosphine,235-023-7,12057-74-8,42,"PT18-Insecticides, acaricides and products to control other arthropods",true,false,false,0,01/02/2012,31/01/2026,Germany,Approved,Renewal in progress,Competent authority evaluation,Commission Implementing Decision (EU) 2024/787,http://eur-lex.europa.eu/legal-content/EN/ALL/?uri=CELEX:32024D0787,EU-0005386-0000,No,https://echa.europa.eu/information-on-chemicals/biocidal-active-substances/-/disas/factsheet/42/PT18,4,100.031.827,https://echa.europa.eu/substance-information/-/substanceinfo/100.031.827
"Malt, ext.",232-310-9,8002-48-0,2345,PT19-Repellents and attractants,true,false,false,0,,,-,No longer supported,,,Decision (EU) 2021/1283     ,http://eur-lex.europa.eu/legal-content/EN/ALL/?uri=CELEX:32021D1283,-,Under assessment,https://echa.europa.eu/information-on-chemicals/biocidal-active-substances/-/disas/factsheet/2345/PT19,0,100.029.371,https://echa.europa.eu/substance-information/-/substanceinfo/100.029.371
Margosa extract from cold-pressed oil of the kernels of Azadirachta Indica extracted with super-critical carbon dioxide,283-644-7,84696-25-3,1469,"PT18-Insecticides, acaricides and products to control other arthropods",true,false,false,0,,,Germany,,Initial application for approval in progress,Competent authority evaluation,,,-,Under assessment,https://echa.europa.eu/information-on-chemicals/biocidal-active-substances/-/disas/factsheet/1469/PT18,0,100.076.012,https://echa.europa.eu/substance-information/-/substanceinfo/100.076.012
Margosa extract from cold-pressed oil of the kernels of Azadirachta Indica extracted with super-critical carbon dioxide,283-644-7,84696-25-3,1469,PT19-Repellents and attractants,true,false,false,0,01/04/2019,31/03/2029,-,Approved,,,Commission Implementing Regulation (EU) 2017/2005 ,http://eur-lex.europa.eu/legal-content/EN/ALL/?uri=CELEX:32017R2005,EU-0016706-0000,Under assessment,https://echa.europa.eu/information-on-chemicals/biocidal-active-substances/-/disas/factsheet/1469/PT19,10,100.076.012,https://echa.europa.eu/substance-information/-/substanceinfo/100.076.012
Margosa extract from the kernels of Azadirachta Indica extracted with water and further processed with organic solvents,-,-,43,"PT18-Insecticides, acaricides and products to control other arthropods",true,false,false,0,01/05/2014,30/04/2024,Germany,Expired,,,Directive 2012/15/EU,http://eur-lex.europa.eu/legal-content/EN/ALL/?uri=CELEX:32012L0015,EU-0005387-0000,Under assessment,https://echa.europa.eu/information-on-chemicals/biocidal-active-substances/-/disas/factsheet/43/PT18,2,100.373.433,https://echa.europa.eu/substance-information/-/substanceinfo/100.373.433
MBIT,695-989-4,2527-66-4,1410,PT06-Preservatives for products during storage,false,true,false,0,01/07/2018,30/06/2028,Poland,Approved,,,Reg (EU) 2017/2327 ,http://eur-lex.europa.eu/legal-content/EN/ALL/?uri=CELEX:32017R2327,EU-0017590-0000,No,https://echa.europa.eu/information-on-chemicals/biocidal-active-substances/-/disas/factsheet/1410/PT06,0,100.225.087,https://echa.europa.eu/substance-information/-/substanceinfo/100.225.087
MBIT,695-989-4,2527-66-4,1410,PT13-Working or cutting fluid preservatives,false,true,false,0,,,Poland,Not approved,,,Commission Implementing Decision (EU) 2017/1282 ,http://eur-lex.europa.eu/legal-content/EN/ALL/?uri=CELEX:32017D1282,-,No,https://echa.europa.eu/information-on-chemicals/biocidal-active-substances/-/disas/factsheet/1410/PT13,0,100.225.087,https://echa.europa.eu/substance-information/-/substanceinfo/100.225.087
Mecetronium ethyl sulphate (MES),221-106-5,3006-10-8,1326,PT01-Human hygiene,true,false,false,0,,,Poland,,Initial application for approval in progress,Commission decision,,,-,No,https://echa.europa.eu/information-on-chemicals/biocidal-active-substances/-/disas/factsheet/1326/PT01,0,100.019.188,https://echa.europa.eu/substance-information/-/substanceinfo/100.019.188
Medetomidine,811-718-6,86347-14-0,1327,PT21-Antifouling products,false,true,false,0,01/01/2016,30/06/2026,Norway,Approved,Renewal in progress,Commission decision,Decision (EU) 2025/953,http://eur-lex.europa.eu/legal-content/EN/ALL/?uri=CELEX:32025D0953,EU-0012188-0000,Yes,https://echa.europa.eu/information-on-chemicals/biocidal-active-substances/-/disas/factsheet/1327/PT21,0,100.242.450,https://echa.europa.eu/substance-information/-/substanceinfo/100.242.450
Metam-sodium,205-293-0,137-42-8,1328,"PT09-Fibre, leather, rubber and polymerised materials preservatives",true,false,false,0,,,Belgium,No longer supported,,,Decision (EU) 2021/1283     ,http://eur-lex.europa.eu/legal-content/EN/ALL/?uri=CELEX:32021D1283,-,Under assessment,https://echa.europa.eu/information-on-chemicals/biocidal-active-substances/-/disas/factsheet/1328/PT09,0,100.004.812,https://echa.europa.eu/substance-information/-/substanceinfo/100.004.812
Metam-sodium,205-293-0,137-42-8,1328,PT11-Preservatives for liquid-cooling and processing systems,true,false,false,0,,,Belgium,No longer supported,,,Decision (EU) 2021/1283     ,http://eur-lex.europa.eu/legal-content/EN/ALL/?uri=CELEX:32021D1283,-,Under assessment,https://echa.europa.eu/information-on-chemicals/biocidal-active-substances/-/disas/factsheet/1328/PT11,0,100.004.812,https://echa.europa.eu/substance-information/-/substanceinfo/100.004.812
Methenamine 3-chloroallylochloride (CTAC),223-805-0,4080-31-3,1411,PT06-Preservatives for products during storage,true,false,false,0,,,Poland,No longer supported,,,COMMISSION IMPLEMENTING DECISION (EU) 2023/458,http://eur-lex.europa.eu/legal-content/EN/ALL/?uri=CELEX:32023D0458,-,Under assessment,https://echa.europa.eu/information-on-chemicals/biocidal-active-substances/-/disas/factsheet/1411/PT06,0,100.021.641,https://echa.europa.eu/substance-information/-/substanceinfo/100.021.641
Methenamine 3-chloroallylochloride (CTAC),223-805-0,4080-31-3,1411,PT12-Slimicides,true,false,false,0,,,Poland,No longer supported,,,COMMISSION IMPLEMENTING DECISION (EU) 2023/458,http://eur-lex.europa.eu/legal-content/EN/ALL/?uri=CELEX:32023D0458,-,Under assessment,https://echa.europa.eu/information-on-chemicals/biocidal-active-substances/-/disas/factsheet/1411/PT12,0,100.021.641,https://echa.europa.eu/substance-information/-/substanceinfo/100.021.641
Methenamine 3-chloroallylochloride (CTAC),223-805-0,4080-31-3,1411,PT13-Working or cutting fluid preservatives,true,false,false,0,,,Poland,No longer supported,,,COMMISSION IMPLEMENTING DECISION (EU) 2023/458,http://eur-lex.europa.eu/legal-content/EN/ALL/?uri=CELEX:32023D0458,-,Under assessment,https://echa.europa.eu/information-on-chemicals/biocidal-active-substances/-/disas/factsheet/1411/PT13,0,100.021.641,https://echa.europa.eu/substance-information/-/substanceinfo/100.021.641
"methyl 7-chloro-2-{(methoxycarbonyl)[4-(trifluoromethoxy)phenyl]carbamoyl}-2,5-dihydroindeno[1,2-e][1,3,4]oxadiazine-4a(3H)-carboxylate;reaction mass of (S)- Indoxacarb and (R)- Indoxacarb 75:25",604-398-2,144171-61-9,64,"PT18-Insecticides, acaricides and products to control other arthropods",false,true,false,0,01/01/2010,31/12/2026,France,Approved,Renewal in progress,Competent authority evaluation,Commission Implementing Decision (EU) 2024/731,http://eur-lex.europa.eu/legal-content/EN/ALL/?uri=CELEX:32024D0731,EU-0005416-0000,No,https://echa.europa.eu/information-on-chemicals/biocidal-active-substances/-/disas/factsheet/64/PT18,4,100.132.370,https://echa.europa.eu/substance-information/-/substanceinfo/100.132.370
methyl nonyl ketone,203-937-5,112-12-9,44,PT19-Repellents and attractants,true,false,false,0,01/05/2014,30/04/2024,Spain,Expired,,,Directive 2012/14/EU,http://eur-lex.europa.eu/legal-content/EN/ALL/?uri=CELEX:32012L0014,EU-0005388-0000,No,https://echa.europa.eu/information-on-chemicals/biocidal-active-substances/-/disas/factsheet/44/PT19,0,100.003.579,https://echa.europa.eu/substance-information/-/substanceinfo/100.003.579
Methylene dithiocyanate,228-652-3,6317-18-6,1329,PT12-Slimicides,true,false,false,0,,,France,Not approved,,,COMMISSION IMPLEMENTING DECISION (EU) 2022/2005,http://eur-lex.europa.eu/legal-content/EN/ALL/?uri=CELEX:32022D2005,-,No,https://echa.europa.eu/information-on-chemicals/biocidal-active-substances/-/disas/factsheet/1329/PT12,0,100.026.048,https://echa.europa.eu/substance-information/-/substanceinfo/100.026.048
"Mixture of cis- and trans-p-menthane-3,8 diol (Citriodiol)",-,42822-86-6,1683,PT19-Repellents and attractants,true,false,false,0,,,-,No longer supported,,,Decision (EU) 2018/1622 ,http://eur-lex.europa.eu/legal-content/EN/ALL/?uri=CELEX:32018D1622,-,Under assessment,https://echa.europa.eu/information-on-chemicals/biocidal-active-substances/-/disas/factsheet/1683/PT19,0,100.050.849,https://echa.europa.eu/substance-information/-/substanceinfo/100.050.849
Monochloramine generated from ammonia and a chlorine source,-,-,1482,PT05-Drinking water,false,true,false,0,,,Spain,,Initial application for approval in progress,Competent authority evaluation,,,-,Under assessment,https://echa.europa.eu/information-on-chemicals/biocidal-active-substances/-/disas/factsheet/1482/PT05,0,100.357.333,https://echa.europa.eu/substance-information/-/substanceinfo/100.357.333
Monochloramine generated from ammonia and a chlorine source,-,-,1482,PT11-Preservatives for liquid-cooling and processing systems,false,true,false,0,,,France,,Initial application for approval in progress,Competent authority evaluation,,,-,Under assessment,https://echa.europa.eu/information-on-chemicals/biocidal-active-substances/-/disas/factsheet/1482/PT11,0,100.357.333,https://echa.europa.eu/substance-information/-/substanceinfo/100.357.333
Monochloramine generated from ammonium carbamate and a chlorine source,-,-,1483,PT06-Preservatives for products during storage,false,true,false,0,,,Sweden,,Initial application for approval in progress,Competent authority evaluation,,,-,Under assessment,https://echa.europa.eu/information-on-chemicals/biocidal-active-substances/-/disas/factsheet/1483/PT06,0,100.357.334,https://echa.europa.eu/substance-information/-/substanceinfo/100.357.334
Monochloramine generated from ammonium carbamate and a chlorine source,-,-,1483,PT11-Preservatives for liquid-cooling and processing systems,false,true,false,0,,,Sweden,,Initial application for approval in progress,Competent authority evaluation,,,-,Under assessment,https://echa.europa.eu/information-on-chemicals/biocidal-active-substances/-/disas/factsheet/1483/PT11,0,100.357.334,https://echa.europa.eu/substance-information/-/substanceinfo/100.357.334
Monochloramine generated from ammonium carbamate and a chlorine source,-,-,1483,PT12-Slimicides,false,true,false,0,,,Sweden,,Initial application for approval in progress,Competent authority evaluation,,,-,Under assessment,https://echa.europa.eu/information-on-chemicals/biocidal-active-substances/-/disas/factsheet/1483/PT12,0,100.357.334,https://echa.europa.eu/substance-information/-/substanceinfo/100.357.334
Monochloramine generated from ammonium chloride and a chlorine source,-,-,1583,PT11-Preservatives for liquid-cooling and processing systems,false,true,false,0,,,Austria,,Initial application for approval in progress,Competent authority evaluation,,,-,Under assessment,https://echa.europa.eu/information-on-chemicals/biocidal-active-substances/-/disas/factsheet/1583/PT11,0,100.357.335,https://echa.europa.eu/substance-information/-/substanceinfo/100.357.335
Monochloramine generated from ammonium chloride and a chlorine source,-,-,1583,PT12-Slimicides,false,true,false,0,,,Austria,,Initial application for approval in progress,Competent authority evaluation,,,-,Under assessment,https://echa.europa.eu/information-on-chemicals/biocidal-active-substances/-/disas/factsheet/1583/PT12,0,100.357.335,https://echa.europa.eu/substance-information/-/substanceinfo/100.357.335
Monochloramine generated from ammonium chloride and sodium hypochlorite,-,-,2251,PT11-Preservatives for liquid-cooling and processing systems,true,false,false,0,,,-,No longer supported,,,Decision (EU) 2018/1622 ,http://eur-lex.europa.eu/legal-content/EN/ALL/?uri=CELEX:32018D1622,-,Under assessment,https://echa.europa.eu/information-on-chemicals/biocidal-active-substances/-/disas/factsheet/2251/PT11,0,100.303.382,https://echa.europa.eu/substance-information/-/substanceinfo/100.303.382
Monochloramine generated from ammonium chloride and sodium hypochlorite,-,-,2251,PT12-Slimicides,true,false,false,0,,,-,No longer supported,,,Decision (EU) 2018/1622 ,http://eur-lex.europa.eu/legal-content/EN/ALL/?uri=CELEX:32018D1622,-,Under assessment,https://echa.europa.eu/information-on-chemicals/biocidal-active-substances/-/disas/factsheet/2251/PT12,0,100.303.382,https://echa.europa.eu/substance-information/-/substanceinfo/100.303.382
Monochloramine generated from ammonium hydroxide and a chlorine source,-,-,1663,PT05-Drinking water,false,true,false,0,,,Spain,,Initial application for approval in progress,Competent authority evaluation,,,-,Under assessment,https://echa.europa.eu/information-on-chemicals/biocidal-active-substances/-/disas/factsheet/1663/PT05,0,100.357.445,https://echa.europa.eu/substance-information/-/substanceinfo/100.357.445
Monochloramine generated from ammonium sulphate and a chlorine source,-,-,1242,PT11-Preservatives for liquid-cooling and processing systems,true,false,false,0,,,France,,Initial application for approval in progress,Competent authority evaluation,,,-,Under assessment,https://echa.europa.eu/information-on-chemicals/biocidal-active-substances/-/disas/factsheet/1242/PT11,0,100.357.450,https://echa.europa.eu/substance-information/-/substanceinfo/100.357.450
Monochloramine generated from ammonium sulphate and a chlorine source,-,-,1242,PT12-Slimicides,true,false,false,0,,,France,,Initial application for approval in progress,Competent authority evaluation,,,-,Under assessment,https://echa.europa.eu/information-on-chemicals/biocidal-active-substances/-/disas/factsheet/1242/PT12,0,100.357.450,https://echa.europa.eu/substance-information/-/substanceinfo/100.357.450
Monochloramine generated from sodium hypochlorite and an ammonium source,-,-,1884,PT05-Drinking water,false,true,false,0,,,France,,Initial application for approval in progress,Competent authority evaluation,,,-,Under assessment,https://echa.europa.eu/information-on-chemicals/biocidal-active-substances/-/disas/factsheet/1884/PT05,0,100.357.446,https://echa.europa.eu/substance-information/-/substanceinfo/100.357.446
Monolinuron,217-129-5,1746-81-2,1331,PT02-Disinfectants and algaecides not intended for direct application to humans or animals,true,false,false,0,,,Hungary,,Initial application for approval in progress,Competent authority evaluation,,,-,Under assessment,https://echa.europa.eu/information-on-chemicals/biocidal-active-substances/-/disas/factsheet/1331/PT02,0,100.015.572,https://echa.europa.eu/substance-information/-/substanceinfo/100.015.572
"N,N-diethyl-meta-toluamide",205-149-7,134-62-3,23,PT19-Repellents and attractants,true,false,false,0,01/08/2012,31/01/2025,France,Approved,Renewal in progress,Competent authority evaluation,Decision (EU) 2021/2146,http://eur-lex.europa.eu/legal-content/EN/ALL/?uri=CELEX:32021D2146,EU-0005366-0000,No,https://echa.europa.eu/information-on-chemicals/biocidal-active-substances/-/disas/factsheet/23/PT19,174,100.004.682,https://echa.europa.eu/substance-information/-/substanceinfo/100.004.682
"N,N′-methylenebismorpholine (MBM)",227-062-3,5625-90-1,1333,PT06-Preservatives for products during storage,true,false,false,0,01/04/2017,31/03/2022,Austria,Expired,,,Reg (EU) 2015/1981,http://eur-lex.europa.eu/legal-content/EN/ALL/?uri=CELEX:32015R1981,EU-0012187-0000,Yes,https://echa.europa.eu/information-on-chemicals/biocidal-active-substances/-/disas/factsheet/1333/PT06,0,100.024.603,https://echa.europa.eu/substance-information/-/substanceinfo/100.024.603
"N,N′-methylenebismorpholine (MBM)",227-062-3,5625-90-1,1333,PT13-Working or cutting fluid preservatives,true,false,false,0,01/04/2017,31/03/2022,Austria,Expired,,,Reg (EU) 2015/1981,http://eur-lex.europa.eu/legal-content/EN/ALL/?uri=CELEX:32015R1981,EU-0012192-0000,Yes,https://echa.europa.eu/information-on-chemicals/biocidal-active-substances/-/disas/factsheet/1333/PT13,0,100.024.603,https://echa.europa.eu/substance-information/-/substanceinfo/100.024.603
"N-(3-aminopropyl)-N-dodecylpropane-1,3-diamine (Diamine)",219-145-8,2372-82-9,1332,PT02-Disinfectants and algaecides not intended for direct application to humans or animals,true,false,false,0,,,Portugal,,Initial application for approval in progress,Competent authority evaluation,,,-,Under assessment,https://echa.europa.eu/information-on-chemicals/biocidal-active-substances/-/disas/factsheet/1332/PT02,0,100.017.406,https://echa.europa.eu/substance-information/-/substanceinfo/100.017.406
"N-(3-aminopropyl)-N-dodecylpropane-1,3-diamine (Diamine)",219-145-8,2372-82-9,1332,PT03-Veterinary hygiene,true,false,false,0,,,Portugal,,Initial application for approval in progress,Competent authority evaluation,,,-,Under assessment,https://echa.europa.eu/information-on-chemicals/biocidal-active-substances/-/disas/factsheet/1332/PT03,0,100.017.406,https://echa.europa.eu/substance-information/-/substanceinfo/100.017.406
"N-(3-aminopropyl)-N-dodecylpropane-1,3-diamine (Diamine)",219-145-8,2372-82-9,1332,PT04-Food and feed area,true,false,false,0,,,Portugal,,Initial application for approval in progress,Competent authority evaluation,,,-,Under assessment,https://echa.europa.eu/information-on-chemicals/biocidal-active-substances/-/disas/factsheet/1332/PT04,0,100.017.406,https://echa.europa.eu/substance-information/-/substanceinfo/100.017.406
"N-(3-aminopropyl)-N-dodecylpropane-1,3-diamine (Diamine)",219-145-8,2372-82-9,1332,PT06-Preservatives for products during storage,true,false,false,0,,,Portugal,,Initial application for approval in progress,Competent authority evaluation,,,-,Under assessment,https://echa.europa.eu/information-on-chemicals/biocidal-active-substances/-/disas/factsheet/1332/PT06,0,100.017.406,https://echa.europa.eu/substance-information/-/substanceinfo/100.017.406
"N-(3-aminopropyl)-N-dodecylpropane-1,3-diamine (Diamine)",219-145-8,2372-82-9,1332,PT08-Wood preservatives,true,false,false,0,,,Portugal,Not approved,,,Commission Implementing Decision (EU) 2022/986,http://eur-lex.europa.eu/legal-content/EN/ALL/?uri=CELEX:32022D0986,-,No,https://echa.europa.eu/information-on-chemicals/biocidal-active-substances/-/disas/factsheet/1332/PT08,0,100.017.406,https://echa.europa.eu/substance-information/-/substanceinfo/100.017.406
"N-(3-aminopropyl)-N-dodecylpropane-1,3-diamine (Diamine)",219-145-8,2372-82-9,1332,PT11-Preservatives for liquid-cooling and processing systems,true,false,false,0,,,Portugal,,Initial application for approval in progress,Competent authority evaluation,,,-,Under assessment,https://echa.europa.eu/information-on-chemicals/biocidal-active-substances/-/disas/factsheet/1332/PT11,0,100.017.406,https://echa.europa.eu/substance-information/-/substanceinfo/100.017.406
"N-(3-aminopropyl)-N-dodecylpropane-1,3-diamine (Diamine)",219-145-8,2372-82-9,1332,PT12-Slimicides,true,false,false,0,,,Portugal,,Initial application for approval in progress,Competent authority evaluation,,,-,Under assessment,https://echa.europa.eu/information-on-chemicals/biocidal-active-substances/-/disas/factsheet/1332/PT12,0,100.017.406,https://echa.europa.eu/substance-information/-/substanceinfo/100.017.406
"N-(3-aminopropyl)-N-dodecylpropane-1,3-diamine (Diamine)",219-145-8,2372-82-9,1332,PT13-Working or cutting fluid preservatives,true,false,false,0,,,Portugal,,Initial application for approval in progress,Competent authority evaluation,,,-,Under assessment,https://echa.europa.eu/information-on-chemicals/biocidal-active-substances/-/disas/factsheet/1332/PT13,0,100.017.406,https://echa.europa.eu/substance-information/-/substanceinfo/100.017.406
"N-(Dichlorofluoromethylthio)-N′,N′- dimethyl-N-phenylsulfamide (Dichlofluanid)",214-118-7,1085-98-9,25,PT07-Film preservatives,true,false,false,0,,,United Kingdom,No longer supported,,,Decision (EU) 2018/1622 ,http://eur-lex.europa.eu/legal-content/EN/ALL/?uri=CELEX:32018D1622,-,Under assessment,https://echa.europa.eu/information-on-chemicals/biocidal-active-substances/-/disas/factsheet/25/PT07,0,100.012.835,https://echa.europa.eu/substance-information/-/substanceinfo/100.012.835
"N-(Dichlorofluoromethylthio)-N′,N′- dimethyl-N-phenylsulfamide (Dichlofluanid)",214-118-7,1085-98-9,25,PT08-Wood preservatives,true,false,false,0,01/03/2009,28/02/2019,United Kingdom,Expired,,,Directive 2007/20/EC,http://eur-lex.europa.eu/legal-content/EN/ALL/?uri=CELEX:32007L0020,EU-0005368-0000,No,https://echa.europa.eu/information-on-chemicals/biocidal-active-substances/-/disas/factsheet/25/PT08,34,100.012.835,https://echa.europa.eu/substance-information/-/substanceinfo/100.012.835
"N-(Dichlorofluoromethylthio)-N′,N′- dimethyl-N-phenylsulfamide (Dichlofluanid)",214-118-7,1085-98-9,25,PT21-Antifouling products,true,false,false,0,01/11/2018,31/12/2025,United Kingdom,Approved,,,Regulation (EU) 2017/796,http://eur-lex.europa.eu/legal-content/EN/ALL/?uri=CELEX:32017R0796,EU-0015374-0000,No,https://echa.europa.eu/information-on-chemicals/biocidal-active-substances/-/disas/factsheet/25/PT21,0,100.012.835,https://echa.europa.eu/substance-information/-/substanceinfo/100.012.835
N-(trichloromethylthio)phthalimide (Folpet),205-088-6,133-07-3,1305,PT06-Preservatives for products during storage,false,true,false,0,01/01/2016,31/12/2025,Italy,Approved,,,(EU)2015/1757,http://eur-lex.europa.eu/legal-content/EN/ALL/?uri=CELEX:32015R1757,EU-0012171-0000,No,https://echa.europa.eu/information-on-chemicals/biocidal-active-substances/-/disas/factsheet/1305/PT06,0,100.004.627,https://echa.europa.eu/substance-information/-/substanceinfo/100.004.627
N-(trichloromethylthio)phthalimide (Folpet),205-088-6,133-07-3,1305,PT07-Film preservatives,true,false,false,0,01/10/2016,30/09/2026,Italy,Approved,,,(EU)2015/1758,http://eur-lex.europa.eu/legal-content/EN/ALL/?uri=CELEX:32015R1758,EU-0012172-0000,No,https://echa.europa.eu/information-on-chemicals/biocidal-active-substances/-/disas/factsheet/1305/PT07,0,100.004.627,https://echa.europa.eu/substance-information/-/substanceinfo/100.004.627
N-(trichloromethylthio)phthalimide (Folpet),205-088-6,133-07-3,1305,"PT09-Fibre, leather, rubber and polymerised materials preservatives",true,false,false,0,01/10/2016,30/09/2026,Italy,Approved,,,(EU)2015/1758,http://eur-lex.europa.eu/legal-content/EN/ALL/?uri=CELEX:32015R1758,EU-0012173-0000,Under assessment,https://echa.europa.eu/information-on-chemicals/biocidal-active-substances/-/disas/factsheet/1305/PT09,1,100.004.627,https://echa.europa.eu/substance-information/-/substanceinfo/100.004.627
"N-cyclopropyl-1,3,5-triazine-2,4,6-triamine (Cyromazine)",266-257-8,66215-27-8,1334,"PT18-Insecticides, acaricides and products to control other arthropods",true,false,false,0,01/01/2018,31/12/2027,Greece,Approved,,,Reg (EU)2016/1068,http://eur-lex.europa.eu/legal-content/EN/ALL/?uri=CELEX:32016R1068,EU-0013638-0000,No,https://echa.europa.eu/information-on-chemicals/biocidal-active-substances/-/disas/factsheet/1334/PT18,3,100.060.215,https://echa.europa.eu/substance-information/-/substanceinfo/100.060.215
Nitrogen,231-783-9,7727-37-9,46,"PT18-Insecticides, acaricides and products to control other arthropods",true,false,false,0,01/09/2011,31/08/2021,Ireland,Expired,,,Directive 2009/89/EC,http://eur-lex.europa.eu/legal-content/EN/ALL/?uri=CELEX:32009L0089,EU-0005390-0000,No,https://echa.europa.eu/information-on-chemicals/biocidal-active-substances/-/disas/factsheet/46/PT18,10,100.028.895,https://echa.europa.eu/substance-information/-/substanceinfo/100.028.895
Nitrogen,231-783-9,7727-37-9,46,,false,,true,6,01/09/2013,,-,Approved,,,Regulation (EU) 528/2012 Annex I,http://eur-lex.europa.eu/legal-content/EN/ALL/?uri=CELEX:32012R0528,EU-0012349-0000,,https://echa.europa.eu/information-on-chemicals/biocidal-active-substances/-/disas/factsheet/46/null,10,100.028.895,https://echa.europa.eu/substance-information/-/substanceinfo/100.028.895
Nitrogen generated from ambient air,-,-,2443,,false,,true,2,26/05/2024,,Germany,Approved,,,COMMISSION DELEGATED REGULATION (EU) 2024/1290,http://eur-lex.europa.eu/legal-content/EN/ALL/?uri=CELEX:32024R1290,EU-0030644-0000,,https://echa.europa.eu/information-on-chemicals/biocidal-active-substances/-/disas/factsheet/2443/null,0,100.355.950,https://echa.europa.eu/substance-information/-/substanceinfo/100.355.950
"Nonanoic acid, Pelargonic acid",203-931-2,112-05-0,47,PT02-Disinfectants and algaecides not intended for direct application to humans or animals,true,false,false,0,01/10/2015,31/03/2028,Austria,Approved,Renewal in progress,Competent authority evaluation,DECISION (EU) 2025/945,http://eur-lex.europa.eu/legal-content/EN/ALL/?uri=CELEX:32025D0945,EU-0005392-0000,Under assessment,https://echa.europa.eu/information-on-chemicals/biocidal-active-substances/-/disas/factsheet/47/PT02,12,100.003.574,https://echa.europa.eu/substance-information/-/substanceinfo/100.003.574
"Nonanoic acid, Pelargonic acid",203-931-2,112-05-0,47,PT10-Construction material preservatives,true,false,false,0,,,Austria,Not approved,,,Decision 2014/227/EU,http://eur-lex.europa.eu/legal-content/EN/ALL/?uri=CELEX:32014D0227,-,Under assessment,https://echa.europa.eu/information-on-chemicals/biocidal-active-substances/-/disas/factsheet/47/PT10,0,100.003.574,https://echa.europa.eu/substance-information/-/substanceinfo/100.003.574
"Nonanoic acid, Pelargonic acid",203-931-2,112-05-0,47,PT19-Repellents and attractants,true,false,false,0,01/02/2013,31/01/2023,Austria,Expired,,,Directive 2011/13/EU,http://eur-lex.europa.eu/legal-content/EN/ALL/?uri=CELEX:32011L0013,EU-0005391-0000,Under assessment,https://echa.europa.eu/information-on-chemicals/biocidal-active-substances/-/disas/factsheet/47/PT19,0,100.003.574,https://echa.europa.eu/substance-information/-/substanceinfo/100.003.574
"N′-tert-butyl-N-cyclopropyl-6-(methylthio)-1,3,5-triazine-2,4-diamine (Cybutryne)",248-872-3,28159-98-0,1281,PT21-Antifouling products,true,false,false,0,,,Netherlands,Not approved,,,(EU) 2016/107,http://eur-lex.europa.eu/legal-content/EN/ALL/?uri=CELEX:32016D0107,-,Yes,https://echa.europa.eu/information-on-chemicals/biocidal-active-substances/-/disas/factsheet/1281/PT21,0,100.044.415,https://echa.europa.eu/substance-information/-/substanceinfo/100.044.415
Oct-1-en-3-ol,222-226-0,3391-86-4,1431,,false,,true,5,01/09/2013,,-,Approved,,,Regulation (EU) 528/2012 Annex I,http://eur-lex.europa.eu/legal-content/EN/ALL/?uri=CELEX:32012R0528,EU-0012346-0000,,https://echa.europa.eu/information-on-chemicals/biocidal-active-substances/-/disas/factsheet/1431/null,1,100.020.206,https://echa.europa.eu/substance-information/-/substanceinfo/100.020.206
Octanoic acid,204-677-5,124-07-2,1336,PT04-Food and feed area,true,false,false,0,01/09/2015,29/02/2028,Austria,Approved,Renewal in progress,Competent authority evaluation,DECISION (EU) 2025/946,http://eur-lex.europa.eu/legal-content/EN/ALL/?uri=CELEX:32025D0946,EU-0006493-0000,Under assessment,https://echa.europa.eu/information-on-chemicals/biocidal-active-substances/-/disas/factsheet/1336/PT04,12,100.004.253,https://echa.europa.eu/substance-information/-/substanceinfo/100.004.253
Octanoic acid,204-677-5,124-07-2,1336,"PT18-Insecticides, acaricides and products to control other arthropods",true,false,false,0,01/09/2015,31/08/2025,Austria,Approved,,,Regulation (EU) No 93/2014,http://eur-lex.europa.eu/legal-content/EN/ALL/?uri=CELEX:32014R0093,EU-0006494-0000,Under assessment,https://echa.europa.eu/information-on-chemicals/biocidal-active-substances/-/disas/factsheet/1336/PT18,1,100.004.253,https://echa.europa.eu/substance-information/-/substanceinfo/100.004.253
"orange, sweet, ext.",232-433-8,8028-48-6,2203,PT19-Repellents and attractants,true,false,false,0,,,Switzerland,,Initial application for approval in progress,Competent authority evaluation,,,-,Under assessment,https://echa.europa.eu/information-on-chemicals/biocidal-active-substances/-/disas/factsheet/2203/PT19,0,100.029.480,https://echa.europa.eu/substance-information/-/substanceinfo/100.029.480
Oxalonitrile,207-306-5,460-19-5,2023,PT08-Wood preservatives,false,true,false,0,,,Czechia,,Initial application for approval in progress,Competent authority evaluation,,,-,Under assessment,https://echa.europa.eu/information-on-chemicals/biocidal-active-substances/-/disas/factsheet/2023/PT08,0,100.006.643,https://echa.europa.eu/substance-information/-/substanceinfo/100.006.643
Ozone generated from oxygen,-,-,1783,PT02-Disinfectants and algaecides not intended for direct application to humans or animals,false,true,false,0,01/07/2024,30/06/2034,Netherlands,Approved,,,COMMISSION IMPLEMENTING REGULATION (EU) 2023/1078,http://eur-lex.europa.eu/legal-content/EN/ALL/?uri=CELEX:32023R1078,EU-0029722-0000,No,https://echa.europa.eu/information-on-chemicals/biocidal-active-substances/-/disas/factsheet/1783/PT02,0,100.357.451,https://echa.europa.eu/substance-information/-/substanceinfo/100.357.451
Ozone generated from oxygen,-,-,1783,PT04-Food and feed area,false,true,false,0,01/07/2024,30/06/2034,Netherlands,Approved,,,COMMISSION IMPLEMENTING REGULATION (EU) 2023/1078,http://eur-lex.europa.eu/legal-content/EN/ALL/?uri=CELEX:32023R1078,EU-0029723-0000,No,https://echa.europa.eu/information-on-chemicals/biocidal-active-substances/-/disas/factsheet/1783/PT04,0,100.357.451,https://echa.europa.eu/substance-information/-/substanceinfo/100.357.451
Ozone generated from oxygen,-,-,1783,PT05-Drinking water,false,true,false,0,01/07/2024,30/06/2034,Netherlands,Approved,,,COMMISSION IMPLEMENTING REGULATION (EU) 2023/1078,http://eur-lex.europa.eu/legal-content/EN/ALL/?uri=CELEX:32023R1078,EU-0029724-0000,No,https://echa.europa.eu/information-on-chemicals/biocidal-active-substances/-/disas/factsheet/1783/PT05,0,100.357.451,https://echa.europa.eu/substance-information/-/substanceinfo/100.357.451
Ozone generated from oxygen,-,-,1783,PT11-Preservatives for liquid-cooling and processing systems,false,true,false,0,01/07/2024,30/06/2034,Netherlands,Approved,,,COMMISSION IMPLEMENTING REGULATION (EU) 2023/1078,http://eur-lex.europa.eu/legal-content/EN/ALL/?uri=CELEX:32023R1078,EU-0029725-0000,No,https://echa.europa.eu/information-on-chemicals/biocidal-active-substances/-/disas/factsheet/1783/PT11,0,100.357.451,https://echa.europa.eu/substance-information/-/substanceinfo/100.357.451
p-[(diiodomethyl)sulphonyl]toluene,243-468-3,20018-09-1,1338,PT06-Preservatives for products during storage,true,false,false,0,,,United Kingdom,No longer supported,,,Commission Implementing Decision (EU) 2024/2948,http://eur-lex.europa.eu/legal-content/EN/ALL/?uri=CELEX:32024D2948,-,Under assessment,https://echa.europa.eu/information-on-chemicals/biocidal-active-substances/-/disas/factsheet/1338/PT06,0,100.039.502,https://echa.europa.eu/substance-information/-/substanceinfo/100.039.502
p-[(diiodomethyl)sulphonyl]toluene,243-468-3,20018-09-1,1338,PT07-Film preservatives,true,false,false,0,,,United Kingdom,No longer supported,,,Commission Implementing Decision (EU) 2024/2948,http://eur-lex.europa.eu/legal-content/EN/ALL/?uri=CELEX:32024D2948,-,Under assessment,https://echa.europa.eu/information-on-chemicals/biocidal-active-substances/-/disas/factsheet/1338/PT07,0,100.039.502,https://echa.europa.eu/substance-information/-/substanceinfo/100.039.502
p-[(diiodomethyl)sulphonyl]toluene,243-468-3,20018-09-1,1338,"PT09-Fibre, leather, rubber and polymerised materials preservatives",true,false,false,0,,,United Kingdom,No longer supported,,,Commission Implementing Decision (EU) 2024/2948,http://eur-lex.europa.eu/legal-content/EN/ALL/?uri=CELEX:32024D2948,-,Under assessment,https://echa.europa.eu/information-on-chemicals/biocidal-active-substances/-/disas/factsheet/1338/PT09,0,100.039.502,https://echa.europa.eu/substance-information/-/substanceinfo/100.039.502
p-[(diiodomethyl)sulphonyl]toluene,243-468-3,20018-09-1,1338,PT10-Construction material preservatives,true,false,false,0,,,United Kingdom,No longer supported,,,Commission Implementing Decision (EU) 2024/2948,http://eur-lex.europa.eu/legal-content/EN/ALL/?uri=CELEX:32024D2948,-,Under assessment,https://echa.europa.eu/information-on-chemicals/biocidal-active-substances/-/disas/factsheet/1338/PT10,0,100.039.502,https://echa.europa.eu/substance-information/-/substanceinfo/100.039.502
peanut butter,-,-,2503,PT19-Repellents and attractants,true,false,false,0,,,Switzerland,,Initial application for approval in progress,Competent authority evaluation,,,-,Under assessment,https://echa.europa.eu/information-on-chemicals/biocidal-active-substances/-/disas/factsheet/2503/PT19,0,100.371.393,https://echa.europa.eu/substance-information/-/substanceinfo/100.371.393
Penflufen,619-823-7,494793-67-8,1452,PT08-Wood preservatives,false,true,false,0,01/02/2019,31/01/2029,United Kingdom,Approved,,,Reg(EU) 2018/1131,http://eur-lex.europa.eu/legal-content/EN/ALL/?uri=CELEX:32018R1131,EU-0018399-0000,No,https://echa.europa.eu/information-on-chemicals/biocidal-active-substances/-/disas/factsheet/1452/PT08,12,100.113.711,https://echa.europa.eu/substance-information/-/substanceinfo/100.113.711
Peppermint oil (Natural oil),616-900-7,8006-90-4,1430,,false,,true,4,01/09/2013,,-,Approved,,,Regulation (EU) 528/2012 Annex I,http://eur-lex.europa.eu/legal-content/EN/ALL/?uri=CELEX:32012R0528,EU-0012345-0000,,https://echa.europa.eu/information-on-chemicals/biocidal-active-substances/-/disas/factsheet/1430/null,22,100.123.006,https://echa.europa.eu/substance-information/-/substanceinfo/100.123.006
Peracetic acid,201-186-8,79-21-0,1340,PT01-Human hygiene,true,false,false,0,01/10/2017,30/09/2027,Finland,Approved,,,Regulation (EU) 2016/672,http://eur-lex.europa.eu/legal-content/EN/ALL/?uri=CELEX:32016R0672,EU-0013634-0000,No,https://echa.europa.eu/information-on-chemicals/biocidal-active-substances/-/disas/factsheet/1340/PT01,0,100.001.079,https://echa.europa.eu/substance-information/-/substanceinfo/100.001.079
Peracetic acid,201-186-8,79-21-0,1340,PT02-Disinfectants and algaecides not intended for direct application to humans or animals,true,false,false,0,01/10/2017,30/09/2027,Finland,Approved,,,Regulation (EU) 2016/672,http://eur-lex.europa.eu/legal-content/EN/ALL/?uri=CELEX:32016R0672,EU-0013629-0000,No,https://echa.europa.eu/information-on-chemicals/biocidal-active-substances/-/disas/factsheet/1340/PT02,46,100.001.079,https://echa.europa.eu/substance-information/-/substanceinfo/100.001.079
Peracetic acid,201-186-8,79-21-0,1340,PT03-Veterinary hygiene,true,false,false,0,01/10/2017,30/09/2027,Finland,Approved,,,Regulation (EU) 2016/672,http://eur-lex.europa.eu/legal-content/EN/ALL/?uri=CELEX:32016R0672,EU-0013625-0000,No,https://echa.europa.eu/information-on-chemicals/biocidal-active-substances/-/disas/factsheet/1340/PT03,38,100.001.079,https://echa.europa.eu/substance-information/-/substanceinfo/100.001.079
Peracetic acid,201-186-8,79-21-0,1340,PT04-Food and feed area,true,false,false,0,01/10/2017,30/09/2027,Finland,Approved,,,Regulation (EU) 2016/672,http://eur-lex.europa.eu/legal-content/EN/ALL/?uri=CELEX:32016R0672,EU-0013627-0000,No,https://echa.europa.eu/information-on-chemicals/biocidal-active-substances/-/disas/factsheet/1340/PT04,53,100.001.079,https://echa.europa.eu/substance-information/-/substanceinfo/100.001.079
Peracetic acid,201-186-8,79-21-0,1340,PT05-Drinking water,true,false,false,0,01/10/2017,30/09/2027,Finland,Approved,,,Regulation (EU) 2016/672,http://eur-lex.europa.eu/legal-content/EN/ALL/?uri=CELEX:32016R0672,EU-0013626-0000,No,https://echa.europa.eu/information-on-chemicals/biocidal-active-substances/-/disas/factsheet/1340/PT05,1,100.001.079,https://echa.europa.eu/substance-information/-/substanceinfo/100.001.079
Peracetic acid,201-186-8,79-21-0,1340,PT06-Preservatives for products during storage,true,false,false,0,01/10/2017,30/09/2027,Finland,Approved,,,Regulation (EU) 2016/672,http://eur-lex.europa.eu/legal-content/EN/ALL/?uri=CELEX:32016R0672,EU-0013628-0000,No,https://echa.europa.eu/information-on-chemicals/biocidal-active-substances/-/disas/factsheet/1340/PT06,0,100.001.079,https://echa.europa.eu/substance-information/-/substanceinfo/100.001.079
Peracetic acid,201-186-8,79-21-0,1340,PT11-Preservatives for liquid-cooling and processing systems,true,false,false,0,01/07/2018,30/06/2028,Finland,Approved,,,Regulation (EU)2016/2290,http://eur-lex.europa.eu/legal-content/EN/ALL/?uri=CELEX:32016R2290,EU-0016641-0000,No,https://echa.europa.eu/information-on-chemicals/biocidal-active-substances/-/disas/factsheet/1340/PT11,4,100.001.079,https://echa.europa.eu/substance-information/-/substanceinfo/100.001.079
Peracetic acid,201-186-8,79-21-0,1340,PT12-Slimicides,true,false,false,0,01/07/2018,30/06/2028,Finland,Approved,,,Regulation (EU)2016/2290,http://eur-lex.europa.eu/legal-content/EN/ALL/?uri=CELEX:32016R2290,EU-0016643-0000,No,https://echa.europa.eu/information-on-chemicals/biocidal-active-substances/-/disas/factsheet/1340/PT12,3,100.001.079,https://echa.europa.eu/substance-information/-/substanceinfo/100.001.079
Peracetic acid generated by perhydrolysis of N-acetylcaprolactam by hydrogen peroxide in alkaline conditions,-,-,87,PT02-Disinfectants and algaecides not intended for direct application to humans or animals,true,false,false,0,,,-,No longer supported,,,Decision (EU) 2020/1036 ,http://eur-lex.europa.eu/legal-content/EN/ALL/?uri=CELEX:32020D1036,-,Under assessment,https://echa.europa.eu/information-on-chemicals/biocidal-active-substances/-/disas/factsheet/87/PT02,0,100.356.313,https://echa.europa.eu/substance-information/-/substanceinfo/100.356.313
"Peracetic acid generated from 1,3-diacetyloxypropan-2-yl acetate and hydrogen peroxide",-,-,1474,PT02-Disinfectants and algaecides not intended for direct application to humans or animals,true,false,false,0,01/10/2016,31/01/2037,Austria,Approved,,,COMMISSION IMPLEMENTING REGULATION(EU) 2025/1260,http://eur-lex.europa.eu/legal-content/EN/ALL/?uri=CELEX:32025R1260,EU-0033815-0000,Under assessment,https://echa.europa.eu/information-on-chemicals/biocidal-active-substances/-/disas/factsheet/1474/PT02,0,100.356.315,https://echa.europa.eu/substance-information/-/substanceinfo/100.356.315
"Peracetic acid generated from 1,3-diacetyloxypropan-2-yl acetate and hydrogen peroxide",-,-,1474,PT04-Food and feed area,true,false,false,0,,,-,No longer supported,,,Decision (EU) 2020/1036 ,http://eur-lex.europa.eu/legal-content/EN/ALL/?uri=CELEX:32020D1036,-,Under assessment,https://echa.europa.eu/information-on-chemicals/biocidal-active-substances/-/disas/factsheet/1474/PT04,0,100.356.315,https://echa.europa.eu/substance-information/-/substanceinfo/100.356.315
Peracetic acid generated from tetra-acetylethylenediamine (TAED) and sodium percarbonate,-,-,1461,PT01-Human hygiene,true,false,false,0,,,Finland,Cancelled application,,,,,-,Under assessment,https://echa.europa.eu/information-on-chemicals/biocidal-active-substances/-/disas/factsheet/1461/PT01,0,100.356.314,https://echa.europa.eu/substance-information/-/substanceinfo/100.356.314
Peracetic acid generated from tetra-acetylethylenediamine (TAED) and sodium percarbonate,-,-,1461,PT02-Disinfectants and algaecides not intended for direct application to humans or animals,true,false,false,0,01/01/2019,31/12/2028,Finland,Approved,,,Reg (EU)2017/1276,http://eur-lex.europa.eu/legal-content/EN/ALL/?uri=CELEX:32017R1276,EU-0016098-0000,No,https://echa.europa.eu/information-on-chemicals/biocidal-active-substances/-/disas/factsheet/1461/PT02,2,100.356.314,https://echa.europa.eu/substance-information/-/substanceinfo/100.356.314
Peracetic acid generated from tetra-acetylethylenediamine (TAED) and sodium percarbonate,-,-,1461,PT03-Veterinary hygiene,true,false,false,0,01/01/2019,31/12/2028,Finland,Approved,,,Reg (EU)2017/1276,http://eur-lex.europa.eu/legal-content/EN/ALL/?uri=CELEX:32017R1276,EU-0016100-0000,No,https://echa.europa.eu/information-on-chemicals/biocidal-active-substances/-/disas/factsheet/1461/PT03,0,100.356.314,https://echa.europa.eu/substance-information/-/substanceinfo/100.356.314
Peracetic acid generated from tetra-acetylethylenediamine (TAED) and sodium percarbonate,-,-,1461,PT04-Food and feed area,true,false,false,0,01/01/2019,31/12/2028,Finland,Approved,,,Reg (EU)2017/1276,http://eur-lex.europa.eu/legal-content/EN/ALL/?uri=CELEX:32017R1276,EU-0016102-0000,No,https://echa.europa.eu/information-on-chemicals/biocidal-active-substances/-/disas/factsheet/1461/PT04,0,100.356.314,https://echa.europa.eu/substance-information/-/substanceinfo/100.356.314
Peracetic acid generated from tetra-acetylethylenediamine (TAED) and sodium percarbonate,-,-,1461,PT05-Drinking water,true,false,false,0,,,Finland,Cancelled application,,,,,-,Under assessment,https://echa.europa.eu/information-on-chemicals/biocidal-active-substances/-/disas/factsheet/1461/PT05,0,100.356.314,https://echa.europa.eu/substance-information/-/substanceinfo/100.356.314
Peracetic acid generated from tetra-acetylethylenediamine (TAED) and sodium percarbonate,-,-,1461,PT06-Preservatives for products during storage,true,false,false,0,,,Finland,Cancelled application,,,,,-,Under assessment,https://echa.europa.eu/information-on-chemicals/biocidal-active-substances/-/disas/factsheet/1461/PT06,0,100.356.314,https://echa.europa.eu/substance-information/-/substanceinfo/100.356.314
Peracetic acid generated from tetra-acetylethylenediamine (TAED) and sodium percarbonate,-,-,1461,PT11-Preservatives for liquid-cooling and processing systems,true,false,false,0,,,Finland,Cancelled application,,,,,-,Under assessment,https://echa.europa.eu/information-on-chemicals/biocidal-active-substances/-/disas/factsheet/1461/PT11,0,100.356.314,https://echa.europa.eu/substance-information/-/substanceinfo/100.356.314
Peracetic acid generated from tetra-acetylethylenediamine (TAED) and sodium percarbonate,-,-,1461,PT12-Slimicides,true,false,false,0,,,Finland,Cancelled application,,,,,-,Under assessment,https://echa.europa.eu/information-on-chemicals/biocidal-active-substances/-/disas/factsheet/1461/PT12,0,100.356.314,https://echa.europa.eu/substance-information/-/substanceinfo/100.356.314
Peracetic acid generated from tetraacetylethylenediamine (TAED) and sodium perborate monohydrate,-,-,2252,PT03-Veterinary hygiene,true,false,false,0,,,-,No longer supported,,,Decision (EU) 2020/1036 ,http://eur-lex.europa.eu/legal-content/EN/ALL/?uri=CELEX:32020D1036,-,Under assessment,https://echa.europa.eu/information-on-chemicals/biocidal-active-substances/-/disas/factsheet/2252/PT03,0,100.303.383,https://echa.europa.eu/substance-information/-/substanceinfo/100.303.383
Peracetic acid generated from tetraacetylethylenediamine and hydrogen peroxide,-,-,86,PT02-Disinfectants and algaecides not intended for direct application to humans or animals,true,false,false,0,,,Austria,Cancelled application,,,,,-,Under assessment,https://echa.europa.eu/information-on-chemicals/biocidal-active-substances/-/disas/factsheet/86/PT02,0,100.357.360,https://echa.europa.eu/substance-information/-/substanceinfo/100.357.360
Performic acid generated from formic acid and hydrogen peroxide,-,-,1462,PT02-Disinfectants and algaecides not intended for direct application to humans or animals,true,false,false,0,,,Belgium,,Initial application for approval in progress,Competent authority evaluation,,,-,Under assessment,https://echa.europa.eu/information-on-chemicals/biocidal-active-substances/-/disas/factsheet/1462/PT02,0,100.242.239,https://echa.europa.eu/substance-information/-/substanceinfo/100.242.239
Performic acid generated from formic acid and hydrogen peroxide,-,-,1462,PT03-Veterinary hygiene,true,false,false,0,,,Belgium,No longer supported,,,Decision (EU) 2020/1036 ,http://eur-lex.europa.eu/legal-content/EN/ALL/?uri=CELEX:32020D1036,-,Under assessment,https://echa.europa.eu/information-on-chemicals/biocidal-active-substances/-/disas/factsheet/1462/PT03,0,100.242.239,https://echa.europa.eu/substance-information/-/substanceinfo/100.242.239
Performic acid generated from formic acid and hydrogen peroxide,-,-,1462,PT04-Food and feed area,true,false,false,0,,,Belgium,,Initial application for approval in progress,Competent authority evaluation,,,-,Under assessment,https://echa.europa.eu/information-on-chemicals/biocidal-active-substances/-/disas/factsheet/1462/PT04,0,100.242.239,https://echa.europa.eu/substance-information/-/substanceinfo/100.242.239
Performic acid generated from formic acid and hydrogen peroxide,-,-,1462,PT05-Drinking water,true,false,false,0,,,Belgium,No longer supported,,,Decision (EU) 2020/1036 ,http://eur-lex.europa.eu/legal-content/EN/ALL/?uri=CELEX:32020D1036,-,Under assessment,https://echa.europa.eu/information-on-chemicals/biocidal-active-substances/-/disas/factsheet/1462/PT05,0,100.242.239,https://echa.europa.eu/substance-information/-/substanceinfo/100.242.239
Performic acid generated from formic acid and hydrogen peroxide,-,-,1462,PT06-Preservatives for products during storage,true,false,false,0,,,Belgium,No longer supported,,,Decision (EU) 2020/1036 ,http://eur-lex.europa.eu/legal-content/EN/ALL/?uri=CELEX:32020D1036,-,Under assessment,https://echa.europa.eu/information-on-chemicals/biocidal-active-substances/-/disas/factsheet/1462/PT06,0,100.242.239,https://echa.europa.eu/substance-information/-/substanceinfo/100.242.239
Performic acid generated from formic acid and hydrogen peroxide,-,-,1462,PT11-Preservatives for liquid-cooling and processing systems,true,false,false,0,,,Belgium,,Initial application for approval in progress,Competent authority evaluation,,,-,Under assessment,https://echa.europa.eu/information-on-chemicals/biocidal-active-substances/-/disas/factsheet/1462/PT11,0,100.242.239,https://echa.europa.eu/substance-information/-/substanceinfo/100.242.239
Performic acid generated from formic acid and hydrogen peroxide,-,-,1462,PT12-Slimicides,true,false,false,0,,,Belgium,,Initial application for approval in progress,Competent authority evaluation,,,-,Under assessment,https://echa.europa.eu/information-on-chemicals/biocidal-active-substances/-/disas/factsheet/1462/PT12,0,100.242.239,https://echa.europa.eu/substance-information/-/substanceinfo/100.242.239
Permethrin,258-067-9,52645-53-1,1342,PT08-Wood preservatives,true,false,false,0,01/05/2016,30/04/2026,Ireland,Approved,Renewal in progress,Competent authority evaluation,(EU) No 1090/2014,http://eur-lex.europa.eu/legal-content/EN/ALL/?uri=CELEX:32014R1090,EU-0011681-0000,Yes,https://echa.europa.eu/information-on-chemicals/biocidal-active-substances/-/disas/factsheet/1342/PT08,320,100.052.771,https://echa.europa.eu/substance-information/-/substanceinfo/100.052.771
Permethrin,258-067-9,52645-53-1,1342,"PT18-Insecticides, acaricides and products to control other arthropods",true,false,false,0,01/05/2016,30/04/2026,Ireland,Approved,Renewal in progress,Competent authority evaluation,(EU) No 1090/2014,http://eur-lex.europa.eu/legal-content/EN/ALL/?uri=CELEX:32014R1090,EU-0011682-0000,Yes,https://echa.europa.eu/information-on-chemicals/biocidal-active-substances/-/disas/factsheet/1342/PT18,64,100.052.771,https://echa.europa.eu/substance-information/-/substanceinfo/100.052.771
Peroxyoctanoic acid,-,33734-57-5,1343,PT02-Disinfectants and algaecides not intended for direct application to humans or animals,true,false,false,0,,,-,No longer supported,,,Decision (EU) 2021/1283     ,http://eur-lex.europa.eu/legal-content/EN/ALL/?uri=CELEX:32021D1283,-,Under assessment,https://echa.europa.eu/information-on-chemicals/biocidal-active-substances/-/disas/factsheet/1343/PT02,0,100.104.228,https://echa.europa.eu/substance-information/-/substanceinfo/100.104.228
Peroxyoctanoic acid,-,33734-57-5,1343,PT03-Veterinary hygiene,true,false,false,0,,,-,No longer supported,,,Decision (EU) 2021/1283     ,http://eur-lex.europa.eu/legal-content/EN/ALL/?uri=CELEX:32021D1283,-,Under assessment,https://echa.europa.eu/information-on-chemicals/biocidal-active-substances/-/disas/factsheet/1343/PT03,0,100.104.228,https://echa.europa.eu/substance-information/-/substanceinfo/100.104.228
Peroxyoctanoic acid,-,33734-57-5,1343,PT04-Food and feed area,true,false,false,0,,,-,No longer supported,,,Decision (EU) 2021/1283     ,http://eur-lex.europa.eu/legal-content/EN/ALL/?uri=CELEX:32021D1283,-,Under assessment,https://echa.europa.eu/information-on-chemicals/biocidal-active-substances/-/disas/factsheet/1343/PT04,0,100.104.228,https://echa.europa.eu/substance-information/-/substanceinfo/100.104.228
Pine ext.,304-455-9,94266-48-5,1415,PT10-Construction material preservatives,true,false,false,0,,,Latvia,Not approved,,,Decision 2014/227/EU,http://eur-lex.europa.eu/legal-content/EN/ALL/?uri=CELEX:32014D0227,-,Under assessment,https://echa.europa.eu/information-on-chemicals/biocidal-active-substances/-/disas/factsheet/1415/PT10,0,100.094.917,https://echa.europa.eu/substance-information/-/substanceinfo/100.094.917
poly(dimethyloctadecyl[3-(trihydroxysilyl)propyl]ammonium chloride) generated from dimethyloctadecyl[3-(trimethoxysilyl)propyl]ammonium chloride,-,-,1291,PT02-Disinfectants and algaecides not intended for direct application to humans or animals,true,false,false,0,,,Spain,,Initial application for approval in progress,Opinion development by BPC,,,-,Yes,https://echa.europa.eu/information-on-chemicals/biocidal-active-substances/-/disas/factsheet/1291/PT02,0,100.044.163,https://echa.europa.eu/substance-information/-/substanceinfo/100.044.163
poly(dimethyloctadecyl[3-(trihydroxysilyl)propyl]ammonium chloride) generated from dimethyloctadecyl[3-(trimethoxysilyl)propyl]ammonium chloride,-,-,1291,PT07-Film preservatives,true,false,false,0,,,Spain,,Initial application for approval in progress,Opinion development by BPC,,,-,Yes,https://echa.europa.eu/information-on-chemicals/biocidal-active-substances/-/disas/factsheet/1291/PT07,0,100.044.163,https://echa.europa.eu/substance-information/-/substanceinfo/100.044.163
poly(dimethyloctadecyl[3-(trihydroxysilyl)propyl]ammonium chloride) generated from dimethyloctadecyl[3-(trimethoxysilyl)propyl]ammonium chloride,-,-,1291,"PT09-Fibre, leather, rubber and polymerised materials preservatives",true,false,false,0,,,Spain,,Initial application for approval in progress,Opinion development by BPC,,,-,Yes,https://echa.europa.eu/information-on-chemicals/biocidal-active-substances/-/disas/factsheet/1291/PT09,0,100.044.163,https://echa.europa.eu/substance-information/-/substanceinfo/100.044.163
"Poly(oxy-1,2-ethanediyl), α-[2-(dide- cylmethylammonio)ethyl]- .omega.- hydroxy-, propanoate (salt) (Bardap 26)",619-057-3,94667-33-1,1346,PT02-Disinfectants and algaecides not intended for direct application to humans or animals,true,false,false,0,,,-,No longer supported,,,Commission Implementing Decision (EU) 2024/888 ,http://eur-lex.europa.eu/legal-content/EN/ALL/?uri=CELEX:32024D0888,-,Under assessment,https://echa.europa.eu/information-on-chemicals/biocidal-active-substances/-/disas/factsheet/1346/PT02,0,100.128.085,https://echa.europa.eu/substance-information/-/substanceinfo/100.128.085
"Poly(oxy-1,2-ethanediyl), α-[2-(dide- cylmethylammonio)ethyl]- .omega.- hydroxy-, propanoate (salt) (Bardap 26)",619-057-3,94667-33-1,1346,PT04-Food and feed area,true,false,false,0,,,-,No longer supported,,,Commission Implementing Decision (EU) 2024/888 ,http://eur-lex.europa.eu/legal-content/EN/ALL/?uri=CELEX:32024D0888,-,Under assessment,https://echa.europa.eu/information-on-chemicals/biocidal-active-substances/-/disas/factsheet/1346/PT04,0,100.128.085,https://echa.europa.eu/substance-information/-/substanceinfo/100.128.085
"Poly(oxy-1,2-ethanediyl), α-[2-(dide- cylmethylammonio)ethyl]- .omega.- hydroxy-, propanoate (salt) (Bardap 26)",619-057-3,94667-33-1,1346,PT08-Wood preservatives,true,false,false,0,,,Italy,Expired,,,,,-,No,https://echa.europa.eu/information-on-chemicals/biocidal-active-substances/-/disas/factsheet/1346/PT08,3,100.128.085,https://echa.europa.eu/substance-information/-/substanceinfo/100.128.085
"Poly(oxy-1,2-ethanediyl), α-[2-(dide- cylmethylammonio)ethyl]- .omega.- hydroxy-, propanoate (salt) (Bardap 26)",619-057-3,94667-33-1,1346,PT10-Construction material preservatives,true,false,false,0,,,Italy,No longer supported,,,Commission Implementing Decision (EU) 2024/888 ,http://eur-lex.europa.eu/legal-content/EN/ALL/?uri=CELEX:32024D0888,-,Under assessment,https://echa.europa.eu/information-on-chemicals/biocidal-active-substances/-/disas/factsheet/1346/PT10,0,100.128.085,https://echa.europa.eu/substance-information/-/substanceinfo/100.128.085
polyhexamethylene biguanide hydrochloride with a mean number-average molecular weight (Mn) of 1415 and a mean polydispersity (PDI) of 4.7 (PHMB(1415;4.7)),-,1802181-67-4,1466,PT01-Human hygiene,true,false,false,0,,,France,Not approved,,,Commission Implementing Decision (EU) 2018/619 ,http://eur-lex.europa.eu/legal-content/EN/ALL/?uri=CELEX:32018D0619,-,Yes,https://echa.europa.eu/information-on-chemicals/biocidal-active-substances/-/disas/factsheet/1466/PT01,0,100.243.084,https://echa.europa.eu/substance-information/-/substanceinfo/100.243.084
polyhexamethylene biguanide hydrochloride with a mean number-average molecular weight (Mn) of 1415 and a mean polydispersity (PDI) of 4.7 (PHMB(1415;4.7)),-,1802181-67-4,1466,PT02-Disinfectants and algaecides not intended for direct application to humans or animals,true,false,false,0,01/11/2019,31/10/2026,France,Approved,Renewal in progress,Competent authority evaluation,Commission Implementing Regulation (EU) 2018/613 ,http://eur-lex.europa.eu/legal-content/EN/ALL/?uri=CELEX:32018R0613,EU-0018024-0000,Under assessment,https://echa.europa.eu/information-on-chemicals/biocidal-active-substances/-/disas/factsheet/1466/PT02,0,100.243.084,https://echa.europa.eu/substance-information/-/substanceinfo/100.243.084
polyhexamethylene biguanide hydrochloride with a mean number-average molecular weight (Mn) of 1415 and a mean polydispersity (PDI) of 4.7 (PHMB(1415;4.7)),-,1802181-67-4,1466,PT03-Veterinary hygiene,true,false,false,0,,,France,No longer supported,,,Decision (EU) 2020/1036 ,http://eur-lex.europa.eu/legal-content/EN/ALL/?uri=CELEX:32020D1036,-,Under assessment,https://echa.europa.eu/information-on-chemicals/biocidal-active-substances/-/disas/factsheet/1466/PT03,0,100.243.084,https://echa.europa.eu/substance-information/-/substanceinfo/100.243.084
polyhexamethylene biguanide hydrochloride with a mean number-average molecular weight (Mn) of 1415 and a mean polydispersity (PDI) of 4.7 (PHMB(1415;4.7)),-,1802181-67-4,1466,PT04-Food and feed area,true,false,false,0,01/11/2019,31/10/2026,France,Approved,Renewal in progress,Competent authority evaluation,Commission Implementing Regulation (EU) 2018/613 ,http://eur-lex.europa.eu/legal-content/EN/ALL/?uri=CELEX:32018R0613,EU-0018018-0000,Under assessment,https://echa.europa.eu/information-on-chemicals/biocidal-active-substances/-/disas/factsheet/1466/PT04,0,100.243.084,https://echa.europa.eu/substance-information/-/substanceinfo/100.243.084
polyhexamethylene biguanide hydrochloride with a mean number-average molecular weight (Mn) of 1415 and a mean polydispersity (PDI) of 4.7 (PHMB(1415;4.7)),-,1802181-67-4,1466,PT05-Drinking water,true,false,false,0,,,France,Not approved,,,Commission Implementing Decision (EU) 2018/619 ,http://eur-lex.europa.eu/legal-content/EN/ALL/?uri=CELEX:32018D0619,-,Yes,https://echa.europa.eu/information-on-chemicals/biocidal-active-substances/-/disas/factsheet/1466/PT05,0,100.243.084,https://echa.europa.eu/substance-information/-/substanceinfo/100.243.084
polyhexamethylene biguanide hydrochloride with a mean number-average molecular weight (Mn) of 1415 and a mean polydispersity (PDI) of 4.7 (PHMB(1415;4.7)),-,1802181-67-4,1466,PT06-Preservatives for products during storage,true,false,false,0,,,France,Not approved,,,Commission Implementing Decision (EU) 2018/619 ,http://eur-lex.europa.eu/legal-content/EN/ALL/?uri=CELEX:32018D0619,-,Yes,https://echa.europa.eu/information-on-chemicals/biocidal-active-substances/-/disas/factsheet/1466/PT06,0,100.243.084,https://echa.europa.eu/substance-information/-/substanceinfo/100.243.084
polyhexamethylene biguanide hydrochloride with a mean number-average molecular weight (Mn) of 1415 and a mean polydispersity (PDI) of 4.7 (PHMB(1415;4.7)),-,1802181-67-4,1466,"PT09-Fibre, leather, rubber and polymerised materials preservatives",true,false,false,0,,,France,No longer supported,,,Decision (EU) 2020/1036 ,http://eur-lex.europa.eu/legal-content/EN/ALL/?uri=CELEX:32020D1036,-,Yes,https://echa.europa.eu/information-on-chemicals/biocidal-active-substances/-/disas/factsheet/1466/PT09,0,100.243.084,https://echa.europa.eu/substance-information/-/substanceinfo/100.243.084
polyhexamethylene biguanide hydrochloride with a mean number-average molecular weight (Mn) of 1415 and a mean polydispersity (PDI) of 4.7 (PHMB(1415;4.7)),-,1802181-67-4,1466,PT11-Preservatives for liquid-cooling and processing systems,true,false,false,0,,,France,No longer supported,,,Decision (EU) 2020/1036 ,http://eur-lex.europa.eu/legal-content/EN/ALL/?uri=CELEX:32020D1036,-,Yes,https://echa.europa.eu/information-on-chemicals/biocidal-active-substances/-/disas/factsheet/1466/PT11,0,100.243.084,https://echa.europa.eu/substance-information/-/substanceinfo/100.243.084
polyhexamethylene biguanide hydrochloride with a mean number-average molecular weight (Mn) of 1600 and a mean polydispersity (PDI) of 1.8 (PHMB(1600;1.8)),608-042-7,27083-27-8,1347,PT01-Human hygiene,true,false,false,0,,,France,Not approved,,,Dec (EU) 2016/109,http://eur-lex.europa.eu/legal-content/EN/ALL/?uri=CELEX:32016D0109,-,Yes,https://echa.europa.eu/information-on-chemicals/biocidal-active-substances/-/disas/factsheet/1347/PT01,0,100.124.672,https://echa.europa.eu/substance-information/-/substanceinfo/100.124.672
polyhexamethylene biguanide hydrochloride with a mean number-average molecular weight (Mn) of 1600 and a mean polydispersity (PDI) of 1.8 (PHMB(1600;1.8)),608-042-7,27083-27-8,1347,PT02-Disinfectants and algaecides not intended for direct application to humans or animals,true,false,false,0,01/07/2017,30/06/2024,France,Expired,,,Reg (EU) 2016/125,http://eur-lex.europa.eu/legal-content/EN/ALL/?uri=CELEX:32016R0125,EU-0014424-0000,Yes,https://echa.europa.eu/information-on-chemicals/biocidal-active-substances/-/disas/factsheet/1347/PT02,0,100.124.672,https://echa.europa.eu/substance-information/-/substanceinfo/100.124.672
polyhexamethylene biguanide hydrochloride with a mean number-average molecular weight (Mn) of 1600 and a mean polydispersity (PDI) of 1.8 (PHMB(1600;1.8)),608-042-7,27083-27-8,1347,PT03-Veterinary hygiene,true,false,false,0,01/07/2017,30/06/2024,France,Expired,,,Reg (EU) 2016/125,http://eur-lex.europa.eu/legal-content/EN/ALL/?uri=CELEX:32016R0125,EU-0014432-0000,Yes,https://echa.europa.eu/information-on-chemicals/biocidal-active-substances/-/disas/factsheet/1347/PT03,0,100.124.672,https://echa.europa.eu/substance-information/-/substanceinfo/100.124.672
polyhexamethylene biguanide hydrochloride with a mean number-average molecular weight (Mn) of 1600 and a mean polydispersity (PDI) of 1.8 (PHMB(1600;1.8)),608-042-7,27083-27-8,1347,PT04-Food and feed area,true,false,false,0,01/07/2017,30/06/2027,France,Approved,,,(EU) 2016/124,http://eur-lex.europa.eu/legal-content/EN/ALL/?uri=CELEX:32016R0124,EU-0013631-0000,Yes,https://echa.europa.eu/information-on-chemicals/biocidal-active-substances/-/disas/factsheet/1347/PT04,0,100.124.672,https://echa.europa.eu/substance-information/-/substanceinfo/100.124.672
polyhexamethylene biguanide hydrochloride with a mean number-average molecular weight (Mn) of 1600 and a mean polydispersity (PDI) of 1.8 (PHMB(1600;1.8)),608-042-7,27083-27-8,1347,PT05-Drinking water,true,false,false,0,,,France,Not approved,,,Decision (EU) 2017/802,http://eur-lex.europa.eu/legal-content/EN/ALL/?uri=CELEX:32017D0802,-,Yes,https://echa.europa.eu/information-on-chemicals/biocidal-active-substances/-/disas/factsheet/1347/PT05,0,100.124.672,https://echa.europa.eu/substance-information/-/substanceinfo/100.124.672
polyhexamethylene biguanide hydrochloride with a mean number-average molecular weight (Mn) of 1600 and a mean polydispersity (PDI) of 1.8 (PHMB(1600;1.8)),608-042-7,27083-27-8,1347,PT06-Preservatives for products during storage,true,false,false,0,,,France,Not approved,,,Dec (EU) 2016/109,http://eur-lex.europa.eu/legal-content/EN/ALL/?uri=CELEX:32016D0109,-,Yes,https://echa.europa.eu/information-on-chemicals/biocidal-active-substances/-/disas/factsheet/1347/PT06,0,100.124.672,https://echa.europa.eu/substance-information/-/substanceinfo/100.124.672
polyhexamethylene biguanide hydrochloride with a mean number-average molecular weight (Mn) of 1600 and a mean polydispersity (PDI) of 1.8 (PHMB(1600;1.8)),608-042-7,27083-27-8,1347,"PT09-Fibre, leather, rubber and polymerised materials preservatives",true,false,false,0,,,France,Not approved,,,Dec (EU) 2016/109,http://eur-lex.europa.eu/legal-content/EN/ALL/?uri=CELEX:32016D0109,-,Yes,https://echa.europa.eu/information-on-chemicals/biocidal-active-substances/-/disas/factsheet/1347/PT09,0,100.124.672,https://echa.europa.eu/substance-information/-/substanceinfo/100.124.672
polyhexamethylene biguanide hydrochloride with a mean number-average molecular weight (Mn) of 1600 and a mean polydispersity (PDI) of 1.8 (PHMB(1600;1.8)),608-042-7,27083-27-8,1347,PT11-Preservatives for liquid-cooling and processing systems,true,false,false,0,01/07/2017,30/06/2024,France,Expired,,,Reg (EU) 2016/125,http://eur-lex.europa.eu/legal-content/EN/ALL/?uri=CELEX:32016R0125,EU-0014428-0000,Yes,https://echa.europa.eu/information-on-chemicals/biocidal-active-substances/-/disas/factsheet/1347/PT11,0,100.124.672,https://echa.europa.eu/substance-information/-/substanceinfo/100.124.672
Polymer of formaldehyde and acrolein,686-836-2,26781-23-7,1414,PT03-Veterinary hygiene,true,false,false,0,,,Hungary,Not approved,,,Decision 2014/227/EU,http://eur-lex.europa.eu/legal-content/EN/ALL/?uri=CELEX:32014D0227,-,Under assessment,https://echa.europa.eu/information-on-chemicals/biocidal-active-substances/-/disas/factsheet/1414/PT03,0,100.212.742,https://echa.europa.eu/substance-information/-/substanceinfo/100.212.742
Polymer of N-Methylmethanamine (EINECS 204-697-4 with (chloromethyl) oxirane (EINECS 203-439-8)/Polymeric quaternary ammonium chloride (PQ Polymer),-,25988-97-0,1348,PT02-Disinfectants and algaecides not intended for direct application to humans or animals,true,false,false,0,,,Hungary,,Initial application for approval in progress,Competent authority evaluation,,,-,Under assessment,https://echa.europa.eu/information-on-chemicals/biocidal-active-substances/-/disas/factsheet/1348/PT02,0,100.109.354,https://echa.europa.eu/substance-information/-/substanceinfo/100.109.354
Polymer of N-Methylmethanamine (EINECS 204-697-4 with (chloromethyl) oxirane (EINECS 203-439-8)/Polymeric quaternary ammonium chloride (PQ Polymer),-,25988-97-0,1348,PT11-Preservatives for liquid-cooling and processing systems,true,false,false,0,,,Hungary,,Initial application for approval in progress,Competent authority evaluation,,,-,Under assessment,https://echa.europa.eu/information-on-chemicals/biocidal-active-substances/-/disas/factsheet/1348/PT11,0,100.109.354,https://echa.europa.eu/substance-information/-/substanceinfo/100.109.354
Polyvinylpyrrolidone iodine,607-771-8,25655-41-8,1349,PT01-Human hygiene,true,false,false,0,01/09/2015,29/02/2028,Sweden,Approved,Renewal in progress,Competent authority evaluation,DECISION (EU) 2025/951,http://eur-lex.europa.eu/legal-content/EN/ALL/?uri=CELEX:32025D0951,EU-0006485-0000,Under assessment,https://echa.europa.eu/information-on-chemicals/biocidal-active-substances/-/disas/factsheet/1349/PT01,13,100.110.412,https://echa.europa.eu/substance-information/-/substanceinfo/100.110.412
Polyvinylpyrrolidone iodine,607-771-8,25655-41-8,1349,PT03-Veterinary hygiene,true,false,false,0,01/09/2015,29/02/2028,Sweden,Approved,Renewal in progress,Competent authority evaluation,DECISION (EU) 2025/951,http://eur-lex.europa.eu/legal-content/EN/ALL/?uri=CELEX:32025D0951,EU-0006486-0000,Yes,https://echa.europa.eu/information-on-chemicals/biocidal-active-substances/-/disas/factsheet/1349/PT03,168,100.110.412,https://echa.europa.eu/substance-information/-/substanceinfo/100.110.412
Polyvinylpyrrolidone iodine,607-771-8,25655-41-8,1349,PT04-Food and feed area,true,false,false,0,01/09/2015,31/08/2025,Sweden,Approved,,,Regulation (EU) No 94/2014,http://eur-lex.europa.eu/legal-content/EN/ALL/?uri=CELEX:32014R0094,EU-0006487-0000,Yes,https://echa.europa.eu/information-on-chemicals/biocidal-active-substances/-/disas/factsheet/1349/PT04,3,100.110.412,https://echa.europa.eu/substance-information/-/substanceinfo/100.110.412
Polyvinylpyrrolidone iodine,607-771-8,25655-41-8,1349,PT22-Embalming and taxidermist fluids,true,false,false,0,01/09/2015,31/08/2025,Sweden,Approved,,,Regulation (EU) No 94/2014,http://eur-lex.europa.eu/legal-content/EN/ALL/?uri=CELEX:32014R0094,EU-0006488-0000,Yes,https://echa.europa.eu/information-on-chemicals/biocidal-active-substances/-/disas/factsheet/1349/PT22,0,100.110.412,https://echa.europa.eu/substance-information/-/substanceinfo/100.110.412
"Potassium (E,E)-hexa-2,4-dienoate (Potassium Sorbate)",246-376-1,24634-61-5,1350,PT08-Wood preservatives,true,false,false,0,01/12/2016,30/11/2026,Germany,Approved,,,(EU)2015/1729,http://eur-lex.europa.eu/legal-content/EN/ALL/?uri=CELEX:32015R1729,EU-0012197-0000,No,https://echa.europa.eu/information-on-chemicals/biocidal-active-substances/-/disas/factsheet/1350/PT08,0,100.042.145,https://echa.europa.eu/substance-information/-/substanceinfo/100.042.145
"Potassium (E,E)-hexa-2,4-dienoate (Potassium Sorbate)",246-376-1,24634-61-5,1350,,false,,true,6,03/10/2021,,-,Approved,,,REGULATION (EU) 2021/807,http://eur-lex.europa.eu/legal-content/EN/ALL/?uri=CELEX:32021R0807,EU-0027590-0000,,https://echa.europa.eu/information-on-chemicals/biocidal-active-substances/-/disas/factsheet/1350/null,0,100.042.145,https://echa.europa.eu/substance-information/-/substanceinfo/100.042.145
Potassium 2-biphenylate,237-243-9,13707-65-8,1351,PT06-Preservatives for products during storage,true,false,false,0,,,Spain,No longer supported,,,Decision (EU) 2018/1622 ,http://eur-lex.europa.eu/legal-content/EN/ALL/?uri=CELEX:32018D1622,-,Under assessment,https://echa.europa.eu/information-on-chemicals/biocidal-active-substances/-/disas/factsheet/1351/PT06,0,100.033.843,https://echa.europa.eu/substance-information/-/substanceinfo/100.033.843
Potassium 2-biphenylate,237-243-9,13707-65-8,1351,"PT09-Fibre, leather, rubber and polymerised materials preservatives",true,false,false,0,,,Spain,No longer supported,,,Decision (EU) 2018/1622 ,http://eur-lex.europa.eu/legal-content/EN/ALL/?uri=CELEX:32018D1622,-,Under assessment,https://echa.europa.eu/information-on-chemicals/biocidal-active-substances/-/disas/factsheet/1351/PT09,0,100.033.843,https://echa.europa.eu/substance-information/-/substanceinfo/100.033.843
Potassium 2-biphenylate,237-243-9,13707-65-8,1351,PT10-Construction material preservatives,true,false,false,0,,,Spain,No longer supported,,,Decision (EU) 2018/1622 ,http://eur-lex.europa.eu/legal-content/EN/ALL/?uri=CELEX:32018D1622,-,Under assessment,https://echa.europa.eu/information-on-chemicals/biocidal-active-substances/-/disas/factsheet/1351/PT10,0,100.033.843,https://echa.europa.eu/substance-information/-/substanceinfo/100.033.843
Potassium 2-biphenylate,237-243-9,13707-65-8,1351,PT13-Working or cutting fluid preservatives,true,false,false,0,,,Spain,No longer supported,,,Decision (EU) 2018/1622 ,http://eur-lex.europa.eu/legal-content/EN/ALL/?uri=CELEX:32018D1622,-,Under assessment,https://echa.europa.eu/information-on-chemicals/biocidal-active-substances/-/disas/factsheet/1351/PT13,0,100.033.843,https://echa.europa.eu/substance-information/-/substanceinfo/100.033.843
Potassium dimethyldithiocarbamate,204-875-1,128-03-0,1352,"PT09-Fibre, leather, rubber and polymerised materials preservatives",true,false,false,0,,,United Kingdom,No longer supported,,,Commission Implementing Decision (EU) 2024/888 ,http://eur-lex.europa.eu/legal-content/EN/ALL/?uri=CELEX:32024D0888,-,Under assessment,https://echa.europa.eu/information-on-chemicals/biocidal-active-substances/-/disas/factsheet/1352/PT09,0,100.004.433,https://echa.europa.eu/substance-information/-/substanceinfo/100.004.433
Potassium dimethyldithiocarbamate,204-875-1,128-03-0,1352,PT11-Preservatives for liquid-cooling and processing systems,true,false,false,0,,,United Kingdom,No longer supported,,,Commission Implementing Decision (EU) 2024/888 ,http://eur-lex.europa.eu/legal-content/EN/ALL/?uri=CELEX:32024D0888,-,Under assessment,https://echa.europa.eu/information-on-chemicals/biocidal-active-substances/-/disas/factsheet/1352/PT11,0,100.004.433,https://echa.europa.eu/substance-information/-/substanceinfo/100.004.433
Potassium dimethyldithiocarbamate,204-875-1,128-03-0,1352,PT12-Slimicides,true,false,false,0,,,United Kingdom,No longer supported,,,Commission Implementing Decision (EU) 2024/888 ,http://eur-lex.europa.eu/legal-content/EN/ALL/?uri=CELEX:32024D0888,-,Under assessment,https://echa.europa.eu/information-on-chemicals/biocidal-active-substances/-/disas/factsheet/1352/PT12,0,100.004.433,https://echa.europa.eu/substance-information/-/substanceinfo/100.004.433
Powdered corn cob,-,-,1278,PT14-Rodenticides,true,false,false,0,01/02/2015,31/01/2025,Greece,Expired,,,Directive 2013/44/EU,http://eur-lex.europa.eu/legal-content/EN/ALL/?uri=CELEX:32013L0044,EU-0005426-0000,No,https://echa.europa.eu/information-on-chemicals/biocidal-active-substances/-/disas/factsheet/1278/PT14,0,100.240.911,https://echa.europa.eu/substance-information/-/substanceinfo/100.240.911
Powdered egg,-,-,2328,,false,,true,4,08/08/2019,,-,Approved,,,Regulation (EU) 2019/1821,http://eur-lex.europa.eu/legal-content/EN/ALL/?uri=CELEX:32019R1821,EU-0025428-0000,,https://echa.europa.eu/information-on-chemicals/biocidal-active-substances/-/disas/factsheet/2328/null,6,100.316.320,https://echa.europa.eu/substance-information/-/substanceinfo/100.316.320
Propan-1-ol,200-746-9,71-23-8,1354,PT01-Human hygiene,true,false,false,0,01/05/2019,30/04/2029,Germany,Approved,,,Reg (EU) 2017/2001 ,http://eur-lex.europa.eu/legal-content/EN/ALL/?uri=CELEX:32017R2001,EU-0018238-0000,No,https://echa.europa.eu/information-on-chemicals/biocidal-active-substances/-/disas/factsheet/1354/PT01,35,100.000.679,https://echa.europa.eu/substance-information/-/substanceinfo/100.000.679
Propan-1-ol,200-746-9,71-23-8,1354,PT02-Disinfectants and algaecides not intended for direct application to humans or animals,true,false,false,0,01/05/2019,30/04/2029,Germany,Approved,,,Reg (EU) 2017/2001 ,http://eur-lex.europa.eu/legal-content/EN/ALL/?uri=CELEX:32017R2001,EU-0018230-0000,No,https://echa.europa.eu/information-on-chemicals/biocidal-active-substances/-/disas/factsheet/1354/PT02,20,100.000.679,https://echa.europa.eu/substance-information/-/substanceinfo/100.000.679
Propan-1-ol,200-746-9,71-23-8,1354,PT04-Food and feed area,true,false,false,0,01/05/2019,30/04/2029,Germany,Approved,,,Reg (EU) 2017/2001 ,http://eur-lex.europa.eu/legal-content/EN/ALL/?uri=CELEX:32017R2001,EU-0018228-0000,No,https://echa.europa.eu/information-on-chemicals/biocidal-active-substances/-/disas/factsheet/1354/PT04,20,100.000.679,https://echa.europa.eu/substance-information/-/substanceinfo/100.000.679
Propan-2-ol,200-661-7,67-63-0,1355,PT01-Human hygiene,true,false,false,0,01/07/2016,30/06/2026,Germany,Approved,Renewal in progress,Competent authority evaluation,(EU) 2015/407 ,http://eur-lex.europa.eu/legal-content/EN/ALL/?uri=CELEX:32015R0407,EU-0012047-0000,Under assessment,https://echa.europa.eu/information-on-chemicals/biocidal-active-substances/-/disas/factsheet/1355/PT01,69,100.000.601,https://echa.europa.eu/substance-information/-/substanceinfo/100.000.601
Propan-2-ol,200-661-7,67-63-0,1355,PT02-Disinfectants and algaecides not intended for direct application to humans or animals,true,false,false,0,01/07/2016,30/06/2026,Germany,Approved,Renewal in progress,Competent authority evaluation,(EU) 2015/407 ,http://eur-lex.europa.eu/legal-content/EN/ALL/?uri=CELEX:32015R0407,EU-0012048-0000,Under assessment,https://echa.europa.eu/information-on-chemicals/biocidal-active-substances/-/disas/factsheet/1355/PT02,116,100.000.601,https://echa.europa.eu/substance-information/-/substanceinfo/100.000.601
Propan-2-ol,200-661-7,67-63-0,1355,PT04-Food and feed area,true,false,false,0,01/07/2016,30/06/2026,Germany,Approved,Renewal in progress,Competent authority evaluation,(EU) 2015/407 ,http://eur-lex.europa.eu/legal-content/EN/ALL/?uri=CELEX:32015R0407,EU-0012049-0000,Under assessment,https://echa.europa.eu/information-on-chemicals/biocidal-active-substances/-/disas/factsheet/1355/PT04,75,100.000.601,https://echa.europa.eu/substance-information/-/substanceinfo/100.000.601
Propionic acid,201-176-3,79-09-4,1426,,false,,true,1,01/09/2013,,-,Approved,,,Regulation (EU) 528/2012 Annex I,http://eur-lex.europa.eu/legal-content/EN/ALL/?uri=CELEX:32012R0528,EU-0012341-0000,,https://echa.europa.eu/information-on-chemicals/biocidal-active-substances/-/disas/factsheet/1426/null,1,100.001.070,https://echa.europa.eu/substance-information/-/substanceinfo/100.001.070
Pyrethrins and Pyrethroids,232-319-8,8003-34-7,1356,"PT18-Insecticides, acaricides and products to control other arthropods",true,false,false,0,,,-,No longer supported,,,Decision (EU) 2020/1036 ,http://eur-lex.europa.eu/legal-content/EN/ALL/?uri=CELEX:32020D1036,-,Under assessment,https://echa.europa.eu/information-on-chemicals/biocidal-active-substances/-/disas/factsheet/1356/PT18,0,100.029.379,https://echa.europa.eu/substance-information/-/substanceinfo/100.029.379
Pyrethrins and Pyrethroids,232-319-8,8003-34-7,1356,PT19-Repellents and attractants,true,false,false,0,,,-,No longer supported,,,Decision (EU) 2020/1036 ,http://eur-lex.europa.eu/legal-content/EN/ALL/?uri=CELEX:32020D1036,-,Under assessment,https://echa.europa.eu/information-on-chemicals/biocidal-active-substances/-/disas/factsheet/1356/PT19,0,100.029.379,https://echa.europa.eu/substance-information/-/substanceinfo/100.029.379
"Pyridine-2-thiol 1-oxide, sodium salt (Sodium pyrithione)",223-296-5,3811-73-2,1393,PT02-Disinfectants and algaecides not intended for direct application to humans or animals,true,false,false,0,,,Sweden,,Initial application for approval in progress,Competent authority evaluation,,,-,Under assessment,https://echa.europa.eu/information-on-chemicals/biocidal-active-substances/-/disas/factsheet/1393/PT02,0,100.021.179,https://echa.europa.eu/substance-information/-/substanceinfo/100.021.179
"Pyridine-2-thiol 1-oxide, sodium salt (Sodium pyrithione)",223-296-5,3811-73-2,1393,PT03-Veterinary hygiene,true,false,false,0,,,Sweden,No longer supported,,,Decision (EU) 2018/1622 ,http://eur-lex.europa.eu/legal-content/EN/ALL/?uri=CELEX:32018D1622,-,Under assessment,https://echa.europa.eu/information-on-chemicals/biocidal-active-substances/-/disas/factsheet/1393/PT03,0,100.021.179,https://echa.europa.eu/substance-information/-/substanceinfo/100.021.179
"Pyridine-2-thiol 1-oxide, sodium salt (Sodium pyrithione)",223-296-5,3811-73-2,1393,PT06-Preservatives for products during storage,true,false,false,0,,,Sweden,,Initial application for approval in progress,Competent authority evaluation,,,-,Under assessment,https://echa.europa.eu/information-on-chemicals/biocidal-active-substances/-/disas/factsheet/1393/PT06,0,100.021.179,https://echa.europa.eu/substance-information/-/substanceinfo/100.021.179
"Pyridine-2-thiol 1-oxide, sodium salt (Sodium pyrithione)",223-296-5,3811-73-2,1393,PT07-Film preservatives,true,false,false,0,,,Sweden,,Initial application for approval in progress,Competent authority evaluation,,,-,Under assessment,https://echa.europa.eu/information-on-chemicals/biocidal-active-substances/-/disas/factsheet/1393/PT07,0,100.021.179,https://echa.europa.eu/substance-information/-/substanceinfo/100.021.179
"Pyridine-2-thiol 1-oxide, sodium salt (Sodium pyrithione)",223-296-5,3811-73-2,1393,"PT09-Fibre, leather, rubber and polymerised materials preservatives",true,false,false,0,,,Sweden,,Initial application for approval in progress,Competent authority evaluation,,,-,Under assessment,https://echa.europa.eu/information-on-chemicals/biocidal-active-substances/-/disas/factsheet/1393/PT09,0,100.021.179,https://echa.europa.eu/substance-information/-/substanceinfo/100.021.179
"Pyridine-2-thiol 1-oxide, sodium salt (Sodium pyrithione)",223-296-5,3811-73-2,1393,PT10-Construction material preservatives,true,false,false,0,,,Sweden,,Initial application for approval in progress,Competent authority evaluation,,,-,Under assessment,https://echa.europa.eu/information-on-chemicals/biocidal-active-substances/-/disas/factsheet/1393/PT10,0,100.021.179,https://echa.europa.eu/substance-information/-/substanceinfo/100.021.179
"Pyridine-2-thiol 1-oxide, sodium salt (Sodium pyrithione)",223-296-5,3811-73-2,1393,PT13-Working or cutting fluid preservatives,true,false,false,0,,,Sweden,,Initial application for approval in progress,Competent authority evaluation,,,-,Under assessment,https://echa.europa.eu/information-on-chemicals/biocidal-active-substances/-/disas/factsheet/1393/PT13,0,100.021.179,https://echa.europa.eu/substance-information/-/substanceinfo/100.021.179
pyriproxyfen,429-800-1,95737-68-1,61,"PT18-Insecticides, acaricides and products to control other arthropods",true,false,false,0,01/02/2015,31/07/2027,Netherlands,Approved,Renewal in progress,Competent authority evaluation,Commission Implementing Decision (EU) 2024/2416,http://eur-lex.europa.eu/legal-content/EN/ALL/?uri=CELEX:32024D2416,EU-0005413-0000,Under assessment,https://echa.europa.eu/information-on-chemicals/biocidal-active-substances/-/disas/factsheet/61/PT18,9,100.102.814,https://echa.europa.eu/substance-information/-/substanceinfo/100.102.814
Pyrithione zinc (Zinc pyrithione),236-671-3,13463-41-7,1357,PT02-Disinfectants and algaecides not intended for direct application to humans or animals,true,false,false,0,,,Sweden,No longer supported,,,Commission Implementing Decision (EU) 2025/1262,http://eur-lex.europa.eu/legal-content/EN/ALL/?uri=CELEX:32025D1262,-,Under assessment,https://echa.europa.eu/information-on-chemicals/biocidal-active-substances/-/disas/factsheet/1357/PT02,0,100.033.324,https://echa.europa.eu/substance-information/-/substanceinfo/100.033.324
Pyrithione zinc (Zinc pyrithione),236-671-3,13463-41-7,1357,PT06-Preservatives for products during storage,true,false,false,0,,,Sweden,,Initial application for approval in progress,Competent authority evaluation,,,-,Under assessment,https://echa.europa.eu/information-on-chemicals/biocidal-active-substances/-/disas/factsheet/1357/PT06,0,100.033.324,https://echa.europa.eu/substance-information/-/substanceinfo/100.033.324
Pyrithione zinc (Zinc pyrithione),236-671-3,13463-41-7,1357,PT07-Film preservatives,true,false,false,0,,,Sweden,,Initial application for approval in progress,Competent authority evaluation,,,-,Under assessment,https://echa.europa.eu/information-on-chemicals/biocidal-active-substances/-/disas/factsheet/1357/PT07,0,100.033.324,https://echa.europa.eu/substance-information/-/substanceinfo/100.033.324
Pyrithione zinc (Zinc pyrithione),236-671-3,13463-41-7,1357,"PT09-Fibre, leather, rubber and polymerised materials preservatives",true,false,false,0,,,Sweden,,Initial application for approval in progress,Competent authority evaluation,,,-,Under assessment,https://echa.europa.eu/information-on-chemicals/biocidal-active-substances/-/disas/factsheet/1357/PT09,0,100.033.324,https://echa.europa.eu/substance-information/-/substanceinfo/100.033.324
Pyrithione zinc (Zinc pyrithione),236-671-3,13463-41-7,1357,PT10-Construction material preservatives,true,false,false,0,,,Sweden,No longer supported,,,Commission Implementing Decision (EU) 2025/1262,http://eur-lex.europa.eu/legal-content/EN/ALL/?uri=CELEX:32025D1262,-,Under assessment,https://echa.europa.eu/information-on-chemicals/biocidal-active-substances/-/disas/factsheet/1357/PT10,0,100.033.324,https://echa.europa.eu/substance-information/-/substanceinfo/100.033.324
Pyrithione zinc (Zinc pyrithione),236-671-3,13463-41-7,1357,PT21-Antifouling products,true,false,false,0,,,Sweden,,Initial application for approval in progress,Competent authority evaluation,,,-,Yes,https://echa.europa.eu/information-on-chemicals/biocidal-active-substances/-/disas/factsheet/1357/PT21,0,100.033.324,https://echa.europa.eu/substance-information/-/substanceinfo/100.033.324
"Pyrogenic, synthetic amorphous, nano, surface treated silicon dioxide",272-697-1,68909-20-6,1449,"PT18-Insecticides, acaricides and products to control other arthropods",true,false,false,0,01/11/2018,31/10/2028,France,Approved,,,Regulation (EU) 2017/795,http://eur-lex.europa.eu/legal-content/EN/ALL/?uri=CELEX:32017R0795,EU-0015372-0000,No,https://echa.europa.eu/information-on-chemicals/biocidal-active-substances/-/disas/factsheet/1449/PT18,1,100.066.069,https://echa.europa.eu/substance-information/-/substanceinfo/100.066.069
"Pythium oligandrum, Chromista - Stramenopila",-,-,1442,PT10-Construction material preservatives,false,true,false,0,01/01/2016,31/12/2025,Czechia,Approved,Renewal in progress,Competent authority evaluation,(EU)2015/1610,http://eur-lex.europa.eu/legal-content/EN/ALL/?uri=CELEX:32015R1610,EU-0012198-0000,Under assessment,https://echa.europa.eu/information-on-chemicals/biocidal-active-substances/-/disas/factsheet/1442/PT10,1,100.240.916,https://echa.europa.eu/substance-information/-/substanceinfo/100.240.916
"Quaternary ammonium compounds, benzyl-C12-18-alkyldimethyl, salts with 1,2-benzisothiazol-3(2H)-one 1,1-dioxide",273-545-7,68989-01-5,1368,PT02-Disinfectants and algaecides not intended for direct application to humans or animals,true,false,false,0,,,Malta,,Initial application for approval in progress,Opinion development by BPC,,,-,No,https://echa.europa.eu/information-on-chemicals/biocidal-active-substances/-/disas/factsheet/1368/PT02,0,100.066.840,https://echa.europa.eu/substance-information/-/substanceinfo/100.066.840
"Quaternary ammonium compounds, benzyl-C12-18-alkyldimethyl, salts with 1,2-benzisothiazol-3(2H)-one 1,1-dioxide",273-545-7,68989-01-5,1368,PT04-Food and feed area,true,false,false,0,,,Malta,,Initial application for approval in progress,Opinion development by BPC,,,-,Under assessment,https://echa.europa.eu/information-on-chemicals/biocidal-active-substances/-/disas/factsheet/1368/PT04,0,100.066.840,https://echa.europa.eu/substance-information/-/substanceinfo/100.066.840
Reaction mass of (6E)-N-(4-hydroxy-3-methoxy-2-methylphenyl)-8-methylnon-6-enamide and N-(4-hydroxy-3-methoxy-2-methylphenyl)-8-methylnonanamide,-,-,2347,PT19-Repellents and attractants,true,false,false,0,,,-,No longer supported,,,Decision (EU) 2021/1283     ,http://eur-lex.europa.eu/legal-content/EN/ALL/?uri=CELEX:32021D1283,-,Under assessment,https://echa.europa.eu/information-on-chemicals/biocidal-active-substances/-/disas/factsheet/2347/PT19,0,100.313.556,https://echa.europa.eu/substance-information/-/substanceinfo/100.313.556
Reaction mass of chloromethyl hexyl cyanocarbonodithioimidate and bromomethyl hexyl cyanocarbonodithioimidate and dihexyl cyanocarbonodithioimidate,-,-,1623,"PT09-Fibre, leather, rubber and polymerised materials preservatives",false,true,false,0,,,Norway,Cancelled application,,,,,-,Under assessment,https://echa.europa.eu/information-on-chemicals/biocidal-active-substances/-/disas/factsheet/1623/PT09,0,100.244.515,https://echa.europa.eu/substance-information/-/substanceinfo/100.244.515
"reaction mass of N,N-didecyl-N-(2-hydroxyethyl)-N-methylammonium propionate and N,N-didecyl-N-(2-(2-hydroxyethoxy)ethyl)-N-methylammonium propionate and N,N-didecyl-N-(2-(2-(2-hydroxyethoxy)ethoxy)ethyl)-N-methylammonium propionate",-,-,2483,PT02-Disinfectants and algaecides not intended for direct application to humans or animals,true,false,false,0,01/02/2025,31/01/2035,Italy,Approved,,,Commission Implementing Regulation (EU) 2023/2089,http://eur-lex.europa.eu/legal-content/EN/ALL/?uri=CELEX:32023R2089,EU-0030031-0000,No,https://echa.europa.eu/information-on-chemicals/biocidal-active-substances/-/disas/factsheet/2483/PT02,0,100.363.153,https://echa.europa.eu/substance-information/-/substanceinfo/100.363.153
"reaction mass of N,N-didecyl-N-(2-hydroxyethyl)-N-methylammonium propionate and N,N-didecyl-N-(2-(2-hydroxyethoxy)ethyl)-N-methylammonium propionate and N,N-didecyl-N-(2-(2-(2-hydroxyethoxy)ethoxy)ethyl)-N-methylammonium propionate",-,-,2483,PT04-Food and feed area,true,false,false,0,01/02/2025,31/01/2035,Italy,Approved,,,Commission Implementing Regulation (EU) 2023/2089,http://eur-lex.europa.eu/legal-content/EN/ALL/?uri=CELEX:32023R2089,EU-0030033-0000,No,https://echa.europa.eu/information-on-chemicals/biocidal-active-substances/-/disas/factsheet/2483/PT04,0,100.363.153,https://echa.europa.eu/substance-information/-/substanceinfo/100.363.153
"reaction mass of N,N-didecyl-N-(2-hydroxyethyl)-N-methylammonium propionate and N,N-didecyl-N-(2-(2-hydroxyethoxy)ethyl)-N-methylammonium propionate and N,N-didecyl-N-(2-(2-(2-hydroxyethoxy)ethoxy)ethyl)-N-methylammonium propionate",-,-,2483,PT08-Wood preservatives,false,true,false,0,01/01/2018,31/12/2027,-,Approved,,,Commission Implementing Regulation (EU) 2023/2088 ,http://eur-lex.europa.eu/legal-content/EN/ALL/?uri=CELEX:32023R2088,EU-0013641-0000,Under assessment,https://echa.europa.eu/information-on-chemicals/biocidal-active-substances/-/disas/factsheet/2483/PT08,3,100.363.153,https://echa.europa.eu/substance-information/-/substanceinfo/100.363.153
"reaction mass of N,N-didecyl-N-(2-hydroxyethyl)-N-methylammonium propionate and N,N-didecyl-N-(2-(2-hydroxyethoxy)ethyl)-N-methylammonium propionate and N,N-didecyl-N-(2-(2-(2-hydroxyethoxy)ethoxy)ethyl)-N-methylammonium propionate",-,-,2483,PT10-Construction material preservatives,true,false,false,0,,,Italy,,Initial application for approval in progress,Competent authority evaluation,,,-,Under assessment,https://echa.europa.eu/information-on-chemicals/biocidal-active-substances/-/disas/factsheet/2483/PT10,0,100.363.153,https://echa.europa.eu/substance-information/-/substanceinfo/100.363.153
Reaction mass of peracetic acid and peroxyoctanoic acid,-,-,2183,PT02-Disinfectants and algaecides not intended for direct application to humans or animals,true,false,false,0,01/04/2022,31/03/2032,France,Approved,,,Regulation (EU) 2020/1771,http://eur-lex.europa.eu/legal-content/EN/ALL/?uri=CELEX:32020R1771,EU-0023552-0000,No,https://echa.europa.eu/information-on-chemicals/biocidal-active-substances/-/disas/factsheet/2183/PT02,0,100.283.857,https://echa.europa.eu/substance-information/-/substanceinfo/100.283.857
Reaction mass of peracetic acid and peroxyoctanoic acid,-,-,2183,PT03-Veterinary hygiene,true,false,false,0,01/04/2022,31/03/2032,France,Approved,,,Regulation (EU) 2020/1771,http://eur-lex.europa.eu/legal-content/EN/ALL/?uri=CELEX:32020R1771,EU-0023550-0000,No,https://echa.europa.eu/information-on-chemicals/biocidal-active-substances/-/disas/factsheet/2183/PT03,0,100.283.857,https://echa.europa.eu/substance-information/-/substanceinfo/100.283.857
Reaction mass of peracetic acid and peroxyoctanoic acid,-,-,2183,PT04-Food and feed area,true,false,false,0,01/04/2022,31/03/2032,France,Approved,,,Regulation (EU) 2020/1771,http://eur-lex.europa.eu/legal-content/EN/ALL/?uri=CELEX:32020R1771,EU-0023548-0000,No,https://echa.europa.eu/information-on-chemicals/biocidal-active-substances/-/disas/factsheet/2183/PT04,0,100.283.857,https://echa.europa.eu/substance-information/-/substanceinfo/100.283.857
Reaction mass of titanium dioxide and silver chloride,944-224-5,-,1438,PT01-Human hygiene,true,false,false,0,,,-,No longer supported,,,COMMISSION IMPLEMENTING DECISION (EU) 2023/458,http://eur-lex.europa.eu/legal-content/EN/ALL/?uri=CELEX:32023D0458,-,Under assessment,https://echa.europa.eu/information-on-chemicals/biocidal-active-substances/-/disas/factsheet/1438/PT01,0,100.245.131,https://echa.europa.eu/substance-information/-/substanceinfo/100.245.131
Reaction mass of titanium dioxide and silver chloride,944-224-5,-,1438,PT02-Disinfectants and algaecides not intended for direct application to humans or animals,true,false,false,0,,,-,No longer supported,,,COMMISSION IMPLEMENTING DECISION (EU) 2023/458,http://eur-lex.europa.eu/legal-content/EN/ALL/?uri=CELEX:32023D0458,-,Under assessment,https://echa.europa.eu/information-on-chemicals/biocidal-active-substances/-/disas/factsheet/1438/PT02,0,100.245.131,https://echa.europa.eu/substance-information/-/substanceinfo/100.245.131
Reaction mass of titanium dioxide and silver chloride,944-224-5,-,1438,PT06-Preservatives for products during storage,true,false,false,0,,,-,No longer supported,,,COMMISSION IMPLEMENTING DECISION (EU) 2023/458,http://eur-lex.europa.eu/legal-content/EN/ALL/?uri=CELEX:32023D0458,-,Under assessment,https://echa.europa.eu/information-on-chemicals/biocidal-active-substances/-/disas/factsheet/1438/PT06,0,100.245.131,https://echa.europa.eu/substance-information/-/substanceinfo/100.245.131
Reaction mass of titanium dioxide and silver chloride,944-224-5,-,1438,PT07-Film preservatives,true,false,false,0,,,-,No longer supported,,,COMMISSION IMPLEMENTING DECISION (EU) 2023/458,http://eur-lex.europa.eu/legal-content/EN/ALL/?uri=CELEX:32023D0458,-,Under assessment,https://echa.europa.eu/information-on-chemicals/biocidal-active-substances/-/disas/factsheet/1438/PT07,0,100.245.131,https://echa.europa.eu/substance-information/-/substanceinfo/100.245.131
Reaction mass of titanium dioxide and silver chloride,944-224-5,-,1438,"PT09-Fibre, leather, rubber and polymerised materials preservatives",true,false,false,0,,,-,No longer supported,,,COMMISSION IMPLEMENTING DECISION (EU) 2023/458,http://eur-lex.europa.eu/legal-content/EN/ALL/?uri=CELEX:32023D0458,-,Under assessment,https://echa.europa.eu/information-on-chemicals/biocidal-active-substances/-/disas/factsheet/1438/PT09,0,100.245.131,https://echa.europa.eu/substance-information/-/substanceinfo/100.245.131
Reaction mass of titanium dioxide and silver chloride,944-224-5,-,1438,PT10-Construction material preservatives,true,false,false,0,,,Sweden,No longer supported,,,COMMISSION IMPLEMENTING DECISION (EU) 2023/458,http://eur-lex.europa.eu/legal-content/EN/ALL/?uri=CELEX:32023D0458,-,Under assessment,https://echa.europa.eu/information-on-chemicals/biocidal-active-substances/-/disas/factsheet/1438/PT10,0,100.245.131,https://echa.europa.eu/substance-information/-/substanceinfo/100.245.131
Reaction mass of titanium dioxide and silver chloride,944-224-5,-,1438,PT11-Preservatives for liquid-cooling and processing systems,true,false,false,0,,,Sweden,No longer supported,,,COMMISSION IMPLEMENTING DECISION (EU) 2023/458,http://eur-lex.europa.eu/legal-content/EN/ALL/?uri=CELEX:32023D0458,-,Under assessment,https://echa.europa.eu/information-on-chemicals/biocidal-active-substances/-/disas/factsheet/1438/PT11,0,100.245.131,https://echa.europa.eu/substance-information/-/substanceinfo/100.245.131
"Reaction products of 5,5-dimethylhydantoin, 5-ethyl-5-methylhydantoin with bromine and chlorine (DCDMH)",-,-,1221,PT11-Preservatives for liquid-cooling and processing systems,true,false,false,0,,,Netherlands,No longer supported,,,Commission Implementing Decision (EU) 2025/1262,http://eur-lex.europa.eu/legal-content/EN/ALL/?uri=CELEX:32025D1262,-,Under assessment,https://echa.europa.eu/information-on-chemicals/biocidal-active-substances/-/disas/factsheet/1221/PT11,0,100.240.905,https://echa.europa.eu/substance-information/-/substanceinfo/100.240.905
Reaction products of aluminium trihydroxide and hydrochloric acid and aluminium and water,-,-,2143,PT02-Disinfectants and algaecides not intended for direct application to humans or animals,true,false,false,0,,,Netherlands,,Initial application for approval in progress,Competent authority evaluation,,,-,Under assessment,https://echa.europa.eu/information-on-chemicals/biocidal-active-substances/-/disas/factsheet/2143/PT02,0,100.281.577,https://echa.europa.eu/substance-information/-/substanceinfo/100.281.577
"reaction products of ammonium bromide and sodium hypochlorite, generated in-situ",-,-,1241,PT11-Preservatives for liquid-cooling and processing systems,true,false,false,0,,,Sweden,,Initial application for approval in progress,Competent authority evaluation,,,-,Under assessment,https://echa.europa.eu/information-on-chemicals/biocidal-active-substances/-/disas/factsheet/1241/PT11,0,100.357.447,https://echa.europa.eu/substance-information/-/substanceinfo/100.357.447
"reaction products of ammonium bromide and sodium hypochlorite, generated in-situ",-,-,1241,PT12-Slimicides,true,false,false,0,,,Sweden,,Initial application for approval in progress,Opinion development by BPC,,,-,Under assessment,https://echa.europa.eu/information-on-chemicals/biocidal-active-substances/-/disas/factsheet/1241/PT12,0,100.357.447,https://echa.europa.eu/substance-information/-/substanceinfo/100.357.447
reaction products of boric acid with didecylamine and ethylene oxide (polymeric betaine),695-923-4,214710-34-6,1335,PT08-Wood preservatives,true,false,false,0,01/06/2026,31/05/2036,Greece,Approved,,,Commission Implementing Regulation (EU) 2024/2964,http://eur-lex.europa.eu/legal-content/EN/ALL/?uri=CELEX:32024R2964,EU-0032871-0000,Yes,https://echa.europa.eu/information-on-chemicals/biocidal-active-substances/-/disas/factsheet/1335/PT08,0,100.224.750,https://echa.europa.eu/substance-information/-/substanceinfo/100.224.750
Reaction products of: glutamic acid and N-(C12-C14-alkyl)propylenediamine (Glucoprotamin),403-950-8,164907-72-6,1309,PT02-Disinfectants and algaecides not intended for direct application to humans or animals,true,false,false,0,,,Germany,No longer supported,,,Commission Implementing Decision (EU) 2024/888 ,http://eur-lex.europa.eu/legal-content/EN/ALL/?uri=CELEX:32024D0888,-,Under assessment,https://echa.europa.eu/information-on-chemicals/biocidal-active-substances/-/disas/factsheet/1309/PT02,0,100.100.563,https://echa.europa.eu/substance-information/-/substanceinfo/100.100.563
Reaction products of: glutamic acid and N-(C12-C14-alkyl)propylenediamine (Glucoprotamin),403-950-8,164907-72-6,1309,PT04-Food and feed area,true,false,false,0,,,Germany,No longer supported,,,Commission Implementing Decision (EU) 2024/888 ,http://eur-lex.europa.eu/legal-content/EN/ALL/?uri=CELEX:32024D0888,-,Under assessment,https://echa.europa.eu/information-on-chemicals/biocidal-active-substances/-/disas/factsheet/1309/PT04,0,100.100.563,https://echa.europa.eu/substance-information/-/substanceinfo/100.100.563
"S-[(6-chloro-2-oxooxazolo[4,5-b]pyridin-3(2H)-yl)methyl] O,O-dimethylthiophosphate (Azamethiphos)",252-626-0,35575-96-3,1243,"PT18-Insecticides, acaricides and products to control other arthropods",true,false,false,0,,,Italy,,Initial application for approval in progress,Competent authority evaluation,,,-,No,https://echa.europa.eu/information-on-chemicals/biocidal-active-substances/-/disas/factsheet/1243/PT18,0,100.047.827,https://echa.europa.eu/substance-information/-/substanceinfo/100.047.827
S-Methoprene,613-834-0,65733-16-6,1386,"PT18-Insecticides, acaricides and products to control other arthropods",true,false,false,0,01/09/2015,29/02/2028,Ireland,Approved,Renewal in progress,Competent authority evaluation,DECISION (EU) 2025/952,http://eur-lex.europa.eu/legal-content/EN/ALL/?uri=CELEX:32025D0952,EU-0005719-0000,Under assessment,https://echa.europa.eu/information-on-chemicals/biocidal-active-substances/-/disas/factsheet/1386/PT18,70,100.133.782,https://echa.europa.eu/substance-information/-/substanceinfo/100.133.782
Saccharomyces cerevisiae (yeast),614-750-7,68876-77-7,2329,,false,,true,4,08/08/2019,,-,Approved,,,Regulation (EU) 2019/1820,http://eur-lex.europa.eu/legal-content/EN/ALL/?uri=CELEX:32019R1820,EU-0025429-0000,,https://echa.europa.eu/information-on-chemicals/biocidal-active-substances/-/disas/factsheet/2329/null,8,100.110.647,https://echa.europa.eu/substance-information/-/substanceinfo/100.110.647
Salicylic acid,200-712-3,69-72-7,1376,PT02-Disinfectants and algaecides not intended for direct application to humans or animals,true,false,false,0,,,Netherlands,,Initial application for approval in progress,Commission decision,,,-,No,https://echa.europa.eu/information-on-chemicals/biocidal-active-substances/-/disas/factsheet/1376/PT02,0,100.000.648,https://echa.europa.eu/substance-information/-/substanceinfo/100.000.648
Salicylic acid,200-712-3,69-72-7,1376,PT03-Veterinary hygiene,true,false,false,0,,,Netherlands,,Initial application for approval in progress,Commission decision,,,-,No,https://echa.europa.eu/information-on-chemicals/biocidal-active-substances/-/disas/factsheet/1376/PT03,0,100.000.648,https://echa.europa.eu/substance-information/-/substanceinfo/100.000.648
Salicylic acid,200-712-3,69-72-7,1376,PT04-Food and feed area,true,false,false,0,,,Netherlands,,Initial application for approval in progress,Commission decision,,,-,No,https://echa.europa.eu/information-on-chemicals/biocidal-active-substances/-/disas/factsheet/1376/PT04,0,100.000.648,https://echa.europa.eu/substance-information/-/substanceinfo/100.000.648
"Silicic acid, aluminium magnesium sodium salt",234-919-5,12040-43-6,1418,"PT18-Insecticides, acaricides and products to control other arthropods",false,true,false,0,,,Netherlands,,Initial application for approval in progress,Competent authority evaluation,,,-,Under assessment,https://echa.europa.eu/information-on-chemicals/biocidal-active-substances/-/disas/factsheet/1418/PT18,0,100.031.732,https://echa.europa.eu/substance-information/-/substanceinfo/100.031.732
"Silicic acid, aluminium magnesium sodium salt",234-919-5,12040-43-6,1418,,false,,true,6,,,Netherlands,Cancelled application,,,,,-,,https://echa.europa.eu/information-on-chemicals/biocidal-active-substances/-/disas/factsheet/1418/null,0,100.031.732,https://echa.europa.eu/substance-information/-/substanceinfo/100.031.732
Silicium dioxide (Silicium dioxide/Kieselguhr),612-383-7,61790-53-2,1377,"PT18-Insecticides, acaricides and products to control other arthropods",true,false,false,0,01/11/2018,31/10/2028,France,Approved,,,Regulation (EU) 2017/794,http://eur-lex.europa.eu/legal-content/EN/ALL/?uri=CELEX:32017R0794,EU-0015376-0000,No,https://echa.europa.eu/information-on-chemicals/biocidal-active-substances/-/disas/factsheet/1377/PT18,52,100.122.196,https://echa.europa.eu/substance-information/-/substanceinfo/100.122.196
Silver,231-131-3,7440-22-4,1379,PT02-Disinfectants and algaecides not intended for direct application to humans or animals,true,false,false,0,,,Sweden,,Initial application for approval in progress,Competent authority evaluation,,,-,Under assessment,https://echa.europa.eu/information-on-chemicals/biocidal-active-substances/-/disas/factsheet/1379/PT02,0,100.028.301,https://echa.europa.eu/substance-information/-/substanceinfo/100.028.301
Silver,231-131-3,7440-22-4,1379,PT04-Food and feed area,true,false,false,0,,,Sweden,,Initial application for approval in progress,Competent authority evaluation,,,-,Under assessment,https://echa.europa.eu/information-on-chemicals/biocidal-active-substances/-/disas/factsheet/1379/PT04,0,100.028.301,https://echa.europa.eu/substance-information/-/substanceinfo/100.028.301
Silver,231-131-3,7440-22-4,1379,PT05-Drinking water,true,false,false,0,,,Sweden,,Initial application for approval in progress,Competent authority evaluation,,,-,Under assessment,https://echa.europa.eu/information-on-chemicals/biocidal-active-substances/-/disas/factsheet/1379/PT05,0,100.028.301,https://echa.europa.eu/substance-information/-/substanceinfo/100.028.301
Silver,231-131-3,7440-22-4,1379,"PT09-Fibre, leather, rubber and polymerised materials preservatives",true,false,false,0,,,-,No longer supported,,,Decision (EU) 2018/1622 ,http://eur-lex.europa.eu/legal-content/EN/ALL/?uri=CELEX:32018D1622,-,Under assessment,https://echa.europa.eu/information-on-chemicals/biocidal-active-substances/-/disas/factsheet/1379/PT09,0,100.028.301,https://echa.europa.eu/substance-information/-/substanceinfo/100.028.301
Silver,231-131-3,7440-22-4,1379,PT11-Preservatives for liquid-cooling and processing systems,true,false,false,0,,,Sweden,,Initial application for approval in progress,Competent authority evaluation,,,-,Under assessment,https://echa.europa.eu/information-on-chemicals/biocidal-active-substances/-/disas/factsheet/1379/PT11,0,100.028.301,https://echa.europa.eu/substance-information/-/substanceinfo/100.028.301
Silver adsorbed on silicon dioxide,-,-,1448,"PT09-Fibre, leather, rubber and polymerised materials preservatives",true,false,false,0,,,Sweden,No longer supported,,,Commission Implementing Decision (EU) 2024/2948,http://eur-lex.europa.eu/legal-content/EN/ALL/?uri=CELEX:32024D2948,-,Under assessment,https://echa.europa.eu/information-on-chemicals/biocidal-active-substances/-/disas/factsheet/1448/PT09,0,100.240.921,https://echa.europa.eu/substance-information/-/substanceinfo/100.240.921
Silver borophosphate glass,-,-,2224,PT02-Disinfectants and algaecides not intended for direct application to humans or animals,true,false,false,0,,,Sweden,,Initial application for approval in progress,Competent authority evaluation,,,-,Under assessment,https://echa.europa.eu/information-on-chemicals/biocidal-active-substances/-/disas/factsheet/2224/PT02,0,100.288.677,https://echa.europa.eu/substance-information/-/substanceinfo/100.288.677
Silver borophosphate glass,-,-,2224,PT04-Food and feed area,false,true,false,0,,,Sweden,,Initial application for approval in progress,Competent authority evaluation,,,-,Under assessment,https://echa.europa.eu/information-on-chemicals/biocidal-active-substances/-/disas/factsheet/2224/PT04,0,100.288.677,https://echa.europa.eu/substance-information/-/substanceinfo/100.288.677
Silver borophosphate glass,-,-,2224,PT07-Film preservatives,true,false,false,0,,,Sweden,,Initial application for approval in progress,Competent authority evaluation,,,-,Under assessment,https://echa.europa.eu/information-on-chemicals/biocidal-active-substances/-/disas/factsheet/2224/PT07,0,100.288.677,https://echa.europa.eu/substance-information/-/substanceinfo/100.288.677
Silver borophosphate glass,-,-,2224,"PT09-Fibre, leather, rubber and polymerised materials preservatives",true,false,false,0,,,Sweden,,Initial application for approval in progress,Competent authority evaluation,,,-,Under assessment,https://echa.europa.eu/information-on-chemicals/biocidal-active-substances/-/disas/factsheet/2224/PT09,0,100.288.677,https://echa.europa.eu/substance-information/-/substanceinfo/100.288.677
Silver chloride,232-033-3,7783-90-6,1380,PT01-Human hygiene,true,false,false,0,,,Sweden,No longer supported,,,COMMISSION IMPLEMENTING DECISION (EU) 2023/458,http://eur-lex.europa.eu/legal-content/EN/ALL/?uri=CELEX:32023D0458,-,Under assessment,https://echa.europa.eu/information-on-chemicals/biocidal-active-substances/-/disas/factsheet/1380/PT01,0,100.029.121,https://echa.europa.eu/substance-information/-/substanceinfo/100.029.121
Silver chloride,232-033-3,7783-90-6,1380,PT02-Disinfectants and algaecides not intended for direct application to humans or animals,true,false,false,0,,,Sweden,,Initial application for approval in progress,Competent authority evaluation,,,-,Under assessment,https://echa.europa.eu/information-on-chemicals/biocidal-active-substances/-/disas/factsheet/1380/PT02,0,100.029.121,https://echa.europa.eu/substance-information/-/substanceinfo/100.029.121
Silver chloride,232-033-3,7783-90-6,1380,PT03-Veterinary hygiene,true,false,false,0,,,Sweden,Not approved,,,Decision 2014/227/EU,http://eur-lex.europa.eu/legal-content/EN/ALL/?uri=CELEX:32014D0227,-,Under assessment,https://echa.europa.eu/information-on-chemicals/biocidal-active-substances/-/disas/factsheet/1380/PT03,0,100.029.121,https://echa.europa.eu/substance-information/-/substanceinfo/100.029.121
Silver chloride,232-033-3,7783-90-6,1380,PT04-Food and feed area,false,true,false,0,,,Sweden,,Initial application for approval in progress,Competent authority evaluation,Decision 2014/227/EU,http://eur-lex.europa.eu/legal-content/EN/ALL/?uri=CELEX:32014D0227,-,Under assessment,https://echa.europa.eu/information-on-chemicals/biocidal-active-substances/-/disas/factsheet/1380/PT04,0,100.029.121,https://echa.europa.eu/substance-information/-/substanceinfo/100.029.121
Silver chloride,232-033-3,7783-90-6,1380,PT05-Drinking water,true,false,false,0,,,Sweden,Not approved,,,Decision 2014/227/EU,http://eur-lex.europa.eu/legal-content/EN/ALL/?uri=CELEX:32014D0227,-,Under assessment,https://echa.europa.eu/information-on-chemicals/biocidal-active-substances/-/disas/factsheet/1380/PT05,0,100.029.121,https://echa.europa.eu/substance-information/-/substanceinfo/100.029.121
Silver chloride,232-033-3,7783-90-6,1380,PT06-Preservatives for products during storage,true,false,false,0,,,Sweden,,Initial application for approval in progress,Competent authority evaluation,,,-,Under assessment,https://echa.europa.eu/information-on-chemicals/biocidal-active-substances/-/disas/factsheet/1380/PT06,0,100.029.121,https://echa.europa.eu/substance-information/-/substanceinfo/100.029.121
Silver chloride,232-033-3,7783-90-6,1380,PT07-Film preservatives,true,false,false,0,,,Sweden,,Initial application for approval in progress,Competent authority evaluation,,,-,Under assessment,https://echa.europa.eu/information-on-chemicals/biocidal-active-substances/-/disas/factsheet/1380/PT07,0,100.029.121,https://echa.europa.eu/substance-information/-/substanceinfo/100.029.121
Silver chloride,232-033-3,7783-90-6,1380,"PT09-Fibre, leather, rubber and polymerised materials preservatives",true,false,false,0,,,Sweden,,Initial application for approval in progress,Competent authority evaluation,,,-,Under assessment,https://echa.europa.eu/information-on-chemicals/biocidal-active-substances/-/disas/factsheet/1380/PT09,0,100.029.121,https://echa.europa.eu/substance-information/-/substanceinfo/100.029.121
Silver chloride,232-033-3,7783-90-6,1380,PT10-Construction material preservatives,true,false,false,0,,,-,No longer supported,,,Decision (EU) 2018/1622 ,http://eur-lex.europa.eu/legal-content/EN/ALL/?uri=CELEX:32018D1622,-,Under assessment,https://echa.europa.eu/information-on-chemicals/biocidal-active-substances/-/disas/factsheet/1380/PT10,0,100.029.121,https://echa.europa.eu/substance-information/-/substanceinfo/100.029.121
Silver chloride,232-033-3,7783-90-6,1380,PT11-Preservatives for liquid-cooling and processing systems,true,false,false,0,,,-,No longer supported,,,Decision (EU) 2018/1622 ,http://eur-lex.europa.eu/legal-content/EN/ALL/?uri=CELEX:32018D1622,-,Under assessment,https://echa.europa.eu/information-on-chemicals/biocidal-active-substances/-/disas/factsheet/1380/PT11,0,100.029.121,https://echa.europa.eu/substance-information/-/substanceinfo/100.029.121
Silver chloride,232-033-3,7783-90-6,1380,PT13-Working or cutting fluid preservatives,true,false,false,0,,,Sweden,Not approved,,,Decision 2014/227/EU,http://eur-lex.europa.eu/legal-content/EN/ALL/?uri=CELEX:32014D0227,-,Under assessment,https://echa.europa.eu/information-on-chemicals/biocidal-active-substances/-/disas/factsheet/1380/PT13,0,100.029.121,https://echa.europa.eu/substance-information/-/substanceinfo/100.029.121
Silver copper zeolite,868-573-7,130328-19-7,1446,PT02-Disinfectants and algaecides not intended for direct application to humans or animals,true,false,false,0,,,Sweden,Not approved,,,Decision (EU) 2019/1973,http://eur-lex.europa.eu/legal-content/EN/ALL/?uri=CELEX:32019D1973,-,No,https://echa.europa.eu/information-on-chemicals/biocidal-active-substances/-/disas/factsheet/1446/PT02,0,100.240.919,https://echa.europa.eu/substance-information/-/substanceinfo/100.240.919
Silver copper zeolite,868-573-7,130328-19-7,1446,PT04-Food and feed area,true,false,false,0,,,Sweden,Not approved,,,Commission Implementing Decision (EU) 2023/2377,http://eur-lex.europa.eu/legal-content/EN/ALL/?uri=CELEX:32023D2377,-,Under assessment,https://echa.europa.eu/information-on-chemicals/biocidal-active-substances/-/disas/factsheet/1446/PT04,0,100.240.919,https://echa.europa.eu/substance-information/-/substanceinfo/100.240.919
Silver copper zeolite,868-573-7,130328-19-7,1446,PT05-Drinking water,true,false,false,0,,,Sweden,No longer supported,,,Decision (EU) 2018/1622 ,http://eur-lex.europa.eu/legal-content/EN/ALL/?uri=CELEX:32018D1622,-,Under assessment,https://echa.europa.eu/information-on-chemicals/biocidal-active-substances/-/disas/factsheet/1446/PT05,0,100.240.919,https://echa.europa.eu/substance-information/-/substanceinfo/100.240.919
Silver copper zeolite,868-573-7,130328-19-7,1446,PT07-Film preservatives,true,false,false,0,,,Sweden,Not approved,,,Decision (EU) 2019/1973,http://eur-lex.europa.eu/legal-content/EN/ALL/?uri=CELEX:32019D1973,-,No,https://echa.europa.eu/information-on-chemicals/biocidal-active-substances/-/disas/factsheet/1446/PT07,0,100.240.919,https://echa.europa.eu/substance-information/-/substanceinfo/100.240.919
Silver copper zeolite,868-573-7,130328-19-7,1446,"PT09-Fibre, leather, rubber and polymerised materials preservatives",true,false,false,0,,,Sweden,,Initial application for approval in progress,Opinion development by BPC,,,-,Under assessment,https://echa.europa.eu/information-on-chemicals/biocidal-active-substances/-/disas/factsheet/1446/PT09,0,100.240.919,https://echa.europa.eu/substance-information/-/substanceinfo/100.240.919
Silver nitrate,231-853-9,7761-88-8,1381,PT01-Human hygiene,true,false,false,0,,,Sweden,,Initial application for approval in progress,Competent authority evaluation,,,-,Under assessment,https://echa.europa.eu/information-on-chemicals/biocidal-active-substances/-/disas/factsheet/1381/PT01,0,100.028.958,https://echa.europa.eu/substance-information/-/substanceinfo/100.028.958
Silver nitrate,231-853-9,7761-88-8,1381,PT02-Disinfectants and algaecides not intended for direct application to humans or animals,false,true,false,0,,,Sweden,,Initial application for approval in progress,Competent authority evaluation,,,-,Under assessment,https://echa.europa.eu/information-on-chemicals/biocidal-active-substances/-/disas/factsheet/1381/PT02,0,100.028.958,https://echa.europa.eu/substance-information/-/substanceinfo/100.028.958
Silver nitrate,231-853-9,7761-88-8,1381,PT03-Veterinary hygiene,false,true,false,0,,,Sweden,,Initial application for approval in progress,Competent authority evaluation,,,-,Under assessment,https://echa.europa.eu/information-on-chemicals/biocidal-active-substances/-/disas/factsheet/1381/PT03,0,100.028.958,https://echa.europa.eu/substance-information/-/substanceinfo/100.028.958
Silver nitrate,231-853-9,7761-88-8,1381,PT04-Food and feed area,false,true,false,0,,,Sweden,,Initial application for approval in progress,Competent authority evaluation,,,-,Under assessment,https://echa.europa.eu/information-on-chemicals/biocidal-active-substances/-/disas/factsheet/1381/PT04,0,100.028.958,https://echa.europa.eu/substance-information/-/substanceinfo/100.028.958
Silver nitrate,231-853-9,7761-88-8,1381,PT05-Drinking water,false,true,false,0,,,Sweden,,Initial application for approval in progress,Competent authority evaluation,,,-,Under assessment,https://echa.europa.eu/information-on-chemicals/biocidal-active-substances/-/disas/factsheet/1381/PT05,0,100.028.958,https://echa.europa.eu/substance-information/-/substanceinfo/100.028.958
Silver nitrate,231-853-9,7761-88-8,1381,PT06-Preservatives for products during storage,false,true,false,0,,,Sweden,No longer supported,,,,,-,Under assessment,https://echa.europa.eu/information-on-chemicals/biocidal-active-substances/-/disas/factsheet/1381/PT06,0,100.028.958,https://echa.europa.eu/substance-information/-/substanceinfo/100.028.958
Silver nitrate,231-853-9,7761-88-8,1381,PT07-Film preservatives,false,true,false,0,,,Sweden,No longer supported,,,COMMISSION IMPLEMENTING DECISION (EU) 2022/2570,http://eur-lex.europa.eu/legal-content/EN/ALL/?uri=CELEX:32022D2570,-,Under assessment,https://echa.europa.eu/information-on-chemicals/biocidal-active-substances/-/disas/factsheet/1381/PT07,0,100.028.958,https://echa.europa.eu/substance-information/-/substanceinfo/100.028.958
Silver nitrate,231-853-9,7761-88-8,1381,"PT09-Fibre, leather, rubber and polymerised materials preservatives",false,true,false,0,,,Sweden,,Initial application for approval in progress,Competent authority evaluation,,,-,Under assessment,https://echa.europa.eu/information-on-chemicals/biocidal-active-substances/-/disas/factsheet/1381/PT09,0,100.028.958,https://echa.europa.eu/substance-information/-/substanceinfo/100.028.958
Silver nitrate,231-853-9,7761-88-8,1381,PT11-Preservatives for liquid-cooling and processing systems,false,true,false,0,,,Sweden,,Initial application for approval in progress,Competent authority evaluation,,,-,Under assessment,https://echa.europa.eu/information-on-chemicals/biocidal-active-substances/-/disas/factsheet/1381/PT11,0,100.028.958,https://echa.europa.eu/substance-information/-/substanceinfo/100.028.958
Silver phosphate glass,608-534-1,308069-39-8,1441,PT02-Disinfectants and algaecides not intended for direct application to humans or animals,true,false,false,0,,,Sweden,,Initial application for approval in progress,Competent authority evaluation,,,-,Under assessment,https://echa.europa.eu/information-on-chemicals/biocidal-active-substances/-/disas/factsheet/1441/PT02,0,100.123.118,https://echa.europa.eu/substance-information/-/substanceinfo/100.123.118
Silver phosphate glass,608-534-1,308069-39-8,1441,PT04-Food and feed area,false,true,false,0,,,Sweden,,Initial application for approval in progress,Competent authority evaluation,,,-,Under assessment,https://echa.europa.eu/information-on-chemicals/biocidal-active-substances/-/disas/factsheet/1441/PT04,0,100.123.118,https://echa.europa.eu/substance-information/-/substanceinfo/100.123.118
Silver phosphate glass,608-534-1,308069-39-8,1441,PT07-Film preservatives,true,false,false,0,,,Sweden,,Initial application for approval in progress,Competent authority evaluation,,,-,Under assessment,https://echa.europa.eu/information-on-chemicals/biocidal-active-substances/-/disas/factsheet/1441/PT07,0,100.123.118,https://echa.europa.eu/substance-information/-/substanceinfo/100.123.118
Silver phosphate glass,608-534-1,308069-39-8,1441,"PT09-Fibre, leather, rubber and polymerised materials preservatives",true,false,false,0,,,Sweden,,Initial application for approval in progress,Competent authority evaluation,,,-,Under assessment,https://echa.europa.eu/information-on-chemicals/biocidal-active-substances/-/disas/factsheet/1441/PT09,0,100.123.118,https://echa.europa.eu/substance-information/-/substanceinfo/100.123.118
silver phosphoborate glass,968-060-9,2677731-62-1,2223,PT02-Disinfectants and algaecides not intended for direct application to humans or animals,true,false,false,0,,,Sweden,,Initial application for approval in progress,Competent authority evaluation,,,-,Under assessment,https://echa.europa.eu/information-on-chemicals/biocidal-active-substances/-/disas/factsheet/2223/PT02,0,100.398.208,https://echa.europa.eu/substance-information/-/substanceinfo/100.398.208
silver phosphoborate glass,968-060-9,2677731-62-1,2223,PT04-Food and feed area,false,true,false,0,,,Sweden,,Initial application for approval in progress,Competent authority evaluation,,,-,Under assessment,https://echa.europa.eu/information-on-chemicals/biocidal-active-substances/-/disas/factsheet/2223/PT04,0,100.398.208,https://echa.europa.eu/substance-information/-/substanceinfo/100.398.208
silver phosphoborate glass,968-060-9,2677731-62-1,2223,PT07-Film preservatives,true,false,false,0,,,Sweden,,Initial application for approval in progress,Competent authority evaluation,,,-,Under assessment,https://echa.europa.eu/information-on-chemicals/biocidal-active-substances/-/disas/factsheet/2223/PT07,0,100.398.208,https://echa.europa.eu/substance-information/-/substanceinfo/100.398.208
silver phosphoborate glass,968-060-9,2677731-62-1,2223,"PT09-Fibre, leather, rubber and polymerised materials preservatives",true,false,false,0,,,Sweden,,Initial application for approval in progress,Competent authority evaluation,,,-,Under assessment,https://echa.europa.eu/information-on-chemicals/biocidal-active-substances/-/disas/factsheet/2223/PT09,0,100.398.208,https://echa.europa.eu/substance-information/-/substanceinfo/100.398.208
Silver sodium hydrogen zirconium phosphate,422-570-3,265647-11-8,1382,PT01-Human hygiene,true,false,false,0,,,Sweden,No longer supported,,,Decision (EU) 2020/1036 ,http://eur-lex.europa.eu/legal-content/EN/ALL/?uri=CELEX:32020D1036,-,Under assessment,https://echa.europa.eu/information-on-chemicals/biocidal-active-substances/-/disas/factsheet/1382/PT01,0,100.102.114,https://echa.europa.eu/substance-information/-/substanceinfo/100.102.114
Silver sodium hydrogen zirconium phosphate,422-570-3,265647-11-8,1382,PT02-Disinfectants and algaecides not intended for direct application to humans or animals,true,false,false,0,,,Sweden,Not approved,,,Decision (EU) 2019/1959 ,http://eur-lex.europa.eu/legal-content/EN/ALL/?uri=CELEX:32019D1959,-,Under assessment,https://echa.europa.eu/information-on-chemicals/biocidal-active-substances/-/disas/factsheet/1382/PT02,0,100.102.114,https://echa.europa.eu/substance-information/-/substanceinfo/100.102.114
Silver sodium hydrogen zirconium phosphate,422-570-3,265647-11-8,1382,PT04-Food and feed area,true,false,false,0,,,Sweden,Not approved,,,Commission Implementing Decision (EU) 2023/2052,http://eur-lex.europa.eu/legal-content/EN/ALL/?uri=CELEX:32023D2052,-,No,https://echa.europa.eu/information-on-chemicals/biocidal-active-substances/-/disas/factsheet/1382/PT04,0,100.102.114,https://echa.europa.eu/substance-information/-/substanceinfo/100.102.114
Silver sodium hydrogen zirconium phosphate,422-570-3,265647-11-8,1382,PT07-Film preservatives,true,false,false,0,,,Sweden,Not approved,,,Decision (EU) 2019/1959 ,http://eur-lex.europa.eu/legal-content/EN/ALL/?uri=CELEX:32019D1959,-,No,https://echa.europa.eu/information-on-chemicals/biocidal-active-substances/-/disas/factsheet/1382/PT07,0,100.102.114,https://echa.europa.eu/substance-information/-/substanceinfo/100.102.114
Silver sodium hydrogen zirconium phosphate,422-570-3,265647-11-8,1382,"PT09-Fibre, leather, rubber and polymerised materials preservatives",true,false,false,0,,,Sweden,,Initial application for approval in progress,Opinion development by BPC,,,-,Under assessment,https://echa.europa.eu/information-on-chemicals/biocidal-active-substances/-/disas/factsheet/1382/PT09,0,100.102.114,https://echa.europa.eu/substance-information/-/substanceinfo/100.102.114
Silver zeolite,620-078-5,130328-18-6,1447,PT02-Disinfectants and algaecides not intended for direct application to humans or animals,true,false,false,0,,,Sweden,Not approved,,,Decision (EU) 2019/1960,http://eur-lex.europa.eu/legal-content/EN/ALL/?uri=CELEX:32019D1960,-,No,https://echa.europa.eu/information-on-chemicals/biocidal-active-substances/-/disas/factsheet/1447/PT02,0,100.106.277,https://echa.europa.eu/substance-information/-/substanceinfo/100.106.277
Silver zeolite,620-078-5,130328-18-6,1447,PT04-Food and feed area,true,false,false,0,,,Sweden,Not approved,,,COMMISSION IMPLEMENTING DECISION (EU) 2023/2648,http://eur-lex.europa.eu/legal-content/EN/ALL/?uri=CELEX:32023D2648,-,Under assessment,https://echa.europa.eu/information-on-chemicals/biocidal-active-substances/-/disas/factsheet/1447/PT04,0,100.106.277,https://echa.europa.eu/substance-information/-/substanceinfo/100.106.277
Silver zeolite,620-078-5,130328-18-6,1447,PT05-Drinking water,true,false,false,0,,,Sweden,No longer supported,,,Decision (EU) 2020/1036 ,http://eur-lex.europa.eu/legal-content/EN/ALL/?uri=CELEX:32020D1036,-,Under assessment,https://echa.europa.eu/information-on-chemicals/biocidal-active-substances/-/disas/factsheet/1447/PT05,0,100.106.277,https://echa.europa.eu/substance-information/-/substanceinfo/100.106.277
Silver zeolite,620-078-5,130328-18-6,1447,PT07-Film preservatives,true,false,false,0,,,Sweden,Not approved,,,Decision (EU) 2019/1960,http://eur-lex.europa.eu/legal-content/EN/ALL/?uri=CELEX:32019D1960,-,No,https://echa.europa.eu/information-on-chemicals/biocidal-active-substances/-/disas/factsheet/1447/PT07,0,100.106.277,https://echa.europa.eu/substance-information/-/substanceinfo/100.106.277
Silver zeolite,620-078-5,130328-18-6,1447,"PT09-Fibre, leather, rubber and polymerised materials preservatives",true,false,false,0,,,Sweden,,Initial application for approval in progress,Opinion development by BPC,,,-,Under assessment,https://echa.europa.eu/information-on-chemicals/biocidal-active-substances/-/disas/factsheet/1447/PT09,0,100.106.277,https://echa.europa.eu/substance-information/-/substanceinfo/100.106.277
Silver zinc zeolite,603-404-0,130328-20-0,1385,PT02-Disinfectants and algaecides not intended for direct application to humans or animals,true,false,false,0,01/03/2026,29/02/2036,Sweden,Approved,,,COMMISSION IMPLEMENTING REGULATION (EU) 2024/2635,http://eur-lex.europa.eu/legal-content/EN/ALL/?uri=CELEX:32024R2635,EU-0032448-0000,Under assessment,https://echa.europa.eu/information-on-chemicals/biocidal-active-substances/-/disas/factsheet/1385/PT02,0,100.118.718,https://echa.europa.eu/substance-information/-/substanceinfo/100.118.718
Silver zinc zeolite,603-404-0,130328-20-0,1385,PT04-Food and feed area,true,false,false,0,,,Sweden,Not approved,,,COMMISSION IMPLEMENTING DECISION (EU) 2023/2622,http://eur-lex.europa.eu/legal-content/EN/ALL/?uri=CELEX:32023D2622,-,Under assessment,https://echa.europa.eu/information-on-chemicals/biocidal-active-substances/-/disas/factsheet/1385/PT04,0,100.118.718,https://echa.europa.eu/substance-information/-/substanceinfo/100.118.718
Silver zinc zeolite,603-404-0,130328-20-0,1385,PT05-Drinking water,true,false,false,0,,,Sweden,No longer supported,,,Decision (EU) 2018/1622 ,http://eur-lex.europa.eu/legal-content/EN/ALL/?uri=CELEX:32018D1622,-,Under assessment,https://echa.europa.eu/information-on-chemicals/biocidal-active-substances/-/disas/factsheet/1385/PT05,0,100.118.718,https://echa.europa.eu/substance-information/-/substanceinfo/100.118.718
Silver zinc zeolite,603-404-0,130328-20-0,1385,PT07-Film preservatives,true,false,false,0,01/03/2026,29/02/2036,Sweden,Approved,,,COMMISSION IMPLEMENTING REGULATION (EU) 2024/2635,http://eur-lex.europa.eu/legal-content/EN/ALL/?uri=CELEX:32024R2635,EU-0032450-0000,Under assessment,https://echa.europa.eu/information-on-chemicals/biocidal-active-substances/-/disas/factsheet/1385/PT07,0,100.118.718,https://echa.europa.eu/substance-information/-/substanceinfo/100.118.718
Silver zinc zeolite,603-404-0,130328-20-0,1385,"PT09-Fibre, leather, rubber and polymerised materials preservatives",true,false,false,0,01/03/2026,29/02/2036,Sweden,Approved,,,COMMISSION IMPLEMENTING REGULATION (EU) 2024/2635,http://eur-lex.europa.eu/legal-content/EN/ALL/?uri=CELEX:32024R2635,EU-0032452-0000,Under assessment,https://echa.europa.eu/information-on-chemicals/biocidal-active-substances/-/disas/factsheet/1385/PT09,0,100.118.718,https://echa.europa.eu/substance-information/-/substanceinfo/100.118.718
"Silver, as a nanomaterial",231-131-3,7440-22-4,1743,PT02-Disinfectants and algaecides not intended for direct application to humans or animals,true,false,false,0,,,-,No longer supported,,,Decision (EU) 2021/1283     ,http://eur-lex.europa.eu/legal-content/EN/ALL/?uri=CELEX:32021D1283,-,Under assessment,https://echa.europa.eu/information-on-chemicals/biocidal-active-substances/-/disas/factsheet/1743/PT02,0,100.028.301,https://echa.europa.eu/substance-information/-/substanceinfo/100.028.301
"Silver, as a nanomaterial",231-131-3,7440-22-4,1743,PT04-Food and feed area,true,false,false,0,,,-,No longer supported,,,Decision (EU) 2021/1283     ,http://eur-lex.europa.eu/legal-content/EN/ALL/?uri=CELEX:32021D1283,-,Under assessment,https://echa.europa.eu/information-on-chemicals/biocidal-active-substances/-/disas/factsheet/1743/PT04,0,100.028.301,https://echa.europa.eu/substance-information/-/substanceinfo/100.028.301
"Silver, as a nanomaterial",231-131-3,7440-22-4,1743,"PT09-Fibre, leather, rubber and polymerised materials preservatives",true,false,false,0,,,-,No longer supported,,,Decision (EU) 2021/1283     ,http://eur-lex.europa.eu/legal-content/EN/ALL/?uri=CELEX:32021D1283,-,Under assessment,https://echa.europa.eu/information-on-chemicals/biocidal-active-substances/-/disas/factsheet/1743/PT09,0,100.028.301,https://echa.europa.eu/substance-information/-/substanceinfo/100.028.301
Silver-polyethylenimine-chloride,-,-,2343,PT01-Human hygiene,true,false,false,0,,,-,No longer supported,,,Commission Implementing Decision (EU) 2024/888 ,http://eur-lex.europa.eu/legal-content/EN/ALL/?uri=CELEX:32024D0888,-,Under assessment,https://echa.europa.eu/information-on-chemicals/biocidal-active-substances/-/disas/factsheet/2343/PT01,0,100.313.338,https://echa.europa.eu/substance-information/-/substanceinfo/100.313.338
Silver-polyethylenimine-chloride,-,-,2343,PT02-Disinfectants and algaecides not intended for direct application to humans or animals,true,false,false,0,,,-,No longer supported,,,Commission Implementing Decision (EU) 2024/888 ,http://eur-lex.europa.eu/legal-content/EN/ALL/?uri=CELEX:32024D0888,-,Under assessment,https://echa.europa.eu/information-on-chemicals/biocidal-active-substances/-/disas/factsheet/2343/PT02,0,100.313.338,https://echa.europa.eu/substance-information/-/substanceinfo/100.313.338
Silver-polyethylenimine-chloride,-,-,2343,"PT09-Fibre, leather, rubber and polymerised materials preservatives",true,false,false,0,,,-,No longer supported,,,Commission Implementing Decision (EU) 2024/888 ,http://eur-lex.europa.eu/legal-content/EN/ALL/?uri=CELEX:32024D0888,-,Under assessment,https://echa.europa.eu/information-on-chemicals/biocidal-active-substances/-/disas/factsheet/2343/PT09,0,100.313.338,https://echa.europa.eu/substance-information/-/substanceinfo/100.313.338
Sodium 2-biphenylate,205-055-6,132-27-4,1387,PT01-Human hygiene,true,false,false,0,,,Spain,No longer supported,,,Decision (EU) 2018/1622 ,http://eur-lex.europa.eu/legal-content/EN/ALL/?uri=CELEX:32018D1622,-,Under assessment,https://echa.europa.eu/information-on-chemicals/biocidal-active-substances/-/disas/factsheet/1387/PT01,0,100.004.597,https://echa.europa.eu/substance-information/-/substanceinfo/100.004.597
Sodium 2-biphenylate,205-055-6,132-27-4,1387,PT02-Disinfectants and algaecides not intended for direct application to humans or animals,true,false,false,0,,,Spain,No longer supported,,,Decision (EU) 2018/1622 ,http://eur-lex.europa.eu/legal-content/EN/ALL/?uri=CELEX:32018D1622,-,Under assessment,https://echa.europa.eu/information-on-chemicals/biocidal-active-substances/-/disas/factsheet/1387/PT02,0,100.004.597,https://echa.europa.eu/substance-information/-/substanceinfo/100.004.597
Sodium 2-biphenylate,205-055-6,132-27-4,1387,PT03-Veterinary hygiene,true,false,false,0,,,Spain,No longer supported,,,Decision (EU) 2018/1622 ,http://eur-lex.europa.eu/legal-content/EN/ALL/?uri=CELEX:32018D1622,-,Under assessment,https://echa.europa.eu/information-on-chemicals/biocidal-active-substances/-/disas/factsheet/1387/PT03,0,100.004.597,https://echa.europa.eu/substance-information/-/substanceinfo/100.004.597
Sodium 2-biphenylate,205-055-6,132-27-4,1387,PT04-Food and feed area,true,false,false,0,,,Spain,No longer supported,,,Decision (EU) 2020/1036 ,http://eur-lex.europa.eu/legal-content/EN/ALL/?uri=CELEX:32020D1036,-,Under assessment,https://echa.europa.eu/information-on-chemicals/biocidal-active-substances/-/disas/factsheet/1387/PT04,0,100.004.597,https://echa.europa.eu/substance-information/-/substanceinfo/100.004.597
Sodium 2-biphenylate,205-055-6,132-27-4,1387,PT06-Preservatives for products during storage,true,false,false,0,,,Spain,No longer supported,,,Decision (EU) 2020/1036 ,http://eur-lex.europa.eu/legal-content/EN/ALL/?uri=CELEX:32020D1036,-,Under assessment,https://echa.europa.eu/information-on-chemicals/biocidal-active-substances/-/disas/factsheet/1387/PT06,0,100.004.597,https://echa.europa.eu/substance-information/-/substanceinfo/100.004.597
Sodium 2-biphenylate,205-055-6,132-27-4,1387,PT07-Film preservatives,true,false,false,0,,,Spain,No longer supported,,,Decision (EU) 2020/1036 ,http://eur-lex.europa.eu/legal-content/EN/ALL/?uri=CELEX:32020D1036,-,Under assessment,https://echa.europa.eu/information-on-chemicals/biocidal-active-substances/-/disas/factsheet/1387/PT07,0,100.004.597,https://echa.europa.eu/substance-information/-/substanceinfo/100.004.597
Sodium 2-biphenylate,205-055-6,132-27-4,1387,"PT09-Fibre, leather, rubber and polymerised materials preservatives",true,false,false,0,,,Spain,No longer supported,,,Decision (EU) 2020/1036 ,http://eur-lex.europa.eu/legal-content/EN/ALL/?uri=CELEX:32020D1036,-,Under assessment,https://echa.europa.eu/information-on-chemicals/biocidal-active-substances/-/disas/factsheet/1387/PT09,0,100.004.597,https://echa.europa.eu/substance-information/-/substanceinfo/100.004.597
Sodium 2-biphenylate,205-055-6,132-27-4,1387,PT10-Construction material preservatives,true,false,false,0,,,Spain,No longer supported,,,Decision (EU) 2020/1036 ,http://eur-lex.europa.eu/legal-content/EN/ALL/?uri=CELEX:32020D1036,-,Under assessment,https://echa.europa.eu/information-on-chemicals/biocidal-active-substances/-/disas/factsheet/1387/PT10,0,100.004.597,https://echa.europa.eu/substance-information/-/substanceinfo/100.004.597
Sodium 2-biphenylate,205-055-6,132-27-4,1387,PT13-Working or cutting fluid preservatives,true,false,false,0,,,Spain,No longer supported,,,Decision (EU) 2020/1036 ,http://eur-lex.europa.eu/legal-content/EN/ALL/?uri=CELEX:32020D1036,-,Under assessment,https://echa.europa.eu/information-on-chemicals/biocidal-active-substances/-/disas/factsheet/1387/PT13,0,100.004.597,https://echa.europa.eu/substance-information/-/substanceinfo/100.004.597
Sodium acetate,204-823-8,127-09-3,1422,,false,,true,1,01/09/2013,,-,Approved,,,Regulation (EU) 528/2012 Annex I,http://eur-lex.europa.eu/legal-content/EN/ALL/?uri=CELEX:32012R0528,EU-0012337-0000,,https://echa.europa.eu/information-on-chemicals/biocidal-active-substances/-/disas/factsheet/1422/null,0,100.004.386,https://echa.europa.eu/substance-information/-/substanceinfo/100.004.386
Sodium Azide,247-852-1,26628-22-8,81,PT06-Preservatives for products during storage,false,true,false,0,,,Czechia,,Initial application for approval in progress,Competent authority evaluation,,,-,Under assessment,https://echa.europa.eu/information-on-chemicals/biocidal-active-substances/-/disas/factsheet/81/PT06,0,100.043.487,https://echa.europa.eu/substance-information/-/substanceinfo/100.043.487
Sodium benzoate,208-534-8,532-32-1,1423,,false,,true,1,01/09/2013,,-,Approved,,,Regulation (EU) 528/2012 Annex I,http://eur-lex.europa.eu/legal-content/EN/ALL/?uri=CELEX:32012R0528,EU-0012338-0000,,https://echa.europa.eu/information-on-chemicals/biocidal-active-substances/-/disas/factsheet/1423/null,64,100.007.760,https://echa.europa.eu/substance-information/-/substanceinfo/100.007.760
Sodium bromide,231-599-9,7647-15-6,2246,PT02-Disinfectants and algaecides not intended for direct application to humans or animals,true,false,false,0,,,-,No longer supported,,,Decision (EU) 2018/1622 ,http://eur-lex.europa.eu/legal-content/EN/ALL/?uri=CELEX:32018D1622,-,Under assessment,https://echa.europa.eu/information-on-chemicals/biocidal-active-substances/-/disas/factsheet/2246/PT02,0,100.028.727,https://echa.europa.eu/substance-information/-/substanceinfo/100.028.727
Sodium bromide,231-599-9,7647-15-6,2246,PT11-Preservatives for liquid-cooling and processing systems,true,false,false,0,,,-,No longer supported,,,Decision (EU) 2018/1622 ,http://eur-lex.europa.eu/legal-content/EN/ALL/?uri=CELEX:32018D1622,-,Under assessment,https://echa.europa.eu/information-on-chemicals/biocidal-active-substances/-/disas/factsheet/2246/PT11,0,100.028.727,https://echa.europa.eu/substance-information/-/substanceinfo/100.028.727
Sodium bromide,231-599-9,7647-15-6,2246,PT12-Slimicides,true,false,false,0,,,-,No longer supported,,,Decision (EU) 2018/1622 ,http://eur-lex.europa.eu/legal-content/EN/ALL/?uri=CELEX:32018D1622,-,Under assessment,https://echa.europa.eu/information-on-chemicals/biocidal-active-substances/-/disas/factsheet/2246/PT12,0,100.028.727,https://echa.europa.eu/substance-information/-/substanceinfo/100.028.727
Sodium dichloroisocyanurate dihydrate,220-767-7,51580-86-0,1219,PT02-Disinfectants and algaecides not intended for direct application to humans or animals,true,false,false,0,,,Germany,,Initial application for approval in progress,Competent authority evaluation,,,-,Under assessment,https://echa.europa.eu/information-on-chemicals/biocidal-active-substances/-/disas/factsheet/1219/PT02,0,100.106.495,https://echa.europa.eu/substance-information/-/substanceinfo/100.106.495
Sodium dichloroisocyanurate dihydrate,220-767-7,51580-86-0,1219,PT03-Veterinary hygiene,true,false,false,0,,,Germany,,Initial application for approval in progress,Competent authority evaluation,,,-,Under assessment,https://echa.europa.eu/information-on-chemicals/biocidal-active-substances/-/disas/factsheet/1219/PT03,0,100.106.495,https://echa.europa.eu/substance-information/-/substanceinfo/100.106.495
Sodium dichloroisocyanurate dihydrate,220-767-7,51580-86-0,1219,PT04-Food and feed area,true,false,false,0,,,Germany,,Initial application for approval in progress,Competent authority evaluation,,,-,Under assessment,https://echa.europa.eu/information-on-chemicals/biocidal-active-substances/-/disas/factsheet/1219/PT04,0,100.106.495,https://echa.europa.eu/substance-information/-/substanceinfo/100.106.495
Sodium dichloroisocyanurate dihydrate,220-767-7,51580-86-0,1219,PT05-Drinking water,true,false,false,0,,,Germany,,Initial application for approval in progress,Competent authority evaluation,,,-,Under assessment,https://echa.europa.eu/information-on-chemicals/biocidal-active-substances/-/disas/factsheet/1219/PT05,0,100.106.495,https://echa.europa.eu/substance-information/-/substanceinfo/100.106.495
Sodium dichloroisocyanurate dihydrate,220-767-7,51580-86-0,1219,PT11-Preservatives for liquid-cooling and processing systems,true,false,false,0,,,Germany,,Initial application for approval in progress,Competent authority evaluation,,,-,Under assessment,https://echa.europa.eu/information-on-chemicals/biocidal-active-substances/-/disas/factsheet/1219/PT11,0,100.106.495,https://echa.europa.eu/substance-information/-/substanceinfo/100.106.495
Sodium dimethylarsinate (Sodium Cacodylate),204-708-2,124-65-2,1389,"PT18-Insecticides, acaricides and products to control other arthropods",true,false,false,0,,,Portugal,,Initial application for approval in progress,Competent authority evaluation,,,-,Under assessment,https://echa.europa.eu/information-on-chemicals/biocidal-active-substances/-/disas/factsheet/1389/PT18,0,100.004.281,https://echa.europa.eu/substance-information/-/substanceinfo/100.004.281
Sodium dimethyldithiocarbamate,204-876-7,128-04-1,1390,"PT09-Fibre, leather, rubber and polymerised materials preservatives",true,false,false,0,,,Sweden,,Initial application for approval in progress,Competent authority evaluation,,,-,Under assessment,https://echa.europa.eu/information-on-chemicals/biocidal-active-substances/-/disas/factsheet/1390/PT09,0,100.004.434,https://echa.europa.eu/substance-information/-/substanceinfo/100.004.434
Sodium dimethyldithiocarbamate,204-876-7,128-04-1,1390,PT11-Preservatives for liquid-cooling and processing systems,true,false,false,0,,,Sweden,,Initial application for approval in progress,Competent authority evaluation,,,-,Under assessment,https://echa.europa.eu/information-on-chemicals/biocidal-active-substances/-/disas/factsheet/1390/PT11,0,100.004.434,https://echa.europa.eu/substance-information/-/substanceinfo/100.004.434
Sodium dimethyldithiocarbamate,204-876-7,128-04-1,1390,PT12-Slimicides,true,false,false,0,,,Sweden,,Initial application for approval in progress,Competent authority evaluation,,,-,Under assessment,https://echa.europa.eu/information-on-chemicals/biocidal-active-substances/-/disas/factsheet/1390/PT12,0,100.004.434,https://echa.europa.eu/substance-information/-/substanceinfo/100.004.434
sodium hydrogensulfite released from sodium metabisulfite in aqueous solution,231-673-0,7681-57-4,2543,PT06-Preservatives for products during storage,false,true,false,0,,,Germany,,Initial application for approval in progress,Competent authority evaluation,,,-,No,https://echa.europa.eu/information-on-chemicals/biocidal-active-substances/-/disas/factsheet/2543/PT06,0,100.028.794,https://echa.europa.eu/substance-information/-/substanceinfo/100.028.794
Sodium N-(hydroxymethyl)glycinate,274-357-8,70161-44-3,1439,PT06-Preservatives for products during storage,true,false,false,0,,,Austria,No longer supported,,,COMMISSION IMPLEMENTING DECISION (EU) 2023/458,http://eur-lex.europa.eu/legal-content/EN/ALL/?uri=CELEX:32023D0458,-,Yes,https://echa.europa.eu/information-on-chemicals/biocidal-active-substances/-/disas/factsheet/1439/PT06,0,100.067.576,https://echa.europa.eu/substance-information/-/substanceinfo/100.067.576
Sodium p-chloro-m-cresolate,239-825-8,15733-22-9,1392,PT01-Human hygiene,true,false,false,0,,,France,No longer supported,,,Decision (EU) 2018/1622 ,http://eur-lex.europa.eu/legal-content/EN/ALL/?uri=CELEX:32018D1622,-,Under assessment,https://echa.europa.eu/information-on-chemicals/biocidal-active-substances/-/disas/factsheet/1392/PT01,0,100.036.190,https://echa.europa.eu/substance-information/-/substanceinfo/100.036.190
Sodium p-chloro-m-cresolate,239-825-8,15733-22-9,1392,PT02-Disinfectants and algaecides not intended for direct application to humans or animals,true,false,false,0,,,France,No longer supported,,,Decision (EU) 2018/1622 ,http://eur-lex.europa.eu/legal-content/EN/ALL/?uri=CELEX:32018D1622,-,Under assessment,https://echa.europa.eu/information-on-chemicals/biocidal-active-substances/-/disas/factsheet/1392/PT02,0,100.036.190,https://echa.europa.eu/substance-information/-/substanceinfo/100.036.190
Sodium p-chloro-m-cresolate,239-825-8,15733-22-9,1392,PT03-Veterinary hygiene,true,false,false,0,,,France,No longer supported,,,Decision (EU) 2018/1622 ,http://eur-lex.europa.eu/legal-content/EN/ALL/?uri=CELEX:32018D1622,-,Under assessment,https://echa.europa.eu/information-on-chemicals/biocidal-active-substances/-/disas/factsheet/1392/PT03,0,100.036.190,https://echa.europa.eu/substance-information/-/substanceinfo/100.036.190
Sodium p-chloro-m-cresolate,239-825-8,15733-22-9,1392,PT06-Preservatives for products during storage,true,false,false,0,,,France,No longer supported,,,Decision (EU) 2018/1622 ,http://eur-lex.europa.eu/legal-content/EN/ALL/?uri=CELEX:32018D1622,-,Under assessment,https://echa.europa.eu/information-on-chemicals/biocidal-active-substances/-/disas/factsheet/1392/PT06,0,100.036.190,https://echa.europa.eu/substance-information/-/substanceinfo/100.036.190
Sodium p-chloro-m-cresolate,239-825-8,15733-22-9,1392,"PT09-Fibre, leather, rubber and polymerised materials preservatives",true,false,false,0,,,France,No longer supported,,,Decision (EU) 2018/1622 ,http://eur-lex.europa.eu/legal-content/EN/ALL/?uri=CELEX:32018D1622,-,Under assessment,https://echa.europa.eu/information-on-chemicals/biocidal-active-substances/-/disas/factsheet/1392/PT09,0,100.036.190,https://echa.europa.eu/substance-information/-/substanceinfo/100.036.190
Sodium p-chloro-m-cresolate,239-825-8,15733-22-9,1392,PT13-Working or cutting fluid preservatives,true,false,false,0,,,France,No longer supported,,,Decision (EU) 2018/1622 ,http://eur-lex.europa.eu/legal-content/EN/ALL/?uri=CELEX:32018D1622,-,Under assessment,https://echa.europa.eu/information-on-chemicals/biocidal-active-substances/-/disas/factsheet/1392/PT13,0,100.036.190,https://echa.europa.eu/substance-information/-/substanceinfo/100.036.190
Spinosad,434-300-1,168316-95-8,49,"PT18-Insecticides, acaricides and products to control other arthropods",true,false,false,0,01/11/2012,31/10/2027,Netherlands,Approved,Renewal in progress,Competent authority evaluation,Decision (EU) 2025/349,http://eur-lex.europa.eu/legal-content/EN/ALL/?uri=CELEX:32025D0349,EU-0005395-0000,Yes,https://echa.europa.eu/information-on-chemicals/biocidal-active-substances/-/disas/factsheet/49/PT18,38,100.103.254,https://echa.europa.eu/substance-information/-/substanceinfo/100.103.254
Sulfur dioxide,231-195-2,7446-09-5,2247,PT04-Food and feed area,true,false,false,0,,,-,No longer supported,,,Decision (EU) 2018/1622 ,http://eur-lex.europa.eu/legal-content/EN/ALL/?uri=CELEX:32018D1622,-,Under assessment,https://echa.europa.eu/information-on-chemicals/biocidal-active-substances/-/disas/factsheet/2247/PT04,0,100.028.359,https://echa.europa.eu/substance-information/-/substanceinfo/100.028.359
Sulfur dioxide generated from sulfur by combustion,-,-,1394,PT04-Food and feed area,true,false,false,0,01/10/2024,30/09/2034,Germany,Approved,,,COMMISSION IMPLEMENTING REGULATION (EU) 2023/2620,http://eur-lex.europa.eu/legal-content/EN/ALL/?uri=CELEX:32023R2620,EU-0029680-0000,No,https://echa.europa.eu/information-on-chemicals/biocidal-active-substances/-/disas/factsheet/1394/PT04,0,100.357.431,https://echa.europa.eu/substance-information/-/substanceinfo/100.357.431
sulfur dioxide released from sodium metabisulfite,-,-,1419,PT06-Preservatives for products during storage,false,true,false,0,,,Germany,,Initial application for approval in progress,Competent authority evaluation,,,-,Under assessment,https://echa.europa.eu/information-on-chemicals/biocidal-active-substances/-/disas/factsheet/1419/PT06,0,100.393.721,https://echa.europa.eu/substance-information/-/substanceinfo/100.393.721
sulfur dioxide released from sodium metabisulfite,-,-,1419,"PT09-Fibre, leather, rubber and polymerised materials preservatives",false,true,false,0,01/08/2023,31/07/2033,Germany,Approved,,,COMMISSION IMPLEMENTING REGULATION (EU) 2023/1421,http://eur-lex.europa.eu/legal-content/EN/ALL/?uri=CELEX:32023R1421,EU-0003784-0000,Under assessment,https://echa.europa.eu/information-on-chemicals/biocidal-active-substances/-/disas/factsheet/1419/PT09,0,100.393.721,https://echa.europa.eu/substance-information/-/substanceinfo/100.393.721
sulfuryl fluoride,220-281-5,2699-79-8,50,PT08-Wood preservatives,true,false,false,0,01/01/2009,02/10/2024,Sweden,Expired,,,COMMISSION IMPLEMENTING DECISION (EU) 2023/2101,http://eur-lex.europa.eu/legal-content/EN/ALL/?uri=CELEX:32023D2101,EU-0005396-0000,No,https://echa.europa.eu/information-on-chemicals/biocidal-active-substances/-/disas/factsheet/50/PT08,2,100.018.437,https://echa.europa.eu/substance-information/-/substanceinfo/100.018.437
sulfuryl fluoride,220-281-5,2699-79-8,50,"PT18-Insecticides, acaricides and products to control other arthropods",true,false,false,0,01/07/2011,03/10/2024,Sweden,Expired,,,COMMISSION IMPLEMENTING DECISION (EU) 2023/2101,http://eur-lex.europa.eu/legal-content/EN/ALL/?uri=CELEX:32023D2101,EU-0005397-0000,No,https://echa.europa.eu/information-on-chemicals/biocidal-active-substances/-/disas/factsheet/50/PT18,2,100.018.437,https://echa.europa.eu/substance-information/-/substanceinfo/100.018.437
Symclosene,201-782-8,87-90-1,1395,PT02-Disinfectants and algaecides not intended for direct application to humans or animals,true,false,false,0,,,Germany,,Initial application for approval in progress,Competent authority evaluation,,,-,Under assessment,https://echa.europa.eu/information-on-chemicals/biocidal-active-substances/-/disas/factsheet/1395/PT02,0,100.001.621,https://echa.europa.eu/substance-information/-/substanceinfo/100.001.621
Symclosene,201-782-8,87-90-1,1395,PT03-Veterinary hygiene,true,false,false,0,,,Germany,,Initial application for approval in progress,Competent authority evaluation,,,-,Under assessment,https://echa.europa.eu/information-on-chemicals/biocidal-active-substances/-/disas/factsheet/1395/PT03,0,100.001.621,https://echa.europa.eu/substance-information/-/substanceinfo/100.001.621
Symclosene,201-782-8,87-90-1,1395,PT04-Food and feed area,true,false,false,0,,,Germany,,Initial application for approval in progress,Competent authority evaluation,,,-,Under assessment,https://echa.europa.eu/information-on-chemicals/biocidal-active-substances/-/disas/factsheet/1395/PT04,0,100.001.621,https://echa.europa.eu/substance-information/-/substanceinfo/100.001.621
Symclosene,201-782-8,87-90-1,1395,PT05-Drinking water,true,false,false,0,,,Germany,,Initial application for approval in progress,Competent authority evaluation,,,-,Under assessment,https://echa.europa.eu/information-on-chemicals/biocidal-active-substances/-/disas/factsheet/1395/PT05,0,100.001.621,https://echa.europa.eu/substance-information/-/substanceinfo/100.001.621
Symclosene,201-782-8,87-90-1,1395,PT11-Preservatives for liquid-cooling and processing systems,true,false,false,0,,,Germany,,Initial application for approval in progress,Competent authority evaluation,,,-,Under assessment,https://echa.europa.eu/information-on-chemicals/biocidal-active-substances/-/disas/factsheet/1395/PT11,0,100.001.621,https://echa.europa.eu/substance-information/-/substanceinfo/100.001.621
Symclosene,201-782-8,87-90-1,1395,PT12-Slimicides,true,false,false,0,,,United Kingdom,No longer supported,,,Decision (EU) 2020/1036 ,http://eur-lex.europa.eu/legal-content/EN/ALL/?uri=CELEX:32020D1036,-,Under assessment,https://echa.europa.eu/information-on-chemicals/biocidal-active-substances/-/disas/factsheet/1395/PT12,0,100.001.621,https://echa.europa.eu/substance-information/-/substanceinfo/100.001.621
Synthetic amorphous silicon dioxide (nano),231-545-4,7631-86-9,1378,"PT18-Insecticides, acaricides and products to control other arthropods",true,false,false,0,01/11/2015,31/10/2025,France,Approved,,,Regulation (EU) 408/2014,http://eur-lex.europa.eu/legal-content/EN/ALL/?uri=CELEX:32014R0408,EU-0005716-0000,No,https://echa.europa.eu/information-on-chemicals/biocidal-active-substances/-/disas/factsheet/1378/PT18,1,100.028.678,https://echa.europa.eu/substance-information/-/substanceinfo/100.028.678
tebuconazole,403-640-2,107534-96-3,51,PT07-Film preservatives,true,false,false,0,01/07/2015,30/06/2025,Denmark,Expired,,,Regulation (EU) 1038/2013,http://eur-lex.europa.eu/legal-content/EN/ALL/?uri=CELEX:32013R1038,EU-0005398-0000,Under assessment,https://echa.europa.eu/information-on-chemicals/biocidal-active-substances/-/disas/factsheet/51/PT07,0,100.100.535,https://echa.europa.eu/substance-information/-/substanceinfo/100.100.535
tebuconazole,403-640-2,107534-96-3,51,PT08-Wood preservatives,true,false,false,0,01/04/2010,30/06/2026,Denmark,Approved,Renewal in progress,Competent authority evaluation,Decision (EU) 2022/1496,http://eur-lex.europa.eu/legal-content/EN/ALL/?uri=CELEX:32022D1496,EU-0005399-0000,Yes,https://echa.europa.eu/information-on-chemicals/biocidal-active-substances/-/disas/factsheet/51/PT08,414,100.100.535,https://echa.europa.eu/substance-information/-/substanceinfo/100.100.535
tebuconazole,403-640-2,107534-96-3,51,PT10-Construction material preservatives,true,false,false,0,01/07/2015,30/06/2025,Denmark,Expired,,,Regulation (EU) 1038/2013,http://eur-lex.europa.eu/legal-content/EN/ALL/?uri=CELEX:32013R1038,EU-0005400-0000,Under assessment,https://echa.europa.eu/information-on-chemicals/biocidal-active-substances/-/disas/factsheet/51/PT10,0,100.100.535,https://echa.europa.eu/substance-information/-/substanceinfo/100.100.535
Terbutryn,212-950-5,886-50-0,1396,PT07-Film preservatives,true,false,false,0,,,Slovakia,,Initial application for approval in progress,Competent authority evaluation,,,-,Under assessment,https://echa.europa.eu/information-on-chemicals/biocidal-active-substances/-/disas/factsheet/1396/PT07,0,100.011.773,https://echa.europa.eu/substance-information/-/substanceinfo/100.011.773
Terbutryn,212-950-5,886-50-0,1396,"PT09-Fibre, leather, rubber and polymerised materials preservatives",true,false,false,0,,,Slovakia,,Initial application for approval in progress,Open for taking over the role of participant,,,-,Under assessment,https://echa.europa.eu/information-on-chemicals/biocidal-active-substances/-/disas/factsheet/1396/PT09,0,100.011.773,https://echa.europa.eu/substance-information/-/substanceinfo/100.011.773
Terbutryn,212-950-5,886-50-0,1396,PT10-Construction material preservatives,true,false,false,0,,,Slovakia,,Initial application for approval in progress,Competent authority evaluation,,,-,Under assessment,https://echa.europa.eu/information-on-chemicals/biocidal-active-substances/-/disas/factsheet/1396/PT10,0,100.011.773,https://echa.europa.eu/substance-information/-/substanceinfo/100.011.773
Tetrachlorodecaoxide complex (TCDO),420-970-2,92047-76-2,2248,PT02-Disinfectants and algaecides not intended for direct application to humans or animals,true,false,false,0,,,-,No longer supported,,,Reg (EU)2019/157,http://eur-lex.europa.eu/legal-content/EN/ALL/?uri=CELEX:32019R0157,-,Under assessment,https://echa.europa.eu/information-on-chemicals/biocidal-active-substances/-/disas/factsheet/2248/PT02,0,100.101.959,https://echa.europa.eu/substance-information/-/substanceinfo/100.101.959
Tetrachlorodecaoxide complex (TCDO),420-970-2,92047-76-2,2248,PT04-Food and feed area,true,false,false,0,,,-,No longer supported,,,Reg (EU)2019/157,http://eur-lex.europa.eu/legal-content/EN/ALL/?uri=CELEX:32019R0157,-,Under assessment,https://echa.europa.eu/information-on-chemicals/biocidal-active-substances/-/disas/factsheet/2248/PT04,0,100.101.959,https://echa.europa.eu/substance-information/-/substanceinfo/100.101.959
"Tetrahydro-1,3,4,6-tetrakis(hydroxymethyl)imidazo[4,5-d]imidazole-2,5 (1H,3H)-dione (TMAD)",226-408-0,5395-50-6,1398,PT02-Disinfectants and algaecides not intended for direct application to humans or animals,true,false,false,0,,,Spain,No longer supported,,,Decision (EU) 2020/1036 ,http://eur-lex.europa.eu/legal-content/EN/ALL/?uri=CELEX:32020D1036,-,Under assessment,https://echa.europa.eu/information-on-chemicals/biocidal-active-substances/-/disas/factsheet/1398/PT02,0,100.024.007,https://echa.europa.eu/substance-information/-/substanceinfo/100.024.007
"Tetrahydro-1,3,4,6-tetrakis(hydroxymethyl)imidazo[4,5-d]imidazole-2,5 (1H,3H)-dione (TMAD)",226-408-0,5395-50-6,1398,PT06-Preservatives for products during storage,true,false,false,0,,,Spain,,Initial application for approval in progress,Competent authority evaluation,,,-,Under assessment,https://echa.europa.eu/information-on-chemicals/biocidal-active-substances/-/disas/factsheet/1398/PT06,0,100.024.007,https://echa.europa.eu/substance-information/-/substanceinfo/100.024.007
"Tetrahydro-1,3,4,6-tetrakis(hydroxymethyl)imidazo[4,5-d]imidazole-2,5 (1H,3H)-dione (TMAD)",226-408-0,5395-50-6,1398,PT11-Preservatives for liquid-cooling and processing systems,true,false,false,0,,,Spain,,Initial application for approval in progress,Competent authority evaluation,,,-,Under assessment,https://echa.europa.eu/information-on-chemicals/biocidal-active-substances/-/disas/factsheet/1398/PT11,0,100.024.007,https://echa.europa.eu/substance-information/-/substanceinfo/100.024.007
"Tetrahydro-1,3,4,6-tetrakis(hydroxymethyl)imidazo[4,5-d]imidazole-2,5 (1H,3H)-dione (TMAD)",226-408-0,5395-50-6,1398,PT12-Slimicides,true,false,false,0,,,Spain,,Commission decision (participant withdrawal),-,,,-,Under assessment,https://echa.europa.eu/information-on-chemicals/biocidal-active-substances/-/disas/factsheet/1398/PT12,0,100.024.007,https://echa.europa.eu/substance-information/-/substanceinfo/100.024.007
"Tetrahydro-1,3,4,6-tetrakis(hydroxymethyl)imidazo[4,5-d]imidazole-2,5 (1H,3H)-dione (TMAD)",226-408-0,5395-50-6,1398,PT13-Working or cutting fluid preservatives,true,false,false,0,,,Spain,,Initial application for approval in progress,Competent authority evaluation,,,-,Under assessment,https://echa.europa.eu/information-on-chemicals/biocidal-active-substances/-/disas/factsheet/1398/PT13,0,100.024.007,https://echa.europa.eu/substance-information/-/substanceinfo/100.024.007
"Tetrahydro-3,5-dimethyl-1,3,5-thiadia-zine-2-thione (Dazomet)",208-576-7,533-74-4,21,PT06-Preservatives for products during storage,true,false,false,0,,,Belgium,No longer supported,,,Decision (EU) 2020/1036 ,http://eur-lex.europa.eu/legal-content/EN/ALL/?uri=CELEX:32020D1036,-,Under assessment,https://echa.europa.eu/information-on-chemicals/biocidal-active-substances/-/disas/factsheet/21/PT06,0,100.007.798,https://echa.europa.eu/substance-information/-/substanceinfo/100.007.798
"Tetrahydro-3,5-dimethyl-1,3,5-thiadia-zine-2-thione (Dazomet)",208-576-7,533-74-4,21,PT08-Wood preservatives,true,false,false,0,01/08/2012,31/01/2025,Belgium,Approved,Renewal in progress,Commission decision,Decision (EU) 2021/1289,http://eur-lex.europa.eu/legal-content/EN/ALL/?uri=CELEX:32021D1289,EU-0005364-0000,No,https://echa.europa.eu/information-on-chemicals/biocidal-active-substances/-/disas/factsheet/21/PT08,1,100.007.798,https://echa.europa.eu/substance-information/-/substanceinfo/100.007.798
"Tetrahydro-3,5-dimethyl-1,3,5-thiadia-zine-2-thione (Dazomet)",208-576-7,533-74-4,21,PT12-Slimicides,true,false,false,0,,,Belgium,No longer supported,,,Decision (EU) 2020/1036 ,http://eur-lex.europa.eu/legal-content/EN/ALL/?uri=CELEX:32020D1036,-,Under assessment,https://echa.europa.eu/information-on-chemicals/biocidal-active-substances/-/disas/factsheet/21/PT12,0,100.007.798,https://echa.europa.eu/substance-information/-/substanceinfo/100.007.798
Tetrakis(hydroxymethyl)phosphonium sulphate (2:1) (THPS),259-709-0,55566-30-8,1399,PT02-Disinfectants and algaecides not intended for direct application to humans or animals,true,false,false,0,,,Malta,No longer supported,,,Decision (EU) 2018/1622 ,http://eur-lex.europa.eu/legal-content/EN/ALL/?uri=CELEX:32018D1622,-,Under assessment,https://echa.europa.eu/information-on-chemicals/biocidal-active-substances/-/disas/factsheet/1399/PT02,0,100.054.263,https://echa.europa.eu/substance-information/-/substanceinfo/100.054.263
Tetrakis(hydroxymethyl)phosphonium sulphate (2:1) (THPS),259-709-0,55566-30-8,1399,PT06-Preservatives for products during storage,true,false,false,0,,,Malta,,Initial application for approval in progress,Competent authority evaluation,,,-,Under assessment,https://echa.europa.eu/information-on-chemicals/biocidal-active-substances/-/disas/factsheet/1399/PT06,0,100.054.263,https://echa.europa.eu/substance-information/-/substanceinfo/100.054.263
Tetrakis(hydroxymethyl)phosphonium sulphate (2:1) (THPS),259-709-0,55566-30-8,1399,PT11-Preservatives for liquid-cooling and processing systems,true,false,false,0,,,Malta,,Initial application for approval in progress,Competent authority evaluation,,,-,Under assessment,https://echa.europa.eu/information-on-chemicals/biocidal-active-substances/-/disas/factsheet/1399/PT11,0,100.054.263,https://echa.europa.eu/substance-information/-/substanceinfo/100.054.263
Tetrakis(hydroxymethyl)phosphonium sulphate (2:1) (THPS),259-709-0,55566-30-8,1399,PT12-Slimicides,true,false,false,0,,,Malta,,Initial application for approval in progress,Competent authority evaluation,,,-,Under assessment,https://echa.europa.eu/information-on-chemicals/biocidal-active-substances/-/disas/factsheet/1399/PT12,0,100.054.263,https://echa.europa.eu/substance-information/-/substanceinfo/100.054.263
Tetramethrin,231-711-6,7696-12-0,1400,"PT18-Insecticides, acaricides and products to control other arthropods",true,false,false,0,,,Germany,,Initial application for approval in progress,Competent authority evaluation,,,-,Under assessment,https://echa.europa.eu/information-on-chemicals/biocidal-active-substances/-/disas/factsheet/1400/PT18,0,100.028.829,https://echa.europa.eu/substance-information/-/substanceinfo/100.028.829
thermally treated garlic juice,-,-,2523,PT19-Repellents and attractants,true,false,false,0,01/07/2025,30/06/2035,Austria,Approved,,,COMMISSION IMPLEMENTING REGULATION (EU) 2024/893,http://eur-lex.europa.eu/legal-content/EN/ALL/?uri=CELEX:32024R0893,EU-0031190-0000,Under assessment,https://echa.europa.eu/information-on-chemicals/biocidal-active-substances/-/disas/factsheet/2523/PT19,0,100.383.553,https://echa.europa.eu/substance-information/-/substanceinfo/100.383.553
Thiacloprid,601-147-9,111988-49-9,53,PT08-Wood preservatives,false,true,false,0,01/01/2010,31/12/2019,United Kingdom,Expired,,,Directive 2009/88/EC,http://eur-lex.europa.eu/legal-content/EN/ALL/?uri=CELEX:32009L0088,EU-0005402-0000,Yes,https://echa.europa.eu/information-on-chemicals/biocidal-active-substances/-/disas/factsheet/53/PT08,29,100.129.728,https://echa.europa.eu/substance-information/-/substanceinfo/100.129.728
thiamethoxam,428-650-4,153719-23-4,54,PT08-Wood preservatives,true,false,false,0,01/07/2010,30/06/2020,Spain,Expired,,,Directive 2008/77/EC,http://eur-lex.europa.eu/legal-content/EN/ALL/?uri=CELEX:32008L0077,EU-0005404-0000,No,https://echa.europa.eu/information-on-chemicals/biocidal-active-substances/-/disas/factsheet/54/PT08,0,100.102.703,https://echa.europa.eu/substance-information/-/substanceinfo/100.102.703
thiamethoxam,428-650-4,153719-23-4,54,"PT18-Insecticides, acaricides and products to control other arthropods",true,false,false,0,01/02/2015,31/01/2025,Spain,Expired,,,Directive 2013/3,http://eur-lex.europa.eu/legal-content/EN/ALL/?uri=CELEX:32013L0003,EU-0005403-0000,Under assessment,https://echa.europa.eu/information-on-chemicals/biocidal-active-substances/-/disas/factsheet/54/PT18,2,100.102.703,https://echa.europa.eu/substance-information/-/substanceinfo/100.102.703
Thiram,205-286-2,137-26-8,1401,"PT09-Fibre, leather, rubber and polymerised materials preservatives",true,false,false,0,,,Belgium,No longer supported,,,Decision (EU) 2021/1283     ,http://eur-lex.europa.eu/legal-content/EN/ALL/?uri=CELEX:32021D1283,-,Under assessment,https://echa.europa.eu/information-on-chemicals/biocidal-active-substances/-/disas/factsheet/1401/PT09,0,100.004.806,https://echa.europa.eu/substance-information/-/substanceinfo/100.004.806
Tosylchloramide sodium (Tosylchloramide sodium - Chloramin T),204-854-7,127-65-1,1264,PT02-Disinfectants and algaecides not intended for direct application to humans or animals,true,false,false,0,,,Spain,,Initial application for approval in progress,Competent authority evaluation,,,-,Under assessment,https://echa.europa.eu/information-on-chemicals/biocidal-active-substances/-/disas/factsheet/1264/PT02,0,100.004.414,https://echa.europa.eu/substance-information/-/substanceinfo/100.004.414
Tosylchloramide sodium (Tosylchloramide sodium - Chloramin T),204-854-7,127-65-1,1264,PT03-Veterinary hygiene,true,false,false,0,,,Spain,,Initial application for approval in progress,Competent authority evaluation,,,-,Under assessment,https://echa.europa.eu/information-on-chemicals/biocidal-active-substances/-/disas/factsheet/1264/PT03,0,100.004.414,https://echa.europa.eu/substance-information/-/substanceinfo/100.004.414
Tosylchloramide sodium (Tosylchloramide sodium - Chloramin T),204-854-7,127-65-1,1264,PT04-Food and feed area,true,false,false,0,,,Spain,,Initial application for approval in progress,Competent authority evaluation,,,-,Under assessment,https://echa.europa.eu/information-on-chemicals/biocidal-active-substances/-/disas/factsheet/1264/PT04,0,100.004.414,https://echa.europa.eu/substance-information/-/substanceinfo/100.004.414
Tosylchloramide sodium (Tosylchloramide sodium - Chloramin T),204-854-7,127-65-1,1264,PT05-Drinking water,true,false,false,0,,,Spain,,Initial application for approval in progress,Competent authority evaluation,,,-,Under assessment,https://echa.europa.eu/information-on-chemicals/biocidal-active-substances/-/disas/factsheet/1264/PT05,0,100.004.414,https://echa.europa.eu/substance-information/-/substanceinfo/100.004.414
Tralopyril,602-784-5,122454-29-9,1403,PT21-Antifouling products,false,true,false,0,01/04/2015,30/09/2027,Norway,Approved,Renewal in progress,Competent authority evaluation,Commission Implementing Decision (EU) 2024/2945 of 29 November 2024 ,http://eur-lex.europa.eu/legal-content/EN/ALL/?uri=CELEX:32024D2945,EU-0011683-0000,No,https://echa.europa.eu/information-on-chemicals/biocidal-active-substances/-/disas/factsheet/1403/PT21,3,100.125.440,https://echa.europa.eu/substance-information/-/substanceinfo/100.125.440
Transfluthrin,405-060-5,118712-89-3,1404,"PT18-Insecticides, acaricides and products to control other arthropods",true,false,false,0,01/11/2015,31/10/2025,Netherlands,Approved,Renewal in progress,Competent authority evaluation,Regulation (EU) 407/2014,http://eur-lex.europa.eu/legal-content/EN/ALL/?uri=CELEX:32014R0407,EU-0005717-0000,Under assessment,https://echa.europa.eu/information-on-chemicals/biocidal-active-substances/-/disas/factsheet/1404/PT18,111,100.100.666,https://echa.europa.eu/substance-information/-/substanceinfo/100.100.666
Trichoderma harzianum strain T-720,918-879-2,67892-31-3 ,2063,PT08-Wood preservatives,false,true,false,0,,,Netherlands,Cancelled application,,,,,-,Under assessment,https://echa.europa.eu/information-on-chemicals/biocidal-active-substances/-/disas/factsheet/2063/PT08,0,100.117.986,https://echa.europa.eu/substance-information/-/substanceinfo/100.117.986
Triclosan,222-182-2,3380-34-5,1406,PT01-Human hygiene,true,false,false,0,,,Denmark,Not approved,,,(EU) 2016/110,http://eur-lex.europa.eu/legal-content/EN/ALL/?uri=CELEX:32016D0110,-,Yes,https://echa.europa.eu/information-on-chemicals/biocidal-active-substances/-/disas/factsheet/1406/PT01,0,100.020.167,https://echa.europa.eu/substance-information/-/substanceinfo/100.020.167
Triclosan,222-182-2,3380-34-5,1406,PT02-Disinfectants and algaecides not intended for direct application to humans or animals,true,false,false,0,,,Denmark,Not approved,,,Decision 2014/227/EU,http://eur-lex.europa.eu/legal-content/EN/ALL/?uri=CELEX:32014D0227,-,Under assessment,https://echa.europa.eu/information-on-chemicals/biocidal-active-substances/-/disas/factsheet/1406/PT02,0,100.020.167,https://echa.europa.eu/substance-information/-/substanceinfo/100.020.167
Triclosan,222-182-2,3380-34-5,1406,PT07-Film preservatives,true,false,false,0,,,Denmark,Not approved,,,Decision 2014/227/EU,http://eur-lex.europa.eu/legal-content/EN/ALL/?uri=CELEX:32014D0227,-,Under assessment,https://echa.europa.eu/information-on-chemicals/biocidal-active-substances/-/disas/factsheet/1406/PT07,0,100.020.167,https://echa.europa.eu/substance-information/-/substanceinfo/100.020.167
Triclosan,222-182-2,3380-34-5,1406,"PT09-Fibre, leather, rubber and polymerised materials preservatives",true,false,false,0,,,Denmark,Not approved,,,Decision 2014/227/EU,http://eur-lex.europa.eu/legal-content/EN/ALL/?uri=CELEX:32014D0227,-,Under assessment,https://echa.europa.eu/information-on-chemicals/biocidal-active-substances/-/disas/factsheet/1406/PT09,0,100.020.167,https://echa.europa.eu/substance-information/-/substanceinfo/100.020.167
trihydrogen pentapotassium di(peroxomonosulfate) di(sulfate),274-778-7,70693-62-8,1339,PT02-Disinfectants and algaecides not intended for direct application to humans or animals,true,false,false,0,01/07/2025,30/06/2035,Slovenia,Approved,Other updates in progress,-,Commission Implementing Regulation (EU) 2024/247,http://eur-lex.europa.eu/legal-content/EN/ALL/?uri=CELEX:32024R0247,EU-0031197-0000,No,https://echa.europa.eu/information-on-chemicals/biocidal-active-substances/-/disas/factsheet/1339/PT02,0,100.067.959,https://echa.europa.eu/substance-information/-/substanceinfo/100.067.959
trihydrogen pentapotassium di(peroxomonosulfate) di(sulfate),274-778-7,70693-62-8,1339,PT03-Veterinary hygiene,true,false,false,0,01/07/2025,30/06/2035,Slovenia,Approved,Other updates in progress,-,Commission Implementing Regulation (EU) 2024/247,http://eur-lex.europa.eu/legal-content/EN/ALL/?uri=CELEX:32024R0247,EU-0031199-0000,No,https://echa.europa.eu/information-on-chemicals/biocidal-active-substances/-/disas/factsheet/1339/PT03,0,100.067.959,https://echa.europa.eu/substance-information/-/substanceinfo/100.067.959
trihydrogen pentapotassium di(peroxomonosulfate) di(sulfate),274-778-7,70693-62-8,1339,PT04-Food and feed area,true,false,false,0,01/07/2025,30/06/2035,Slovenia,Approved,Other updates in progress,-,Commission Implementing Regulation (EU) 2024/247,http://eur-lex.europa.eu/legal-content/EN/ALL/?uri=CELEX:32024R0247,EU-0031201-0000,No,https://echa.europa.eu/information-on-chemicals/biocidal-active-substances/-/disas/factsheet/1339/PT04,0,100.067.959,https://echa.europa.eu/substance-information/-/substanceinfo/100.067.959
trihydrogen pentapotassium di(peroxomonosulfate) di(sulfate),274-778-7,70693-62-8,1339,PT05-Drinking water,true,false,false,0,01/07/2025,30/06/2035,Slovenia,Approved,Other updates in progress,-,Commission Implementing Regulation (EU) 2024/247,http://eur-lex.europa.eu/legal-content/EN/ALL/?uri=CELEX:32024R0247,EU-0031203-0000,No,https://echa.europa.eu/information-on-chemicals/biocidal-active-substances/-/disas/factsheet/1339/PT05,0,100.067.959,https://echa.europa.eu/substance-information/-/substanceinfo/100.067.959
trisodium orthophosphate,231-509-8,7601-54-9,1703,,false,,true,1,,,Netherlands,Cancelled application,,,,,-,,https://echa.europa.eu/information-on-chemicals/biocidal-active-substances/-/disas/factsheet/1703/null,0,100.028.645,https://echa.europa.eu/substance-information/-/substanceinfo/100.028.645
Troclosene sodium,220-767-7,2893-78-9,1408,PT02-Disinfectants and algaecides not intended for direct application to humans or animals,true,false,false,0,,,Germany,,Initial application for approval in progress,Competent authority evaluation,,,-,Under assessment,https://echa.europa.eu/information-on-chemicals/biocidal-active-substances/-/disas/factsheet/1408/PT02,0,100.018.880,https://echa.europa.eu/substance-information/-/substanceinfo/100.018.880
Troclosene sodium,220-767-7,2893-78-9,1408,PT03-Veterinary hygiene,true,false,false,0,,,Germany,,Initial application for approval in progress,Competent authority evaluation,,,-,Under assessment,https://echa.europa.eu/information-on-chemicals/biocidal-active-substances/-/disas/factsheet/1408/PT03,0,100.018.880,https://echa.europa.eu/substance-information/-/substanceinfo/100.018.880
Troclosene sodium,220-767-7,2893-78-9,1408,PT04-Food and feed area,true,false,false,0,,,Germany,,Initial application for approval in progress,Competent authority evaluation,,,-,Under assessment,https://echa.europa.eu/information-on-chemicals/biocidal-active-substances/-/disas/factsheet/1408/PT04,0,100.018.880,https://echa.europa.eu/substance-information/-/substanceinfo/100.018.880
Troclosene sodium,220-767-7,2893-78-9,1408,PT05-Drinking water,true,false,false,0,,,Germany,,Initial application for approval in progress,Competent authority evaluation,,,-,Under assessment,https://echa.europa.eu/information-on-chemicals/biocidal-active-substances/-/disas/factsheet/1408/PT05,0,100.018.880,https://echa.europa.eu/substance-information/-/substanceinfo/100.018.880
Troclosene sodium,220-767-7,2893-78-9,1408,PT11-Preservatives for liquid-cooling and processing systems,true,false,false,0,,,Germany,,Initial application for approval in progress,Competent authority evaluation,,,-,Under assessment,https://echa.europa.eu/information-on-chemicals/biocidal-active-substances/-/disas/factsheet/1408/PT11,0,100.018.880,https://echa.europa.eu/substance-information/-/substanceinfo/100.018.880
Troclosene sodium,220-767-7,2893-78-9,1408,PT12-Slimicides,true,false,false,0,,,United Kingdom,No longer supported,,,Decision (EU) 2020/1036 ,http://eur-lex.europa.eu/legal-content/EN/ALL/?uri=CELEX:32020D1036,-,Under assessment,https://echa.europa.eu/information-on-chemicals/biocidal-active-substances/-/disas/factsheet/1408/PT12,0,100.018.880,https://echa.europa.eu/substance-information/-/substanceinfo/100.018.880
Vinegar,-,8028-52-2,2323,,false,,true,4,08/08/2019,,-,Approved,,,Regulation (EU) 2019/1819,http://eur-lex.europa.eu/legal-content/EN/ALL/?uri=CELEX:32019R1819,EU-0025423-0000,,https://echa.europa.eu/information-on-chemicals/biocidal-active-substances/-/disas/factsheet/2323/null,12,100.205.808,https://echa.europa.eu/substance-information/-/substanceinfo/100.205.808
Warfarin,201-377-6,81-81-2,56,PT14-Rodenticides,true,false,false,0,01/02/2012,30/06/2024,Ireland,Expired,,,Reg (EU) 2017/1376,http://eur-lex.europa.eu/legal-content/EN/ALL/?uri=CELEX:32017R1376,EU-0005406-0000,Yes,https://echa.europa.eu/information-on-chemicals/biocidal-active-substances/-/disas/factsheet/56/PT14,14,100.001.253,https://echa.europa.eu/substance-information/-/substanceinfo/100.001.253
Warfarin sodium,204-929-4,129-06-6,57,PT14-Rodenticides,true,false,false,0,01/02/2012,31/01/2017,Ireland,Expired,,,Directive 2010/8/EU,http://eur-lex.europa.eu/legal-content/EN/ALL/?uri=CELEX:32010L0008,EU-0005407-0000,Yes,https://echa.europa.eu/information-on-chemicals/biocidal-active-substances/-/disas/factsheet/57/PT14,1,100.004.483,https://echa.europa.eu/substance-information/-/substanceinfo/100.004.483
Webbing clothes moths pheromone (Mixture),-,-,1432,,false,,true,5,01/09/2013,,-,Approved,,,Regulation (EU) 528/2012 Annex I,http://eur-lex.europa.eu/legal-content/EN/ALL/?uri=CELEX:32012R0528,EU-0012347-0000,,https://echa.europa.eu/information-on-chemicals/biocidal-active-substances/-/disas/factsheet/1432/null,4,100.265.856,https://echa.europa.eu/substance-information/-/substanceinfo/100.265.856
"Willaertia subsp. magna, C2c.Maky",-,-,1417,PT11-Preservatives for liquid-cooling and processing systems,false,true,false,0,,,Malta,,,,Decision (EU) 2018/1985,http://eur-lex.europa.eu/legal-content/EN/ALL/?uri=CELEX:32018D1985,-,Under assessment,https://echa.europa.eu/information-on-chemicals/biocidal-active-substances/-/disas/factsheet/1417/PT11,0,100.240.913,https://echa.europa.eu/substance-information/-/substanceinfo/100.240.913
"Willaertia subsp. magna, C2c.Maky",-,-,1417,PT12-Slimicides,false,true,false,0,,,Malta,Cancelled application,,,,,-,Under assessment,https://echa.europa.eu/information-on-chemicals/biocidal-active-substances/-/disas/factsheet/1417/PT12,0,100.240.913,https://echa.europa.eu/substance-information/-/substanceinfo/100.240.913
Wolbachia pipientis strain wPip,-,-,2383,,false,,true,6,,,Italy,,Initial application for approval in progress,Opinion development by BPC,,,-,,https://echa.europa.eu/information-on-chemicals/biocidal-active-substances/-/disas/factsheet/2383/null,0,100.326.225,https://echa.europa.eu/substance-information/-/substanceinfo/100.326.225
Zineb,235-180-1,12122-67-7,1409,PT21-Antifouling products,true,false,false,0,01/01/2016,31/12/2025,Ireland,Approved,Renewal in progress,Competent authority evaluation,Regulation (EU) 92/2014,http://eur-lex.europa.eu/legal-content/EN/ALL/?uri=CELEX:32014R0092,EU-0005720-0000,Under assessment,https://echa.europa.eu/information-on-chemicals/biocidal-active-substances/-/disas/factsheet/1409/PT21,0,100.031.970,https://echa.europa.eu/substance-information/-/substanceinfo/100.031.970
"α-cyano-3-phenoxybenzyl2,2-dimethyl-3-(2-methylprop-1-enyl)cyclopropanecarboxylate (Cyphenothrin)",254-484-5,39515-40-7,1284,"PT18-Insecticides, acaricides and products to control other arthropods",true,false,false,0,01/02/2020,31/01/2030,Greece,Approved,,,Reg (EU) 2018/1292,http://eur-lex.europa.eu/legal-content/EN/ALL/?uri=CELEX:32018R1292,EU-0018404-0000,Yes,https://echa.europa.eu/information-on-chemicals/biocidal-active-substances/-/disas/factsheet/1284/PT18,2,100.049.513,https://echa.europa.eu/substance-information/-/substanceinfo/100.049.513
"α-cyano-4-fluoro-3-phenoxybenzyl3-(2,2-dichlorovinyl)-2,2-dimethylcyclo-propanecarboxylate (Cyfluthrin)",269-855-7,68359-37-5,1282,"PT18-Insecticides, acaricides and products to control other arthropods",true,false,false,0,01/03/2018,28/02/2028,Germany,Approved,,,Regulation (EU) 2016/1937,http://eur-lex.europa.eu/legal-content/EN/ALL/?uri=CELEX:32016R1937,EU-0013643-0000,No,https://echa.europa.eu/information-on-chemicals/biocidal-active-substances/-/disas/factsheet/1282/PT18,27,100.063.485,https://echa.europa.eu/substance-information/-/substanceinfo/100.063.485