Substance name,Description,EC / List no,CAS no,Value,Date of inclusion in the POPs Regulation,POPs Regulation History,POPs Regulation Annex,First published
Endosulfan and its isomers,,-,-,Yes,19-Jun-2012,"<a href=""https://eur-lex.europa.eu/legal-content/EN/TXT/?uri=uriserv:OJ.L_.2012.159.01.0001.01.ENG&toc=OJ:L:2012:159:TOC"">Commission Regulation (EU) No 519/2012 of 19 June 2012 amending Regulation (EC) No 850/2004 as regards as Annex I</a>#<a href=""https://eur-lex.europa.eu/legal-content/EN/TXT/?uri=uriserv:OJ.L_.2014.363.01.0067.01.ENG&toc=OJ:L:2014:363:TOC"">Commission Regulation (EU) No 1342/2014 of 17 December 2014 amending Regulation (EC) No 850/2004  as regards Annexes IV and V</a>#<a href=""https://eur-lex.europa.eu/legal-content/EN/TXT/?uri=uriserv:OJ.L_.2019.169.01.0045.01.ENG&toc=OJ:L:2019:169:TOC"">Regulation (EU) 2019/1021 of the European Parliament and of the Council of 20 June 2019 on persistent organic pollutants</a>","Annex I, part A#Annex IV",12-Nov-2020
Endosulfan,,204-079-4,115-29-7,Yes,19-Jun-2012,"<a href=""https://eur-lex.europa.eu/legal-content/EN/TXT/?uri=uriserv:OJ.L_.2012.159.01.0001.01.ENG&toc=OJ:L:2012:159:TOC"">Commission Regulation (EU) No 519/2012 of 19 June 2012 amending Regulation (EC) No 850/2004 as regards as Annex I</a>#<a href=""https://eur-lex.europa.eu/legal-content/EN/TXT/?uri=uriserv:OJ.L_.2014.363.01.0067.01.ENG&toc=OJ:L:2014:363:TOC"">Commission Regulation (EU) No 1342/2014 of 17 December 2014 amending Regulation (EC) No 850/2004  as regards Annexes IV and V</a>#<a href=""https://eur-lex.europa.eu/legal-content/EN/TXT/?uri=uriserv:OJ.L_.2019.169.01.0045.01.ENG&toc=OJ:L:2019:169:TOC"">Regulation (EU) 2019/1021 of the European Parliament and of the Council of 20 June 2019 on persistent organic pollutants</a>","Annex I, part A#Annex IV",12-Nov-2020
beta-Endosulfan,,625-635-6,33213-65-9,Yes,19-Jun-2012,"<a href=""https://eur-lex.europa.eu/legal-content/EN/TXT/?uri=uriserv:OJ.L_.2012.159.01.0001.01.ENG&toc=OJ:L:2012:159:TOC"">Commission Regulation (EU) No 519/2012 of 19 June 2012 amending Regulation (EC) No 850/2004 as regards as Annex I</a>#<a href=""https://eur-lex.europa.eu/legal-content/EN/TXT/?uri=uriserv:OJ.L_.2014.363.01.0067.01.ENG&toc=OJ:L:2014:363:TOC"">Commission Regulation (EU) No 1342/2014 of 17 December 2014 amending Regulation (EC) No 850/2004  as regards Annexes IV and V</a>#<a href=""https://eur-lex.europa.eu/legal-content/EN/TXT/?uri=uriserv:OJ.L_.2019.169.01.0045.01.ENG&toc=OJ:L:2019:169:TOC"">Regulation (EU) 2019/1021 of the European Parliament and of the Council of 20 June 2019 on persistent organic pollutants</a>","Annex I, part A#Annex IV",12-Nov-2020
alpha-Endosulfan,,625-034-9,959-98-8,Yes,19-Jun-2012,"<a href=""https://eur-lex.europa.eu/legal-content/EN/TXT/?uri=uriserv:OJ.L_.2012.159.01.0001.01.ENG&toc=OJ:L:2012:159:TOC"">Commission Regulation (EU) No 519/2012 of 19 June 2012 amending Regulation (EC) No 850/2004 as regards as Annex I</a>#<a href=""https://eur-lex.europa.eu/legal-content/EN/TXT/?uri=uriserv:OJ.L_.2014.363.01.0067.01.ENG&toc=OJ:L:2014:363:TOC"">Commission Regulation (EU) No 1342/2014 of 17 December 2014 amending Regulation (EC) No 850/2004  as regards Annexes IV and V</a>#<a href=""https://eur-lex.europa.eu/legal-content/EN/TXT/?uri=uriserv:OJ.L_.2019.169.01.0045.01.ENG&toc=OJ:L:2019:169:TOC"">Regulation (EU) 2019/1021 of the European Parliament and of the Council of 20 June 2019 on persistent organic pollutants</a>","Annex I, part A#Annex IV",12-Nov-2020
Heptabromodiphenyl ether (Group),,-,-,Yes,24-Aug-2010,"<a href=""https://eur-lex.europa.eu/legal-content/EN/TXT/?uri=uriserv:OJ.L_.2010.223.01.0029.01.ENG&toc=OJ:L:2010:223:TOC"">Regulation (EU) No 757/2010 of 24 August 2010 amending Regulation (EC) No 850/2004 as regards as Annexes I and III</a>#<a href=""https://eur-lex.europa.eu/legal-content/EN/TXT/?uri=uriserv:OJ.L_.2014.363.01.0067.01.ENG&toc=OJ:L:2014:363:TOC"">Commission Regulation (EU) No 1342/2014 of 17 December 2014 amending Regulation (EC) No 850/2004  as regards Annexes IV and V</a>#<a href=""https://eur-lex.europa.eu/legal-content/EN/TXT/?uri=uriserv:OJ.L_.2019.169.01.0045.01.ENG&toc=OJ:L:2019:169:TOC"">Regulation (EU) 2019/1021 of the European Parliament and of the Council of 20 June 2019 on persistent organic pollutants</a>#<a href=""http://data.europa.eu/eli/reg/2022/2400/oj"">Regulation (EU) 2022/2400 of the European Parliament and of the Council of 23 November 2022 amending Annexes IV and V to Regulation (EU) 2019/1021</a>","Annex I, part A#Annex IV",12-Nov-2020
"Diphenyl ether, heptabromo derivative",,273-031-2,68928-80-3,Yes,24-Aug-2010,"<a href=""https://eur-lex.europa.eu/legal-content/EN/TXT/?uri=uriserv:OJ.L_.2010.223.01.0029.01.ENG&toc=OJ:L:2010:223:TOC"">Regulation (EU) No 757/2010 of 24 August 2010 amending Regulation (EC) No 850/2004 as regards as Annexes I and III</a>#<a href=""https://eur-lex.europa.eu/legal-content/EN/TXT/?uri=uriserv:OJ.L_.2014.363.01.0067.01.ENG&toc=OJ:L:2014:363:TOC"">Commission Regulation (EU) No 1342/2014 of 17 December 2014 amending Regulation (EC) No 850/2004  as regards Annexes IV and V</a>#<a href=""https://eur-lex.europa.eu/legal-content/EN/TXT/?uri=uriserv:OJ.L_.2019.169.01.0045.01.ENG&toc=OJ:L:2019:169:TOC"">Regulation (EU) 2019/1021 of the European Parliament and of the Council of 20 June 2019 on persistent organic pollutants</a>#<a href=""http://data.europa.eu/eli/reg/2022/2400/oj"">Regulation (EU) 2022/2400 of the European Parliament and of the Council of 23 November 2022 amending Annexes IV and V to Regulation (EU) 2019/1021</a>","Annex I, part A#Annex IV",12-Nov-2020
Hexabromocyclododecane (HBCDD),and all major diastereoisomers identified,-,-,Yes,01-Mar-2016,"<a href=""https://eur-lex.europa.eu/legal-content/EN/TXT/?uri=uriserv:OJ.L_.2016.055.01.0004.01.ENG&toc=OJ:L:2016:055:TOC"">Commission Regulation (EU) 2016/293 of 1 March 2016 amending Regulation (EC) No 850/2004 as regards as annex I</a>#<a href=""https://eur-lex.europa.eu/legal-content/EN/TXT/?uri=uriserv:OJ.L_.2016.080.01.0017.01.ENG&toc=OJ:L:2016:080:TOC"">Commission Regulation (EU) 2016/460 of 30 March 2016 amending Annexes IV and V to Regulation (EC) No 850/2004</a>#<a href=""https://eur-lex.europa.eu/legal-content/EN/TXT/?uri=uriserv:OJ.L_.2019.169.01.0045.01.ENG&toc=OJ:L:2019:169:TOC"">Regulation (EU) 2019/1021 of the European Parliament and of the Council of 20 June 2019 on persistent organic pollutants</a>#<a href=""https://eur-lex.europa.eu/eli/reg/2022/2400/oj"">Regulation (EU) 2022/2400 of the European Parliament and of the Council of 23 November 2022 amending Annexes IV and V to Regulation (EU) 2019/1021</a>#<a href=""http://data.europa.eu/eli/reg_del/2024/2555/oj"">Commission Delegated Regulation (EU) 2024/2555 of 21 March 2024 amending Regulation (EU) 2019/1021 of the European Parliament and of the Council as regards hexabromocyclododecane</a>","Annex I, part A#Annex IV",12-Nov-2020
Hexabromocyclododecane,,247-148-4,25637-99-4,Yes,01-Mar-2016,"<a href=""https://eur-lex.europa.eu/legal-content/EN/TXT/?uri=uriserv:OJ.L_.2016.055.01.0004.01.ENG&toc=OJ:L:2016:055:TOC"">Commission Regulation (EU) 2016/293 of 1 March 2016 amending Regulation (EC) No 850/2004 as regards as annex I</a>#<a href=""https://eur-lex.europa.eu/legal-content/EN/TXT/?uri=uriserv:OJ.L_.2016.080.01.0017.01.ENG&toc=OJ:L:2016:080:TOC"">Commission Regulation (EU) 2016/460 of 30 March 2016 amending Annexes IV and V to Regulation (EC) No 850/2004</a>#<a href=""https://eur-lex.europa.eu/legal-content/EN/TXT/?uri=uriserv:OJ.L_.2019.169.01.0045.01.ENG&toc=OJ:L:2019:169:TOC"">Regulation (EU) 2019/1021 of the European Parliament and of the Council of 20 June 2019 on persistent organic pollutants</a>#<a href=""https://eur-lex.europa.eu/eli/reg/2022/2400/oj"">Regulation (EU) 2022/2400 of the European Parliament and of the Council of 23 November 2022 amending Annexes IV and V to Regulation (EU) 2019/1021</a>#<a href=""http://data.europa.eu/eli/reg_del/2024/2555/oj"">Commission Delegated Regulation (EU) 2024/2555 of 21 March 2024 amending Regulation (EU) 2019/1021 of the European Parliament and of the Council as regards hexabromocyclododecane</a>","Annex I, part A#Annex IV",12-Nov-2020
gamma-hexabromocyclododecane,,603-804-5,134237-52-8,Yes,01-Mar-2016,"<a href=""https://eur-lex.europa.eu/legal-content/EN/TXT/?uri=uriserv:OJ.L_.2016.055.01.0004.01.ENG&toc=OJ:L:2016:055:TOC"">Commission Regulation (EU) 2016/293 of 1 March 2016 amending Regulation (EC) No 850/2004 as regards as annex I</a>#<a href=""https://eur-lex.europa.eu/legal-content/EN/TXT/?uri=uriserv:OJ.L_.2016.080.01.0017.01.ENG&toc=OJ:L:2016:080:TOC"">Commission Regulation (EU) 2016/460 of 30 March 2016 amending Annexes IV and V to Regulation (EC) No 850/2004</a>#<a href=""https://eur-lex.europa.eu/legal-content/EN/TXT/?uri=uriserv:OJ.L_.2019.169.01.0045.01.ENG&toc=OJ:L:2019:169:TOC"">Regulation (EU) 2019/1021 of the European Parliament and of the Council of 20 June 2019 on persistent organic pollutants</a>#<a href=""https://eur-lex.europa.eu/eli/reg/2022/2400/oj"">Regulation (EU) 2022/2400 of the European Parliament and of the Council of 23 November 2022 amending Annexes IV and V to Regulation (EU) 2019/1021</a>#<a href=""http://data.europa.eu/eli/reg_del/2024/2555/oj"">Commission Delegated Regulation (EU) 2024/2555 of 21 March 2024 amending Regulation (EU) 2019/1021 of the European Parliament and of the Council as regards hexabromocyclododecane</a>","Annex I, part A#Annex IV",12-Nov-2020
"1,2,5,6,9,10-hexabromocyclodecane",,221-695-9,3194-55-6,Yes,01-Mar-2016,"<a href=""https://eur-lex.europa.eu/legal-content/EN/TXT/?uri=uriserv:OJ.L_.2016.055.01.0004.01.ENG&toc=OJ:L:2016:055:TOC"">Commission Regulation (EU) 2016/293 of 1 March 2016 amending Regulation (EC) No 850/2004 as regards as annex I</a>#<a href=""https://eur-lex.europa.eu/legal-content/EN/TXT/?uri=uriserv:OJ.L_.2016.080.01.0017.01.ENG&toc=OJ:L:2016:080:TOC"">Commission Regulation (EU) 2016/460 of 30 March 2016 amending Annexes IV and V to Regulation (EC) No 850/2004</a>#<a href=""https://eur-lex.europa.eu/legal-content/EN/TXT/?uri=uriserv:OJ.L_.2019.169.01.0045.01.ENG&toc=OJ:L:2019:169:TOC"">Regulation (EU) 2019/1021 of the European Parliament and of the Council of 20 June 2019 on persistent organic pollutants</a>#<a href=""https://eur-lex.europa.eu/eli/reg/2022/2400/oj"">Regulation (EU) 2022/2400 of the European Parliament and of the Council of 23 November 2022 amending Annexes IV and V to Regulation (EU) 2019/1021</a>#<a href=""http://data.europa.eu/eli/reg_del/2024/2555/oj"">Commission Delegated Regulation (EU) 2024/2555 of 21 March 2024 amending Regulation (EU) 2019/1021 of the European Parliament and of the Council as regards hexabromocyclododecane</a>","Annex I, part A#Annex IV",12-Nov-2020
beta-hexabromocyclododecane,,603-802-4,134237-51-7,Yes,01-Mar-2016,"<a href=""https://eur-lex.europa.eu/legal-content/EN/TXT/?uri=uriserv:OJ.L_.2016.055.01.0004.01.ENG&toc=OJ:L:2016:055:TOC"">Commission Regulation (EU) 2016/293 of 1 March 2016 amending Regulation (EC) No 850/2004 as regards as annex I</a>#<a href=""https://eur-lex.europa.eu/legal-content/EN/TXT/?uri=uriserv:OJ.L_.2016.080.01.0017.01.ENG&toc=OJ:L:2016:080:TOC"">Commission Regulation (EU) 2016/460 of 30 March 2016 amending Annexes IV and V to Regulation (EC) No 850/2004</a>#<a href=""https://eur-lex.europa.eu/legal-content/EN/TXT/?uri=uriserv:OJ.L_.2019.169.01.0045.01.ENG&toc=OJ:L:2019:169:TOC"">Regulation (EU) 2019/1021 of the European Parliament and of the Council of 20 June 2019 on persistent organic pollutants</a>#<a href=""https://eur-lex.europa.eu/eli/reg/2022/2400/oj"">Regulation (EU) 2022/2400 of the European Parliament and of the Council of 23 November 2022 amending Annexes IV and V to Regulation (EU) 2019/1021</a>#<a href=""http://data.europa.eu/eli/reg_del/2024/2555/oj"">Commission Delegated Regulation (EU) 2024/2555 of 21 March 2024 amending Regulation (EU) 2019/1021 of the European Parliament and of the Council as regards hexabromocyclododecane</a>","Annex I, part A#Annex IV",12-Nov-2020
alpha-hexabromocyclododecane,,603-801-9,134237-50-6,Yes,01-Mar-2016,"<a href=""https://eur-lex.europa.eu/legal-content/EN/TXT/?uri=uriserv:OJ.L_.2016.055.01.0004.01.ENG&toc=OJ:L:2016:055:TOC"">Commission Regulation (EU) 2016/293 of 1 March 2016 amending Regulation (EC) No 850/2004 as regards as annex I</a>#<a href=""https://eur-lex.europa.eu/legal-content/EN/TXT/?uri=uriserv:OJ.L_.2016.080.01.0017.01.ENG&toc=OJ:L:2016:080:TOC"">Commission Regulation (EU) 2016/460 of 30 March 2016 amending Annexes IV and V to Regulation (EC) No 850/2004</a>#<a href=""https://eur-lex.europa.eu/legal-content/EN/TXT/?uri=uriserv:OJ.L_.2019.169.01.0045.01.ENG&toc=OJ:L:2019:169:TOC"">Regulation (EU) 2019/1021 of the European Parliament and of the Council of 20 June 2019 on persistent organic pollutants</a>#<a href=""https://eur-lex.europa.eu/eli/reg/2022/2400/oj"">Regulation (EU) 2022/2400 of the European Parliament and of the Council of 23 November 2022 amending Annexes IV and V to Regulation (EU) 2019/1021</a>#<a href=""http://data.europa.eu/eli/reg_del/2024/2555/oj"">Commission Delegated Regulation (EU) 2024/2555 of 21 March 2024 amending Regulation (EU) 2019/1021 of the European Parliament and of the Council as regards hexabromocyclododecane</a>","Annex I, part A#Annex IV",12-Nov-2020
Hexabromodiphenyl ether (group),,-,-,Yes,24-Aug-2010,"<a href=""https://eur-lex.europa.eu/legal-content/EN/TXT/?uri=uriserv:OJ.L_.2010.223.01.0029.01.ENG&toc=OJ:L:2010:223:TOC"">Regulation (EU) No 757/2010 of 24 August 2010 amending Regulation (EC) No 850/2004 as regards as Annexes I and III</a>#<a href=""https://eur-lex.europa.eu/legal-content/EN/TXT/?uri=uriserv:OJ.L_.2014.363.01.0067.01.ENG&toc=OJ:L:2014:363:TOC"">Commission Regulation (EU) No 1342/2014 of 17 December 2014 amending Regulation (EC) No 850/2004  as regards Annexes IV and V</a>#<a href=""https://eur-lex.europa.eu/legal-content/EN/TXT/?uri=uriserv:OJ.L_.2019.169.01.0045.01.ENG&toc=OJ:L:2019:169:TOC"">Regulation (EU) 2019/1021 of the European Parliament and of the Council of 20 June 2019 on persistent organic pollutants</a>#<a href=""http://data.europa.eu/eli/reg/2022/2400/oj"">Regulation (EU) 2022/2400 of the European Parliament and of the Council of 23 November 2022 amending Annexes IV and V to Regulation (EU) 2019/1021</a>","Annex I, part A#Annex IV",12-Nov-2020
"Diphenyl ether, hexabromo derivative",,253-058-6,36483-60-0,Yes,24-Aug-2010,"<a href=""https://eur-lex.europa.eu/legal-content/EN/TXT/?uri=uriserv:OJ.L_.2010.223.01.0029.01.ENG&toc=OJ:L:2010:223:TOC"">Regulation (EU) No 757/2010 of 24 August 2010 amending Regulation (EC) No 850/2004 as regards as Annexes I and III</a>#<a href=""https://eur-lex.europa.eu/legal-content/EN/TXT/?uri=uriserv:OJ.L_.2014.363.01.0067.01.ENG&toc=OJ:L:2014:363:TOC"">Commission Regulation (EU) No 1342/2014 of 17 December 2014 amending Regulation (EC) No 850/2004  as regards Annexes IV and V</a>#<a href=""https://eur-lex.europa.eu/legal-content/EN/TXT/?uri=uriserv:OJ.L_.2019.169.01.0045.01.ENG&toc=OJ:L:2019:169:TOC"">Regulation (EU) 2019/1021 of the European Parliament and of the Council of 20 June 2019 on persistent organic pollutants</a>#<a href=""http://data.europa.eu/eli/reg/2022/2400/oj"">Regulation (EU) 2022/2400 of the European Parliament and of the Council of 23 November 2022 amending Annexes IV and V to Regulation (EU) 2019/1021</a>","Annex I, part A#Annex IV",12-Nov-2020
"1,2,3-tribromo-4-(2,4,5-tribromophenoxy)benzene",,621-550-3,182677-30-1,Yes,24-Aug-2010,"<a href=""https://eur-lex.europa.eu/legal-content/EN/TXT/?uri=uriserv:OJ.L_.2010.223.01.0029.01.ENG&toc=OJ:L:2010:223:TOC"">Regulation (EU) No 757/2010 of 24 August 2010 amending Regulation (EC) No 850/2004 as regards as Annexes I and III</a>#<a href=""https://eur-lex.europa.eu/legal-content/EN/TXT/?uri=uriserv:OJ.L_.2014.363.01.0067.01.ENG&toc=OJ:L:2014:363:TOC"">Commission Regulation (EU) No 1342/2014 of 17 December 2014 amending Regulation (EC) No 850/2004  as regards Annexes IV and V</a>#<a href=""https://eur-lex.europa.eu/legal-content/EN/TXT/?uri=uriserv:OJ.L_.2019.169.01.0045.01.ENG&toc=OJ:L:2019:169:TOC"">Regulation (EU) 2019/1021 of the European Parliament and of the Council of 20 June 2019 on persistent organic pollutants</a>#<a href=""http://data.europa.eu/eli/reg/2022/2400/oj"">Regulation (EU) 2022/2400 of the European Parliament and of the Council of 23 November 2022 amending Annexes IV and V to Regulation (EU) 2019/1021</a>","Annex I, part A#Annex IV",12-Nov-2020
"Hexachlorocyclohexanes, including lindane",,-,-,Yes,29-Apr-2004,"<a href=""https://eur-lex.europa.eu/legal-content/EN/TXT/?uri=uriserv:OJ.L_.2004.158.01.0007.01.ENG&toc=OJ:L:2004:158:TOC"">Regulation (EC) No 850/2004 of the European Parliament and of the Council on persistent organic pollutants</a>#<a href=""https://eur-lex.europa.eu/legal-content/EN/TXT/?uri=uriserv:OJ.L_.2006.217.01.0001.01.ENG&toc=OJ:L:2006:217:TOC"">Council Regulation (EC) No 1195/2006 of 18 July 2006 amending Annex IV to Regulation (EC) No 850/2004</a>#<a href=""https://eur-lex.europa.eu/legal-content/EN/TXT/?uri=uriserv:OJ.L_.2010.223.01.0029.01.ENG&toc=OJ:L:2010:223:TOC"">Regulation (EU) No 757/2010 of 24 August 2010 amending Regulation (EC) No 850/2004 as regards as Annexes I and III</a>#<a href=""https://eur-lex.europa.eu/legal-content/EN/TXT/?uri=uriserv:OJ.L_.2014.363.01.0067.01.ENG&toc=OJ:L:2014:363:TOC"">Commission Regulation (EU) No 1342/2014 of 17 December 2014 amending Regulation (EC) No 850/2004  as regards Annexes IV and V</a>#<a href=""https://eur-lex.europa.eu/legal-content/EN/TXT/?uri=uriserv:OJ.L_.2019.169.01.0045.01.ENG&toc=OJ:L:2019:169:TOC"">Regulation (EU) 2019/1021 of the European Parliament and of the Council of 20 June 2019 on persistent organic pollutants</a>","Annex I, part A#Annex IV",12-Nov-2020
"(1α,2α,3β,4α,5β,6β)-1,2,3,4,5,6-hexachlorocyclohexane",,206-270-8,319-84-6,Yes,29-Apr-2004,"<a href=""https://eur-lex.europa.eu/legal-content/EN/TXT/?uri=uriserv:OJ.L_.2004.158.01.0007.01.ENG&toc=OJ:L:2004:158:TOC"">Regulation (EC) No 850/2004 of the European Parliament and of the Council on persistent organic pollutants</a>#<a href=""https://eur-lex.europa.eu/legal-content/EN/TXT/?uri=uriserv:OJ.L_.2006.217.01.0001.01.ENG&toc=OJ:L:2006:217:TOC"">Council Regulation (EC) No 1195/2006 of 18 July 2006 amending Annex IV to Regulation (EC) No 850/2004</a>#<a href=""https://eur-lex.europa.eu/legal-content/EN/TXT/?uri=uriserv:OJ.L_.2010.223.01.0029.01.ENG&toc=OJ:L:2010:223:TOC"">Regulation (EU) No 757/2010 of 24 August 2010 amending Regulation (EC) No 850/2004 as regards as Annexes I and III</a>#<a href=""https://eur-lex.europa.eu/legal-content/EN/TXT/?uri=uriserv:OJ.L_.2014.363.01.0067.01.ENG&toc=OJ:L:2014:363:TOC"">Commission Regulation (EU) No 1342/2014 of 17 December 2014 amending Regulation (EC) No 850/2004  as regards Annexes IV and V</a>#<a href=""https://eur-lex.europa.eu/legal-content/EN/TXT/?uri=uriserv:OJ.L_.2019.169.01.0045.01.ENG&toc=OJ:L:2019:169:TOC"">Regulation (EU) 2019/1021 of the European Parliament and of the Council of 20 June 2019 on persistent organic pollutants</a>","Annex I, part A#Annex IV",12-Nov-2020
γ-HCH or γ-BHC,,200-401-2,58-89-9,Yes,29-Apr-2004,"<a href=""https://eur-lex.europa.eu/legal-content/EN/TXT/?uri=uriserv:OJ.L_.2004.158.01.0007.01.ENG&toc=OJ:L:2004:158:TOC"">Regulation (EC) No 850/2004 of the European Parliament and of the Council on persistent organic pollutants</a>#<a href=""https://eur-lex.europa.eu/legal-content/EN/TXT/?uri=uriserv:OJ.L_.2006.217.01.0001.01.ENG&toc=OJ:L:2006:217:TOC"">Council Regulation (EC) No 1195/2006 of 18 July 2006 amending Annex IV to Regulation (EC) No 850/2004</a>#<a href=""https://eur-lex.europa.eu/legal-content/EN/TXT/?uri=uriserv:OJ.L_.2010.223.01.0029.01.ENG&toc=OJ:L:2010:223:TOC"">Regulation (EU) No 757/2010 of 24 August 2010 amending Regulation (EC) No 850/2004 as regards as Annexes I and III</a>#<a href=""https://eur-lex.europa.eu/legal-content/EN/TXT/?uri=uriserv:OJ.L_.2014.363.01.0067.01.ENG&toc=OJ:L:2014:363:TOC"">Commission Regulation (EU) No 1342/2014 of 17 December 2014 amending Regulation (EC) No 850/2004  as regards Annexes IV and V</a>#<a href=""https://eur-lex.europa.eu/legal-content/EN/TXT/?uri=uriserv:OJ.L_.2019.169.01.0045.01.ENG&toc=OJ:L:2019:169:TOC"">Regulation (EU) 2019/1021 of the European Parliament and of the Council of 20 June 2019 on persistent organic pollutants</a>","Annex I, part A#Annex IV",12-Nov-2020
BHC or HCH,,210-168-9,608-73-1,Yes,29-Apr-2004,"<a href=""https://eur-lex.europa.eu/legal-content/EN/TXT/?uri=uriserv:OJ.L_.2004.158.01.0007.01.ENG&toc=OJ:L:2004:158:TOC"">Regulation (EC) No 850/2004 of the European Parliament and of the Council on persistent organic pollutants</a>#<a href=""https://eur-lex.europa.eu/legal-content/EN/TXT/?uri=uriserv:OJ.L_.2006.217.01.0001.01.ENG&toc=OJ:L:2006:217:TOC"">Council Regulation (EC) No 1195/2006 of 18 July 2006 amending Annex IV to Regulation (EC) No 850/2004</a>#<a href=""https://eur-lex.europa.eu/legal-content/EN/TXT/?uri=uriserv:OJ.L_.2010.223.01.0029.01.ENG&toc=OJ:L:2010:223:TOC"">Regulation (EU) No 757/2010 of 24 August 2010 amending Regulation (EC) No 850/2004 as regards as Annexes I and III</a>#<a href=""https://eur-lex.europa.eu/legal-content/EN/TXT/?uri=uriserv:OJ.L_.2014.363.01.0067.01.ENG&toc=OJ:L:2014:363:TOC"">Commission Regulation (EU) No 1342/2014 of 17 December 2014 amending Regulation (EC) No 850/2004  as regards Annexes IV and V</a>#<a href=""https://eur-lex.europa.eu/legal-content/EN/TXT/?uri=uriserv:OJ.L_.2019.169.01.0045.01.ENG&toc=OJ:L:2019:169:TOC"">Regulation (EU) 2019/1021 of the European Parliament and of the Council of 20 June 2019 on persistent organic pollutants</a>","Annex I, part A#Annex IV",12-Nov-2020
"(1α,2β,3α,4β,5α,6β)-1,2,3,4,5,6-hexachlorocyclohexane",,206-271-3,319-85-7,Yes,29-Apr-2004,"<a href=""https://eur-lex.europa.eu/legal-content/EN/TXT/?uri=uriserv:OJ.L_.2004.158.01.0007.01.ENG&toc=OJ:L:2004:158:TOC"">Regulation (EC) No 850/2004 of the European Parliament and of the Council on persistent organic pollutants</a>#<a href=""https://eur-lex.europa.eu/legal-content/EN/TXT/?uri=uriserv:OJ.L_.2006.217.01.0001.01.ENG&toc=OJ:L:2006:217:TOC"">Council Regulation (EC) No 1195/2006 of 18 July 2006 amending Annex IV to Regulation (EC) No 850/2004</a>#<a href=""https://eur-lex.europa.eu/legal-content/EN/TXT/?uri=uriserv:OJ.L_.2010.223.01.0029.01.ENG&toc=OJ:L:2010:223:TOC"">Regulation (EU) No 757/2010 of 24 August 2010 amending Regulation (EC) No 850/2004 as regards as Annexes I and III</a>#<a href=""https://eur-lex.europa.eu/legal-content/EN/TXT/?uri=uriserv:OJ.L_.2014.363.01.0067.01.ENG&toc=OJ:L:2014:363:TOC"">Commission Regulation (EU) No 1342/2014 of 17 December 2014 amending Regulation (EC) No 850/2004  as regards Annexes IV and V</a>#<a href=""https://eur-lex.europa.eu/legal-content/EN/TXT/?uri=uriserv:OJ.L_.2019.169.01.0045.01.ENG&toc=OJ:L:2019:169:TOC"">Regulation (EU) 2019/1021 of the European Parliament and of the Council of 20 June 2019 on persistent organic pollutants</a>","Annex I, part A#Annex IV",12-Nov-2020
Pentabromodiphenyl ether (group),,-,-,Yes,24-Aug-2010,"<a href=""https://eur-lex.europa.eu/legal-content/EN/TXT/?uri=uriserv:OJ.L_.2010.223.01.0029.01.ENG&toc=OJ:L:2010:223:TOC"">Regulation (EU) No 757/2010 of 24 August 2010 amending Regulation (EC) No 850/2004 as regards as Annexes I and III</a>#<a href=""https://eur-lex.europa.eu/legal-content/EN/TXT/?uri=uriserv:OJ.L_.2014.363.01.0067.01.ENG&toc=OJ:L:2014:363:TOC"">Commission Regulation (EU) No 1342/2014 of 17 December 2014 amending Regulation (EC) No 850/2004  as regards Annexes IV and V</a>#<a href=""https://eur-lex.europa.eu/legal-content/EN/TXT/?uri=uriserv:OJ.L_.2019.169.01.0045.01.ENG&toc=OJ:L:2019:169:TOC"">Regulation (EU) 2019/1021 of the European Parliament and of the Council of 20 June 2019 on persistent organic pollutants</a>#<a href=""http://data.europa.eu/eli/reg/2022/2400/oj"">Regulation (EU) 2022/2400 of the European Parliament and of the Council of 23 November 2022 amending Annexes IV and V to Regulation (EU) 2019/1021</a>","Annex I, part A#Annex IV",12-Nov-2020
"Diphenyl ether, pentabromo derivative",,251-084-2,32534-81-9,Yes,24-Aug-2010,"<a href=""https://eur-lex.europa.eu/legal-content/EN/TXT/?uri=uriserv:OJ.L_.2010.223.01.0029.01.ENG&toc=OJ:L:2010:223:TOC"">Regulation (EU) No 757/2010 of 24 August 2010 amending Regulation (EC) No 850/2004 as regards as Annexes I and III</a>#<a href=""https://eur-lex.europa.eu/legal-content/EN/TXT/?uri=uriserv:OJ.L_.2014.363.01.0067.01.ENG&toc=OJ:L:2014:363:TOC"">Commission Regulation (EU) No 1342/2014 of 17 December 2014 amending Regulation (EC) No 850/2004  as regards Annexes IV and V</a>#<a href=""https://eur-lex.europa.eu/legal-content/EN/TXT/?uri=uriserv:OJ.L_.2019.169.01.0045.01.ENG&toc=OJ:L:2019:169:TOC"">Regulation (EU) 2019/1021 of the European Parliament and of the Council of 20 June 2019 on persistent organic pollutants</a>#<a href=""http://data.europa.eu/eli/reg/2022/2400/oj"">Regulation (EU) 2022/2400 of the European Parliament and of the Council of 23 November 2022 amending Annexes IV and V to Regulation (EU) 2019/1021</a>","Annex I, part A#Annex IV",12-Nov-2020
"1,3,5-tribromo-2-(3,4-dibromophenoxy)benzene",,620-889-4,189084-66-0,Yes,24-Aug-2010,"<a href=""https://eur-lex.europa.eu/legal-content/EN/TXT/?uri=uriserv:OJ.L_.2010.223.01.0029.01.ENG&toc=OJ:L:2010:223:TOC"">Regulation (EU) No 757/2010 of 24 August 2010 amending Regulation (EC) No 850/2004 as regards as Annexes I and III</a>#<a href=""https://eur-lex.europa.eu/legal-content/EN/TXT/?uri=uriserv:OJ.L_.2014.363.01.0067.01.ENG&toc=OJ:L:2014:363:TOC"">Commission Regulation (EU) No 1342/2014 of 17 December 2014 amending Regulation (EC) No 850/2004  as regards Annexes IV and V</a>#<a href=""https://eur-lex.europa.eu/legal-content/EN/TXT/?uri=uriserv:OJ.L_.2019.169.01.0045.01.ENG&toc=OJ:L:2019:169:TOC"">Regulation (EU) 2019/1021 of the European Parliament and of the Council of 20 June 2019 on persistent organic pollutants</a>#<a href=""http://data.europa.eu/eli/reg/2022/2400/oj"">Regulation (EU) 2022/2400 of the European Parliament and of the Council of 23 November 2022 amending Annexes IV and V to Regulation (EU) 2019/1021</a>","Annex I, part A#Annex IV",12-Nov-2020
"1,2,3-tribromo-4-(2,4-dibromophenoxy)benzene",,621-547-7,182346-21-0,Yes,24-Aug-2010,"<a href=""https://eur-lex.europa.eu/legal-content/EN/TXT/?uri=uriserv:OJ.L_.2010.223.01.0029.01.ENG&toc=OJ:L:2010:223:TOC"">Regulation (EU) No 757/2010 of 24 August 2010 amending Regulation (EC) No 850/2004 as regards as Annexes I and III</a>#<a href=""https://eur-lex.europa.eu/legal-content/EN/TXT/?uri=uriserv:OJ.L_.2014.363.01.0067.01.ENG&toc=OJ:L:2014:363:TOC"">Commission Regulation (EU) No 1342/2014 of 17 December 2014 amending Regulation (EC) No 850/2004  as regards Annexes IV and V</a>#<a href=""https://eur-lex.europa.eu/legal-content/EN/TXT/?uri=uriserv:OJ.L_.2019.169.01.0045.01.ENG&toc=OJ:L:2019:169:TOC"">Regulation (EU) 2019/1021 of the European Parliament and of the Council of 20 June 2019 on persistent organic pollutants</a>#<a href=""http://data.europa.eu/eli/reg/2022/2400/oj"">Regulation (EU) 2022/2400 of the European Parliament and of the Council of 23 November 2022 amending Annexes IV and V to Regulation (EU) 2019/1021</a>","Annex I, part A#Annex IV",12-Nov-2020
Pentachlorophenol and its salts and esters,,-,-,Yes,20-Jun-2019,"<a href=""https://eur-lex.europa.eu/legal-content/EN/TXT/?uri=uriserv:OJ.L_.2019.109.01.0006.01.ENG&toc=OJ:L:2019:109:TOC"">Commission Regulation (EU) 2019/636 of 23 April 2019 amending Annexes IV and V to Regulation (EC) No 850/2004</a>#<a href=""https://eur-lex.europa.eu/legal-content/EN/TXT/?uri=uriserv:OJ.L_.2019.169.01.0045.01.ENG&toc=OJ:L:2019:169:TOC"">Regulation (EU) 2019/1021 of the European Parliament and of the Council of 20 June 2019 on persistent organic pollutants</a>#<a href=""https://eur-lex.europa.eu/eli/reg_del/2021/277/oj"">Commission Delegated Regulation (EU) 2021/277 of 16 December 2020 amending Annex I to Regulation (EU) 2019/1021</a>#<a href=""http://data.europa.eu/eli/reg/2022/2400/oj"">Regulation (EU) 2022/2400 of the European Parliament and of the Council of 23 November 2022 amending Annexes IV and V to Regulation (EU) 2019/1021</a>","Annex I, part A",12-Nov-2020
"Acetic acid, 2,2-dichloro-, 2,3,4,5,6-pentachlorophenyl ester",,-,19745-69-8,Yes,20-Jun-2019,"<a href=""https://eur-lex.europa.eu/legal-content/EN/TXT/?uri=uriserv:OJ.L_.2019.109.01.0006.01.ENG&toc=OJ:L:2019:109:TOC"">Commission Regulation (EU) 2019/636 of 23 April 2019 amending Annexes IV and V to Regulation (EC) No 850/2004</a>#<a href=""https://eur-lex.europa.eu/legal-content/EN/TXT/?uri=uriserv:OJ.L_.2019.169.01.0045.01.ENG&toc=OJ:L:2019:169:TOC"">Regulation (EU) 2019/1021 of the European Parliament and of the Council of 20 June 2019 on persistent organic pollutants</a>#<a href=""https://eur-lex.europa.eu/eli/reg_del/2021/277/oj"">Commission Delegated Regulation (EU) 2021/277 of 16 December 2020 amending Annex I to Regulation (EU) 2019/1021</a>#<a href=""http://data.europa.eu/eli/reg/2022/2400/oj"">Regulation (EU) 2022/2400 of the European Parliament and of the Council of 23 November 2022 amending Annexes IV and V to Regulation (EU) 2019/1021</a>","Annex I, part A",12-Nov-2020
"Carbonic acid, 1,1-dimethylethyl pentachlorophenyl ester",,677-958-7,18942-25-1,Yes,20-Jun-2019,"<a href=""https://eur-lex.europa.eu/legal-content/EN/TXT/?uri=uriserv:OJ.L_.2019.109.01.0006.01.ENG&toc=OJ:L:2019:109:TOC"">Commission Regulation (EU) 2019/636 of 23 April 2019 amending Annexes IV and V to Regulation (EC) No 850/2004</a>#<a href=""https://eur-lex.europa.eu/legal-content/EN/TXT/?uri=uriserv:OJ.L_.2019.169.01.0045.01.ENG&toc=OJ:L:2019:169:TOC"">Regulation (EU) 2019/1021 of the European Parliament and of the Council of 20 June 2019 on persistent organic pollutants</a>#<a href=""https://eur-lex.europa.eu/eli/reg_del/2021/277/oj"">Commission Delegated Regulation (EU) 2021/277 of 16 December 2020 amending Annex I to Regulation (EU) 2019/1021</a>#<a href=""http://data.europa.eu/eli/reg/2022/2400/oj"">Regulation (EU) 2022/2400 of the European Parliament and of the Council of 23 November 2022 amending Annexes IV and V to Regulation (EU) 2019/1021</a>","Annex I, part A",12-Nov-2020
"Acetic acid, 2,2,2-trichloro-, 2,3,4,5,6-pentachlorophenyl ester",,-,2879-60-9,Yes,20-Jun-2019,"<a href=""https://eur-lex.europa.eu/legal-content/EN/TXT/?uri=uriserv:OJ.L_.2019.109.01.0006.01.ENG&toc=OJ:L:2019:109:TOC"">Commission Regulation (EU) 2019/636 of 23 April 2019 amending Annexes IV and V to Regulation (EC) No 850/2004</a>#<a href=""https://eur-lex.europa.eu/legal-content/EN/TXT/?uri=uriserv:OJ.L_.2019.169.01.0045.01.ENG&toc=OJ:L:2019:169:TOC"">Regulation (EU) 2019/1021 of the European Parliament and of the Council of 20 June 2019 on persistent organic pollutants</a>#<a href=""https://eur-lex.europa.eu/eli/reg_del/2021/277/oj"">Commission Delegated Regulation (EU) 2021/277 of 16 December 2020 amending Annex I to Regulation (EU) 2019/1021</a>#<a href=""http://data.europa.eu/eli/reg/2022/2400/oj"">Regulation (EU) 2022/2400 of the European Parliament and of the Council of 23 November 2022 amending Annexes IV and V to Regulation (EU) 2019/1021</a>","Annex I, part A",12-Nov-2020
Sodium pentachlorophenolate,,205-025-2,131-52-2,Yes,20-Jun-2019,"<a href=""https://eur-lex.europa.eu/legal-content/EN/TXT/?uri=uriserv:OJ.L_.2019.109.01.0006.01.ENG&toc=OJ:L:2019:109:TOC"">Commission Regulation (EU) 2019/636 of 23 April 2019 amending Annexes IV and V to Regulation (EC) No 850/2004</a>#<a href=""https://eur-lex.europa.eu/legal-content/EN/TXT/?uri=uriserv:OJ.L_.2019.169.01.0045.01.ENG&toc=OJ:L:2019:169:TOC"">Regulation (EU) 2019/1021 of the European Parliament and of the Council of 20 June 2019 on persistent organic pollutants</a>#<a href=""https://eur-lex.europa.eu/eli/reg_del/2021/277/oj"">Commission Delegated Regulation (EU) 2021/277 of 16 December 2020 amending Annex I to Regulation (EU) 2019/1021</a>#<a href=""http://data.europa.eu/eli/reg/2022/2400/oj"">Regulation (EU) 2022/2400 of the European Parliament and of the Council of 23 November 2022 amending Annexes IV and V to Regulation (EU) 2019/1021</a>","Annex I, part A",12-Nov-2020
Pentachlorophenol,,201-778-6,87-86-5,Yes,20-Jun-2019,"<a href=""https://eur-lex.europa.eu/legal-content/EN/TXT/?uri=uriserv:OJ.L_.2019.109.01.0006.01.ENG&toc=OJ:L:2019:109:TOC"">Commission Regulation (EU) 2019/636 of 23 April 2019 amending Annexes IV and V to Regulation (EC) No 850/2004</a>#<a href=""https://eur-lex.europa.eu/legal-content/EN/TXT/?uri=uriserv:OJ.L_.2019.169.01.0045.01.ENG&toc=OJ:L:2019:169:TOC"">Regulation (EU) 2019/1021 of the European Parliament and of the Council of 20 June 2019 on persistent organic pollutants</a>#<a href=""https://eur-lex.europa.eu/eli/reg_del/2021/277/oj"">Commission Delegated Regulation (EU) 2021/277 of 16 December 2020 amending Annex I to Regulation (EU) 2019/1021</a>#<a href=""http://data.europa.eu/eli/reg/2022/2400/oj"">Regulation (EU) 2022/2400 of the European Parliament and of the Council of 23 November 2022 amending Annexes IV and V to Regulation (EU) 2019/1021</a>","Annex I, part A",12-Nov-2020
Zinc bis(pentachlorophenolate),,220-847-1,2917-32-0,Yes,20-Jun-2019,"<a href=""https://eur-lex.europa.eu/legal-content/EN/TXT/?uri=uriserv:OJ.L_.2019.109.01.0006.01.ENG&toc=OJ:L:2019:109:TOC"">Commission Regulation (EU) 2019/636 of 23 April 2019 amending Annexes IV and V to Regulation (EC) No 850/2004</a>#<a href=""https://eur-lex.europa.eu/legal-content/EN/TXT/?uri=uriserv:OJ.L_.2019.169.01.0045.01.ENG&toc=OJ:L:2019:169:TOC"">Regulation (EU) 2019/1021 of the European Parliament and of the Council of 20 June 2019 on persistent organic pollutants</a>#<a href=""https://eur-lex.europa.eu/eli/reg_del/2021/277/oj"">Commission Delegated Regulation (EU) 2021/277 of 16 December 2020 amending Annex I to Regulation (EU) 2019/1021</a>#<a href=""http://data.europa.eu/eli/reg/2022/2400/oj"">Regulation (EU) 2022/2400 of the European Parliament and of the Council of 23 November 2022 amending Annexes IV and V to Regulation (EU) 2019/1021</a>","Annex I, part A",12-Nov-2020
Potassium pentachlorophenolate,,231-911-3,7778-73-6,Yes,20-Jun-2019,"<a href=""https://eur-lex.europa.eu/legal-content/EN/TXT/?uri=uriserv:OJ.L_.2019.109.01.0006.01.ENG&toc=OJ:L:2019:109:TOC"">Commission Regulation (EU) 2019/636 of 23 April 2019 amending Annexes IV and V to Regulation (EC) No 850/2004</a>#<a href=""https://eur-lex.europa.eu/legal-content/EN/TXT/?uri=uriserv:OJ.L_.2019.169.01.0045.01.ENG&toc=OJ:L:2019:169:TOC"">Regulation (EU) 2019/1021 of the European Parliament and of the Council of 20 June 2019 on persistent organic pollutants</a>#<a href=""https://eur-lex.europa.eu/eli/reg_del/2021/277/oj"">Commission Delegated Regulation (EU) 2021/277 of 16 December 2020 amending Annex I to Regulation (EU) 2019/1021</a>#<a href=""http://data.europa.eu/eli/reg/2022/2400/oj"">Regulation (EU) 2022/2400 of the European Parliament and of the Council of 23 November 2022 amending Annexes IV and V to Regulation (EU) 2019/1021</a>","Annex I, part A",12-Nov-2020
Pentachlorophenyl laurate,,223-220-0,3772-94-9,Yes,20-Jun-2019,"<a href=""https://eur-lex.europa.eu/legal-content/EN/TXT/?uri=uriserv:OJ.L_.2019.109.01.0006.01.ENG&toc=OJ:L:2019:109:TOC"">Commission Regulation (EU) 2019/636 of 23 April 2019 amending Annexes IV and V to Regulation (EC) No 850/2004</a>#<a href=""https://eur-lex.europa.eu/legal-content/EN/TXT/?uri=uriserv:OJ.L_.2019.169.01.0045.01.ENG&toc=OJ:L:2019:169:TOC"">Regulation (EU) 2019/1021 of the European Parliament and of the Council of 20 June 2019 on persistent organic pollutants</a>#<a href=""https://eur-lex.europa.eu/eli/reg_del/2021/277/oj"">Commission Delegated Regulation (EU) 2021/277 of 16 December 2020 amending Annex I to Regulation (EU) 2019/1021</a>#<a href=""http://data.europa.eu/eli/reg/2022/2400/oj"">Regulation (EU) 2022/2400 of the European Parliament and of the Council of 23 November 2022 amending Annexes IV and V to Regulation (EU) 2019/1021</a>","Annex I, part A",12-Nov-2020
Pentachlorophenol esters,,-,-,Yes,20-Jun-2019,"<a href=""https://eur-lex.europa.eu/legal-content/EN/TXT/?uri=uriserv:OJ.L_.2019.109.01.0006.01.ENG&toc=OJ:L:2019:109:TOC"">Commission Regulation (EU) 2019/636 of 23 April 2019 amending Annexes IV and V to Regulation (EC) No 850/2004</a>#<a href=""https://eur-lex.europa.eu/legal-content/EN/TXT/?uri=uriserv:OJ.L_.2019.169.01.0045.01.ENG&toc=OJ:L:2019:169:TOC"">Regulation (EU) 2019/1021 of the European Parliament and of the Council of 20 June 2019 on persistent organic pollutants</a>#<a href=""https://eur-lex.europa.eu/eli/reg_del/2021/277/oj"">Commission Delegated Regulation (EU) 2021/277 of 16 December 2020 amending Annex I to Regulation (EU) 2019/1021</a>#<a href=""http://data.europa.eu/eli/reg/2022/2400/oj"">Regulation (EU) 2022/2400 of the European Parliament and of the Council of 23 November 2022 amending Annexes IV and V to Regulation (EU) 2019/1021</a>","Annex I, part A",12-Nov-2020
Pentachlorophenol salts,,-,-,Yes,20-Jun-2019,"<a href=""https://eur-lex.europa.eu/legal-content/EN/TXT/?uri=uriserv:OJ.L_.2019.109.01.0006.01.ENG&toc=OJ:L:2019:109:TOC"">Commission Regulation (EU) 2019/636 of 23 April 2019 amending Annexes IV and V to Regulation (EC) No 850/2004</a>#<a href=""https://eur-lex.europa.eu/legal-content/EN/TXT/?uri=uriserv:OJ.L_.2019.169.01.0045.01.ENG&toc=OJ:L:2019:169:TOC"">Regulation (EU) 2019/1021 of the European Parliament and of the Council of 20 June 2019 on persistent organic pollutants</a>#<a href=""https://eur-lex.europa.eu/eli/reg_del/2021/277/oj"">Commission Delegated Regulation (EU) 2021/277 of 16 December 2020 amending Annex I to Regulation (EU) 2019/1021</a>#<a href=""http://data.europa.eu/eli/reg/2022/2400/oj"">Regulation (EU) 2022/2400 of the European Parliament and of the Council of 23 November 2022 amending Annexes IV and V to Regulation (EU) 2019/1021</a>","Annex I, part A",12-Nov-2020
Pentachlorophenyl N-[[(4-methoxyphenyl)methoxy]carbonyl]-L-serinate,,245-508-5,23234-97-1,Yes,20-Jun-2019,"<a href=""https://eur-lex.europa.eu/legal-content/EN/TXT/?uri=uriserv:OJ.L_.2019.109.01.0006.01.ENG&toc=OJ:L:2019:109:TOC"">Commission Regulation (EU) 2019/636 of 23 April 2019 amending Annexes IV and V to Regulation (EC) No 850/2004</a>#<a href=""https://eur-lex.europa.eu/legal-content/EN/TXT/?uri=uriserv:OJ.L_.2019.169.01.0045.01.ENG&toc=OJ:L:2019:169:TOC"">Regulation (EU) 2019/1021 of the European Parliament and of the Council of 20 June 2019 on persistent organic pollutants</a>#<a href=""https://eur-lex.europa.eu/eli/reg_del/2021/277/oj"">Commission Delegated Regulation (EU) 2021/277 of 16 December 2020 amending Annex I to Regulation (EU) 2019/1021</a>#<a href=""http://data.europa.eu/eli/reg/2022/2400/oj"">Regulation (EU) 2022/2400 of the European Parliament and of the Council of 23 November 2022 amending Annexes IV and V to Regulation (EU) 2019/1021</a>","Annex I, part A",12-Nov-2020
Perchlorophenyl 5-oxo-L-prolinate,,249-360-2,28990-85-4,Yes,20-Jun-2019,"<a href=""https://eur-lex.europa.eu/legal-content/EN/TXT/?uri=uriserv:OJ.L_.2019.109.01.0006.01.ENG&toc=OJ:L:2019:109:TOC"">Commission Regulation (EU) 2019/636 of 23 April 2019 amending Annexes IV and V to Regulation (EC) No 850/2004</a>#<a href=""https://eur-lex.europa.eu/legal-content/EN/TXT/?uri=uriserv:OJ.L_.2019.169.01.0045.01.ENG&toc=OJ:L:2019:169:TOC"">Regulation (EU) 2019/1021 of the European Parliament and of the Council of 20 June 2019 on persistent organic pollutants</a>#<a href=""https://eur-lex.europa.eu/eli/reg_del/2021/277/oj"">Commission Delegated Regulation (EU) 2021/277 of 16 December 2020 amending Annex I to Regulation (EU) 2019/1021</a>#<a href=""http://data.europa.eu/eli/reg/2022/2400/oj"">Regulation (EU) 2022/2400 of the European Parliament and of the Council of 23 November 2022 amending Annexes IV and V to Regulation (EU) 2019/1021</a>","Annex I, part A",12-Nov-2020
Perchlorophenyl S-benzyl-N-(benzyloxycarbonyl)-L-cysteinate,,237-157-1,13673-54-6,Yes,20-Jun-2019,"<a href=""https://eur-lex.europa.eu/legal-content/EN/TXT/?uri=uriserv:OJ.L_.2019.109.01.0006.01.ENG&toc=OJ:L:2019:109:TOC"">Commission Regulation (EU) 2019/636 of 23 April 2019 amending Annexes IV and V to Regulation (EC) No 850/2004</a>#<a href=""https://eur-lex.europa.eu/legal-content/EN/TXT/?uri=uriserv:OJ.L_.2019.169.01.0045.01.ENG&toc=OJ:L:2019:169:TOC"">Regulation (EU) 2019/1021 of the European Parliament and of the Council of 20 June 2019 on persistent organic pollutants</a>#<a href=""https://eur-lex.europa.eu/eli/reg_del/2021/277/oj"">Commission Delegated Regulation (EU) 2021/277 of 16 December 2020 amending Annex I to Regulation (EU) 2019/1021</a>#<a href=""http://data.europa.eu/eli/reg/2022/2400/oj"">Regulation (EU) 2022/2400 of the European Parliament and of the Council of 23 November 2022 amending Annexes IV and V to Regulation (EU) 2019/1021</a>","Annex I, part A",12-Nov-2020
N2-benzyl pentachlorophenyl N2-carboxy-L-(2-aminoglutaramate),,237-155-0,13673-51-3,Yes,20-Jun-2019,"<a href=""https://eur-lex.europa.eu/legal-content/EN/TXT/?uri=uriserv:OJ.L_.2019.109.01.0006.01.ENG&toc=OJ:L:2019:109:TOC"">Commission Regulation (EU) 2019/636 of 23 April 2019 amending Annexes IV and V to Regulation (EC) No 850/2004</a>#<a href=""https://eur-lex.europa.eu/legal-content/EN/TXT/?uri=uriserv:OJ.L_.2019.169.01.0045.01.ENG&toc=OJ:L:2019:169:TOC"">Regulation (EU) 2019/1021 of the European Parliament and of the Council of 20 June 2019 on persistent organic pollutants</a>#<a href=""https://eur-lex.europa.eu/eli/reg_del/2021/277/oj"">Commission Delegated Regulation (EU) 2021/277 of 16 December 2020 amending Annex I to Regulation (EU) 2019/1021</a>#<a href=""http://data.europa.eu/eli/reg/2022/2400/oj"">Regulation (EU) 2022/2400 of the European Parliament and of the Council of 23 November 2022 amending Annexes IV and V to Regulation (EU) 2019/1021</a>","Annex I, part A",12-Nov-2020
Perchlorophenyl N-(benzyloxycarbonyl)-L-isoleucinate,,237-156-6,13673-53-5,Yes,20-Jun-2019,"<a href=""https://eur-lex.europa.eu/legal-content/EN/TXT/?uri=uriserv:OJ.L_.2019.109.01.0006.01.ENG&toc=OJ:L:2019:109:TOC"">Commission Regulation (EU) 2019/636 of 23 April 2019 amending Annexes IV and V to Regulation (EC) No 850/2004</a>#<a href=""https://eur-lex.europa.eu/legal-content/EN/TXT/?uri=uriserv:OJ.L_.2019.169.01.0045.01.ENG&toc=OJ:L:2019:169:TOC"">Regulation (EU) 2019/1021 of the European Parliament and of the Council of 20 June 2019 on persistent organic pollutants</a>#<a href=""https://eur-lex.europa.eu/eli/reg_del/2021/277/oj"">Commission Delegated Regulation (EU) 2021/277 of 16 December 2020 amending Annex I to Regulation (EU) 2019/1021</a>#<a href=""http://data.europa.eu/eli/reg/2022/2400/oj"">Regulation (EU) 2022/2400 of the European Parliament and of the Council of 23 November 2022 amending Annexes IV and V to Regulation (EU) 2019/1021</a>","Annex I, part A",12-Nov-2020
"Perfluorohexane-1-sulphonic acid, its salts and related substances",,-,-,Yes,29-Dec-2022,"<a href=""http://data.europa.eu/eli/reg/2022/2400/oj"">Regulation (EU) 2022/2400 of the European Parliament and of the Council of 23 November 2022 amending Annexes IV and V to Regulation (EU) 2019/1021</a>#<a href=""http://data.europa.eu/eli/reg_del/2023/1608/oj"">Commission Delegated Regulation (EU) 2023/1608 of 30 May 2023 amending Annex I to Regulation (EU) 2019/1021 as regards the listing of perfluorohexane sulfonic acid (PFHxS), its salts and PFHxS-related compounds</a>","Annex I, part A#Annex IV",23-Jan-2023
Perfluorohexane-1-sulphonic acid,,206-587-1,355-46-4,Yes,29-Dec-2022,"<a href=""http://data.europa.eu/eli/reg/2022/2400/oj"">Regulation (EU) 2022/2400 of the European Parliament and of the Council of 23 November 2022 amending Annexes IV and V to Regulation (EU) 2019/1021</a>#<a href=""http://data.europa.eu/eli/reg_del/2023/1608/oj"">Commission Delegated Regulation (EU) 2023/1608 of 30 May 2023 amending Annex I to Regulation (EU) 2019/1021 as regards the listing of perfluorohexane sulfonic acid (PFHxS), its salts and PFHxS-related compounds</a>","Annex I, part A#Annex IV",23-Jan-2023
"Sulfonium, [4-[(2-methyl-1-oxo-2-propenyl)oxy]phenyl]diphenyl-, salt with 1,1,2,2,3,3,4,4,5,5,6,6,6-tridecafluoro-1-hexanesulfonic acid (1:1), polymer with 2-ethyltricyclo[3.3.1.13,7]dec-2-yl 2-methyl-2-propenoate, 3-hydroxytricyclo[3.3.1.13,7]dec-1-yl 2-methyl-2-propenoate and tetrahydro-2-oxo-3-furanyl 2-methyl-2-propenoate",,-,911027-69-5,Yes,29-Dec-2022,"<a href=""http://data.europa.eu/eli/reg/2022/2400/oj"">Regulation (EU) 2022/2400 of the European Parliament and of the Council of 23 November 2022 amending Annexes IV and V to Regulation (EU) 2019/1021</a>#<a href=""http://data.europa.eu/eli/reg_del/2023/1608/oj"">Commission Delegated Regulation (EU) 2023/1608 of 30 May 2023 amending Annex I to Regulation (EU) 2019/1021 as regards the listing of perfluorohexane sulfonic acid (PFHxS), its salts and PFHxS-related compounds</a>","Annex I, part A#Annex IV",23-Jan-2023
"Tridecafluorohexanesulphonic acid, compound with 2,2'-iminodiethanol (1:1)",,274-462-9,70225-16-0,Yes,29-Dec-2022,"<a href=""http://data.europa.eu/eli/reg/2022/2400/oj"">Regulation (EU) 2022/2400 of the European Parliament and of the Council of 23 November 2022 amending Annexes IV and V to Regulation (EU) 2019/1021</a>#<a href=""http://data.europa.eu/eli/reg_del/2023/1608/oj"">Commission Delegated Regulation (EU) 2023/1608 of 30 May 2023 amending Annex I to Regulation (EU) 2019/1021 as regards the listing of perfluorohexane sulfonic acid (PFHxS), its salts and PFHxS-related compounds</a>","Annex I, part A#Annex IV",23-Jan-2023
"1-Hexanesulfonic acid, 1,1,2,2,3,3,4,4,5,5,6,6,6-tridecafluoro-, zinc salt",,-,70136-72-0,Yes,29-Dec-2022,"<a href=""http://data.europa.eu/eli/reg/2022/2400/oj"">Regulation (EU) 2022/2400 of the European Parliament and of the Council of 23 November 2022 amending Annexes IV and V to Regulation (EU) 2019/1021</a>#<a href=""http://data.europa.eu/eli/reg_del/2023/1608/oj"">Commission Delegated Regulation (EU) 2023/1608 of 30 May 2023 amending Annex I to Regulation (EU) 2019/1021 as regards the listing of perfluorohexane sulfonic acid (PFHxS), its salts and PFHxS-related compounds</a>","Annex I, part A#Annex IV",23-Jan-2023
Potassium perfluorohexane-1-sulphonate,,223-393-2,3871-99-6,Yes,29-Dec-2022,"<a href=""http://data.europa.eu/eli/reg/2022/2400/oj"">Regulation (EU) 2022/2400 of the European Parliament and of the Council of 23 November 2022 amending Annexes IV and V to Regulation (EU) 2019/1021</a>#<a href=""http://data.europa.eu/eli/reg_del/2023/1608/oj"">Commission Delegated Regulation (EU) 2023/1608 of 30 May 2023 amending Annex I to Regulation (EU) 2019/1021 as regards the listing of perfluorohexane sulfonic acid (PFHxS), its salts and PFHxS-related compounds</a>","Annex I, part A#Annex IV",23-Jan-2023
Ammonium perfluorohexane-1-sulphonate,,269-511-6,68259-08-5,Yes,29-Dec-2022,"<a href=""http://data.europa.eu/eli/reg/2022/2400/oj"">Regulation (EU) 2022/2400 of the European Parliament and of the Council of 23 November 2022 amending Annexes IV and V to Regulation (EU) 2019/1021</a>#<a href=""http://data.europa.eu/eli/reg_del/2023/1608/oj"">Commission Delegated Regulation (EU) 2023/1608 of 30 May 2023 amending Annex I to Regulation (EU) 2019/1021 as regards the listing of perfluorohexane sulfonic acid (PFHxS), its salts and PFHxS-related compounds</a>","Annex I, part A#Annex IV",23-Jan-2023
"Perfluorooctane sulfonates (PFOS) C8F17SO2X (X = OH, Metal salt (O-M+), halide, amide, and other derivatives including polymers)",,-,-,Yes,24-Aug-2010,"<a href=""https://eur-lex.europa.eu/legal-content/EN/TXT/?uri=uriserv:OJ.L_.2010.223.01.0029.01.ENG&toc=OJ:L:2010:223:TOC"">Regulation (EU) No 757/2010 of 24 August 2010 amending Regulation (EC) No 850/2004 as regards as Annexes I and III</a>#<a href=""https://eur-lex.europa.eu/legal-content/EN/TXT/?uri=uriserv:OJ.L_.2014.363.01.0067.01.ENG&toc=OJ:L:2014:363:TOC"">Commission Regulation (EU) No 1342/2014 of 17 December 2014 amending Regulation (EC) No 850/2004  as regards Annexes IV and V</a>#<a href=""https://eur-lex.europa.eu/legal-content/EN/TXT/?uri=uriserv:OJ.L_.2019.169.01.0045.01.ENG&toc=OJ:L:2019:169:TOC"">Regulation (EU) 2019/1021 of the European Parliament and of the Council of 20 June 2019 on persistent organic pollutants</a>#<a href=""https://eur-lex.europa.eu/eli/reg_del/2020/1203/oj"">Commission Delegated Regulation (EU) 2020/1203 of 9 June 2020 amending Annex I to Regulation (EU) 2019/1021 of the European Parliament and of the Council as regards the entry for perfluorooctane sulfonic acid and its derivatives (PFOS)</a>","Annex I, part A#Annex IV",12-Nov-2020
"perfluorooctanoic acid (PFOA), its salts and PFOA-related substances",,-,-,Yes,15-Jun-2020,"<a href=""https://eur-lex.europa.eu/eli/reg_del/2020/784/oj"">Commission Delegated Regulation (EU) 2020/784 of 8 April 2020 amending Annex I to Regulation (EU) 2019/1021 of the European Parliament and of the Council as regards the listing of perfluorooctanoic acid (PFOA), its salts and PFOA-related compounds</a>#<a href=""https://eur-lex.europa.eu/legal-content/EN/TXT/?uri=uriserv:OJ.L_.2020.220.01.0011.01.ENG&toc=OJ:L:2020:220:TOC"">Corrigendum to Commission Delegated Regulation (EU) 2020/784 of 8 April 2020 amending Annex I to Regulation (EU) 2019/1021</a>#<a href=""https://eur-lex.europa.eu/eli/reg_del/2021/115/oj"">Commission Delegated Regulation (EU) 2021/115 of 27 November 2020 amending Annex I to Regulation (EU) 2019/1021</a>#<a href=""http://data.europa.eu/eli/reg/2022/2400/oj"">Regulation (EU) 2022/2400 of the European Parliament and of the Council of 23 November 2022 amending Annexes IV and V to Regulation (EU) 2019/1021</a>#<a href=""http://data.europa.eu/eli/reg_del/2023/866/oj"">Commission Delegated Regulation (EU) 2023/866 of 24 February 2023 amending Regulation (EU) 2019/1021 of the European Parliament and of the Council as regards perfluorooctanoic acid (PFOA), its salts and PFOA-related compounds</a>","Annex I, part A#Annex IV",12-Nov-2020
"4,4,5,5,6,6,7,7,8,8,9,9,10,10,11,11,12,12,13,13,14,14,15,15,16,17,17,17-octacosafluoro-2-hydroxy-16-(trifluoromethyl)heptadecyl acrylate",,240-236-3,16083-78-6,Yes,15-Jun-2020,"<a href=""https://eur-lex.europa.eu/eli/reg_del/2020/784/oj"">Commission Delegated Regulation (EU) 2020/784 of 8 April 2020 amending Annex I to Regulation (EU) 2019/1021 of the European Parliament and of the Council as regards the listing of perfluorooctanoic acid (PFOA), its salts and PFOA-related compounds</a>#<a href=""https://eur-lex.europa.eu/legal-content/EN/TXT/?uri=uriserv:OJ.L_.2020.220.01.0011.01.ENG&toc=OJ:L:2020:220:TOC"">Corrigendum to Commission Delegated Regulation (EU) 2020/784 of 8 April 2020 amending Annex I to Regulation (EU) 2019/1021</a>#<a href=""https://eur-lex.europa.eu/eli/reg_del/2021/115/oj"">Commission Delegated Regulation (EU) 2021/115 of 27 November 2020 amending Annex I to Regulation (EU) 2019/1021</a>#<a href=""http://data.europa.eu/eli/reg/2022/2400/oj"">Regulation (EU) 2022/2400 of the European Parliament and of the Council of 23 November 2022 amending Annexes IV and V to Regulation (EU) 2019/1021</a>#<a href=""http://data.europa.eu/eli/reg_del/2023/866/oj"">Commission Delegated Regulation (EU) 2023/866 of 24 February 2023 amending Regulation (EU) 2019/1021 of the European Parliament and of the Council as regards perfluorooctanoic acid (PFOA), its salts and PFOA-related compounds</a>","Annex I, part A#Annex IV",12-Nov-2020
"4,4,5,5,6,6,7,7,8,8,9,9,10,10,11,11,12,12,13,13,14,15,15,15-tetracosafluoro-2-hydroxy-14-(trifluoromethyl)pentadecyl acrylate",,240-237-9,16083-87-7,Yes,15-Jun-2020,"<a href=""https://eur-lex.europa.eu/eli/reg_del/2020/784/oj"">Commission Delegated Regulation (EU) 2020/784 of 8 April 2020 amending Annex I to Regulation (EU) 2019/1021 of the European Parliament and of the Council as regards the listing of perfluorooctanoic acid (PFOA), its salts and PFOA-related compounds</a>#<a href=""https://eur-lex.europa.eu/legal-content/EN/TXT/?uri=uriserv:OJ.L_.2020.220.01.0011.01.ENG&toc=OJ:L:2020:220:TOC"">Corrigendum to Commission Delegated Regulation (EU) 2020/784 of 8 April 2020 amending Annex I to Regulation (EU) 2019/1021</a>#<a href=""https://eur-lex.europa.eu/eli/reg_del/2021/115/oj"">Commission Delegated Regulation (EU) 2021/115 of 27 November 2020 amending Annex I to Regulation (EU) 2019/1021</a>#<a href=""http://data.europa.eu/eli/reg/2022/2400/oj"">Regulation (EU) 2022/2400 of the European Parliament and of the Council of 23 November 2022 amending Annexes IV and V to Regulation (EU) 2019/1021</a>#<a href=""http://data.europa.eu/eli/reg_del/2023/866/oj"">Commission Delegated Regulation (EU) 2023/866 of 24 February 2023 amending Regulation (EU) 2019/1021 of the European Parliament and of the Council as regards perfluorooctanoic acid (PFOA), its salts and PFOA-related compounds</a>","Annex I, part A#Annex IV",12-Nov-2020
"3,3,4,4,5,5,6,6,7,7,8,8,9,9,10,10,11,11,12,12,12-henicosafluorododecyl acrylate",,241-732-2,17741-60-5,Yes,15-Jun-2020,"<a href=""https://eur-lex.europa.eu/eli/reg_del/2020/784/oj"">Commission Delegated Regulation (EU) 2020/784 of 8 April 2020 amending Annex I to Regulation (EU) 2019/1021 of the European Parliament and of the Council as regards the listing of perfluorooctanoic acid (PFOA), its salts and PFOA-related compounds</a>#<a href=""https://eur-lex.europa.eu/legal-content/EN/TXT/?uri=uriserv:OJ.L_.2020.220.01.0011.01.ENG&toc=OJ:L:2020:220:TOC"">Corrigendum to Commission Delegated Regulation (EU) 2020/784 of 8 April 2020 amending Annex I to Regulation (EU) 2019/1021</a>#<a href=""https://eur-lex.europa.eu/eli/reg_del/2021/115/oj"">Commission Delegated Regulation (EU) 2021/115 of 27 November 2020 amending Annex I to Regulation (EU) 2019/1021</a>#<a href=""http://data.europa.eu/eli/reg/2022/2400/oj"">Regulation (EU) 2022/2400 of the European Parliament and of the Council of 23 November 2022 amending Annexes IV and V to Regulation (EU) 2019/1021</a>#<a href=""http://data.europa.eu/eli/reg_del/2023/866/oj"">Commission Delegated Regulation (EU) 2023/866 of 24 February 2023 amending Regulation (EU) 2019/1021 of the European Parliament and of the Council as regards perfluorooctanoic acid (PFOA), its salts and PFOA-related compounds</a>","Annex I, part A#Annex IV",12-Nov-2020
1-bromohenicosafluorodecane,,206-201-1,307-43-7,Yes,15-Jun-2020,"<a href=""https://eur-lex.europa.eu/eli/reg_del/2020/784/oj"">Commission Delegated Regulation (EU) 2020/784 of 8 April 2020 amending Annex I to Regulation (EU) 2019/1021 of the European Parliament and of the Council as regards the listing of perfluorooctanoic acid (PFOA), its salts and PFOA-related compounds</a>#<a href=""https://eur-lex.europa.eu/legal-content/EN/TXT/?uri=uriserv:OJ.L_.2020.220.01.0011.01.ENG&toc=OJ:L:2020:220:TOC"">Corrigendum to Commission Delegated Regulation (EU) 2020/784 of 8 April 2020 amending Annex I to Regulation (EU) 2019/1021</a>#<a href=""https://eur-lex.europa.eu/eli/reg_del/2021/115/oj"">Commission Delegated Regulation (EU) 2021/115 of 27 November 2020 amending Annex I to Regulation (EU) 2019/1021</a>#<a href=""http://data.europa.eu/eli/reg/2022/2400/oj"">Regulation (EU) 2022/2400 of the European Parliament and of the Council of 23 November 2022 amending Annexes IV and V to Regulation (EU) 2019/1021</a>#<a href=""http://data.europa.eu/eli/reg_del/2023/866/oj"">Commission Delegated Regulation (EU) 2023/866 of 24 February 2023 amending Regulation (EU) 2019/1021 of the European Parliament and of the Council as regards perfluorooctanoic acid (PFOA), its salts and PFOA-related compounds</a>","Annex I, part A#Annex IV",12-Nov-2020
"1,1,1,2,2,3,3,4,4,5,5,6,6,7,7,8,8,9,9,10,10,11,11,12,12-pentacosafluoro-12-iodododecane",,206-205-3,307-60-8,Yes,15-Jun-2020,"<a href=""https://eur-lex.europa.eu/eli/reg_del/2020/784/oj"">Commission Delegated Regulation (EU) 2020/784 of 8 April 2020 amending Annex I to Regulation (EU) 2019/1021 of the European Parliament and of the Council as regards the listing of perfluorooctanoic acid (PFOA), its salts and PFOA-related compounds</a>#<a href=""https://eur-lex.europa.eu/legal-content/EN/TXT/?uri=uriserv:OJ.L_.2020.220.01.0011.01.ENG&toc=OJ:L:2020:220:TOC"">Corrigendum to Commission Delegated Regulation (EU) 2020/784 of 8 April 2020 amending Annex I to Regulation (EU) 2019/1021</a>#<a href=""https://eur-lex.europa.eu/eli/reg_del/2021/115/oj"">Commission Delegated Regulation (EU) 2021/115 of 27 November 2020 amending Annex I to Regulation (EU) 2019/1021</a>#<a href=""http://data.europa.eu/eli/reg/2022/2400/oj"">Regulation (EU) 2022/2400 of the European Parliament and of the Council of 23 November 2022 amending Annexes IV and V to Regulation (EU) 2019/1021</a>#<a href=""http://data.europa.eu/eli/reg_del/2023/866/oj"">Commission Delegated Regulation (EU) 2023/866 of 24 February 2023 amending Regulation (EU) 2019/1021 of the European Parliament and of the Council as regards perfluorooctanoic acid (PFOA), its salts and PFOA-related compounds</a>","Annex I, part A#Annex IV",12-Nov-2020
Nonacosafluoro-1-iodotetradecane,,206-207-4,307-63-1,Yes,15-Jun-2020,"<a href=""https://eur-lex.europa.eu/eli/reg_del/2020/784/oj"">Commission Delegated Regulation (EU) 2020/784 of 8 April 2020 amending Annex I to Regulation (EU) 2019/1021 of the European Parliament and of the Council as regards the listing of perfluorooctanoic acid (PFOA), its salts and PFOA-related compounds</a>#<a href=""https://eur-lex.europa.eu/legal-content/EN/TXT/?uri=uriserv:OJ.L_.2020.220.01.0011.01.ENG&toc=OJ:L:2020:220:TOC"">Corrigendum to Commission Delegated Regulation (EU) 2020/784 of 8 April 2020 amending Annex I to Regulation (EU) 2019/1021</a>#<a href=""https://eur-lex.europa.eu/eli/reg_del/2021/115/oj"">Commission Delegated Regulation (EU) 2021/115 of 27 November 2020 amending Annex I to Regulation (EU) 2019/1021</a>#<a href=""http://data.europa.eu/eli/reg/2022/2400/oj"">Regulation (EU) 2022/2400 of the European Parliament and of the Council of 23 November 2022 amending Annexes IV and V to Regulation (EU) 2019/1021</a>#<a href=""http://data.europa.eu/eli/reg_del/2023/866/oj"">Commission Delegated Regulation (EU) 2023/866 of 24 February 2023 amending Regulation (EU) 2019/1021 of the European Parliament and of the Council as regards perfluorooctanoic acid (PFOA), its salts and PFOA-related compounds</a>","Annex I, part A#Annex IV",12-Nov-2020
Pentadecafluorooctyl fluoride,,206-396-3,335-66-0,Yes,15-Jun-2020,"<a href=""https://eur-lex.europa.eu/eli/reg_del/2020/784/oj"">Commission Delegated Regulation (EU) 2020/784 of 8 April 2020 amending Annex I to Regulation (EU) 2019/1021 of the European Parliament and of the Council as regards the listing of perfluorooctanoic acid (PFOA), its salts and PFOA-related compounds</a>#<a href=""https://eur-lex.europa.eu/legal-content/EN/TXT/?uri=uriserv:OJ.L_.2020.220.01.0011.01.ENG&toc=OJ:L:2020:220:TOC"">Corrigendum to Commission Delegated Regulation (EU) 2020/784 of 8 April 2020 amending Annex I to Regulation (EU) 2019/1021</a>#<a href=""https://eur-lex.europa.eu/eli/reg_del/2021/115/oj"">Commission Delegated Regulation (EU) 2021/115 of 27 November 2020 amending Annex I to Regulation (EU) 2019/1021</a>#<a href=""http://data.europa.eu/eli/reg/2022/2400/oj"">Regulation (EU) 2022/2400 of the European Parliament and of the Council of 23 November 2022 amending Annexes IV and V to Regulation (EU) 2019/1021</a>#<a href=""http://data.europa.eu/eli/reg_del/2023/866/oj"">Commission Delegated Regulation (EU) 2023/866 of 24 February 2023 amending Regulation (EU) 2019/1021 of the European Parliament and of the Council as regards perfluorooctanoic acid (PFOA), its salts and PFOA-related compounds</a>","Annex I, part A#Annex IV",12-Nov-2020
Pentadecafluorooctanoic acid,,206-397-9,335-67-1,Yes,15-Jun-2020,"<a href=""https://eur-lex.europa.eu/eli/reg_del/2020/784/oj"">Commission Delegated Regulation (EU) 2020/784 of 8 April 2020 amending Annex I to Regulation (EU) 2019/1021 of the European Parliament and of the Council as regards the listing of perfluorooctanoic acid (PFOA), its salts and PFOA-related compounds</a>#<a href=""https://eur-lex.europa.eu/legal-content/EN/TXT/?uri=uriserv:OJ.L_.2020.220.01.0011.01.ENG&toc=OJ:L:2020:220:TOC"">Corrigendum to Commission Delegated Regulation (EU) 2020/784 of 8 April 2020 amending Annex I to Regulation (EU) 2019/1021</a>#<a href=""https://eur-lex.europa.eu/eli/reg_del/2021/115/oj"">Commission Delegated Regulation (EU) 2021/115 of 27 November 2020 amending Annex I to Regulation (EU) 2019/1021</a>#<a href=""http://data.europa.eu/eli/reg/2022/2400/oj"">Regulation (EU) 2022/2400 of the European Parliament and of the Council of 23 November 2022 amending Annexes IV and V to Regulation (EU) 2019/1021</a>#<a href=""http://data.europa.eu/eli/reg_del/2023/866/oj"">Commission Delegated Regulation (EU) 2023/866 of 24 February 2023 amending Regulation (EU) 2019/1021 of the European Parliament and of the Council as regards perfluorooctanoic acid (PFOA), its salts and PFOA-related compounds</a>","Annex I, part A#Annex IV",12-Nov-2020
Silver(1+) perfluorooctanoate,,206-402-4,335-93-3,Yes,15-Jun-2020,"<a href=""https://eur-lex.europa.eu/eli/reg_del/2020/784/oj"">Commission Delegated Regulation (EU) 2020/784 of 8 April 2020 amending Annex I to Regulation (EU) 2019/1021 of the European Parliament and of the Council as regards the listing of perfluorooctanoic acid (PFOA), its salts and PFOA-related compounds</a>#<a href=""https://eur-lex.europa.eu/legal-content/EN/TXT/?uri=uriserv:OJ.L_.2020.220.01.0011.01.ENG&toc=OJ:L:2020:220:TOC"">Corrigendum to Commission Delegated Regulation (EU) 2020/784 of 8 April 2020 amending Annex I to Regulation (EU) 2019/1021</a>#<a href=""https://eur-lex.europa.eu/eli/reg_del/2021/115/oj"">Commission Delegated Regulation (EU) 2021/115 of 27 November 2020 amending Annex I to Regulation (EU) 2019/1021</a>#<a href=""http://data.europa.eu/eli/reg/2022/2400/oj"">Regulation (EU) 2022/2400 of the European Parliament and of the Council of 23 November 2022 amending Annexes IV and V to Regulation (EU) 2019/1021</a>#<a href=""http://data.europa.eu/eli/reg_del/2023/866/oj"">Commission Delegated Regulation (EU) 2023/866 of 24 February 2023 amending Regulation (EU) 2019/1021 of the European Parliament and of the Council as regards perfluorooctanoic acid (PFOA), its salts and PFOA-related compounds</a>","Annex I, part A#Annex IV",12-Nov-2020
Sodium pentadecafluorooctanoate,,206-404-5,335-95-5,Yes,15-Jun-2020,"<a href=""https://eur-lex.europa.eu/eli/reg_del/2020/784/oj"">Commission Delegated Regulation (EU) 2020/784 of 8 April 2020 amending Annex I to Regulation (EU) 2019/1021 of the European Parliament and of the Council as regards the listing of perfluorooctanoic acid (PFOA), its salts and PFOA-related compounds</a>#<a href=""https://eur-lex.europa.eu/legal-content/EN/TXT/?uri=uriserv:OJ.L_.2020.220.01.0011.01.ENG&toc=OJ:L:2020:220:TOC"">Corrigendum to Commission Delegated Regulation (EU) 2020/784 of 8 April 2020 amending Annex I to Regulation (EU) 2019/1021</a>#<a href=""https://eur-lex.europa.eu/eli/reg_del/2021/115/oj"">Commission Delegated Regulation (EU) 2021/115 of 27 November 2020 amending Annex I to Regulation (EU) 2019/1021</a>#<a href=""http://data.europa.eu/eli/reg/2022/2400/oj"">Regulation (EU) 2022/2400 of the European Parliament and of the Council of 23 November 2022 amending Annexes IV and V to Regulation (EU) 2019/1021</a>#<a href=""http://data.europa.eu/eli/reg_del/2023/866/oj"">Commission Delegated Regulation (EU) 2023/866 of 24 February 2023 amending Regulation (EU) 2019/1021 of the European Parliament and of the Council as regards perfluorooctanoic acid (PFOA), its salts and PFOA-related compounds</a>","Annex I, part A#Annex IV",12-Nov-2020
Methyl perfluorooctanoate,,206-808-1,376-27-2,Yes,15-Jun-2020,"<a href=""https://eur-lex.europa.eu/eli/reg_del/2020/784/oj"">Commission Delegated Regulation (EU) 2020/784 of 8 April 2020 amending Annex I to Regulation (EU) 2019/1021 of the European Parliament and of the Council as regards the listing of perfluorooctanoic acid (PFOA), its salts and PFOA-related compounds</a>#<a href=""https://eur-lex.europa.eu/legal-content/EN/TXT/?uri=uriserv:OJ.L_.2020.220.01.0011.01.ENG&toc=OJ:L:2020:220:TOC"">Corrigendum to Commission Delegated Regulation (EU) 2020/784 of 8 April 2020 amending Annex I to Regulation (EU) 2019/1021</a>#<a href=""https://eur-lex.europa.eu/eli/reg_del/2021/115/oj"">Commission Delegated Regulation (EU) 2021/115 of 27 November 2020 amending Annex I to Regulation (EU) 2019/1021</a>#<a href=""http://data.europa.eu/eli/reg/2022/2400/oj"">Regulation (EU) 2022/2400 of the European Parliament and of the Council of 23 November 2022 amending Annexes IV and V to Regulation (EU) 2019/1021</a>#<a href=""http://data.europa.eu/eli/reg_del/2023/866/oj"">Commission Delegated Regulation (EU) 2023/866 of 24 February 2023 amending Regulation (EU) 2019/1021 of the European Parliament and of the Council as regards perfluorooctanoic acid (PFOA), its salts and PFOA-related compounds</a>","Annex I, part A#Annex IV",12-Nov-2020
Henicosafluoro-10-iododecane,,207-030-5,423-62-1,Yes,15-Jun-2020,"<a href=""https://eur-lex.europa.eu/eli/reg_del/2020/784/oj"">Commission Delegated Regulation (EU) 2020/784 of 8 April 2020 amending Annex I to Regulation (EU) 2019/1021 of the European Parliament and of the Council as regards the listing of perfluorooctanoic acid (PFOA), its salts and PFOA-related compounds</a>#<a href=""https://eur-lex.europa.eu/legal-content/EN/TXT/?uri=uriserv:OJ.L_.2020.220.01.0011.01.ENG&toc=OJ:L:2020:220:TOC"">Corrigendum to Commission Delegated Regulation (EU) 2020/784 of 8 April 2020 amending Annex I to Regulation (EU) 2019/1021</a>#<a href=""https://eur-lex.europa.eu/eli/reg_del/2021/115/oj"">Commission Delegated Regulation (EU) 2021/115 of 27 November 2020 amending Annex I to Regulation (EU) 2019/1021</a>#<a href=""http://data.europa.eu/eli/reg/2022/2400/oj"">Regulation (EU) 2022/2400 of the European Parliament and of the Council of 23 November 2022 amending Annexes IV and V to Regulation (EU) 2019/1021</a>#<a href=""http://data.europa.eu/eli/reg_del/2023/866/oj"">Commission Delegated Regulation (EU) 2023/866 of 24 February 2023 amending Regulation (EU) 2019/1021 of the European Parliament and of the Council as regards perfluorooctanoic acid (PFOA), its salts and PFOA-related compounds</a>","Annex I, part A#Annex IV",12-Nov-2020
"Bis[3,3,4,4,5,5,6,6,7,7,8,8,9,9,10,10,11,11,12,12,12-henicosafluorododecyl] hydrogen phosphate",,217-585-5,1895-26-7,Yes,15-Jun-2020,"<a href=""https://eur-lex.europa.eu/eli/reg_del/2020/784/oj"">Commission Delegated Regulation (EU) 2020/784 of 8 April 2020 amending Annex I to Regulation (EU) 2019/1021 of the European Parliament and of the Council as regards the listing of perfluorooctanoic acid (PFOA), its salts and PFOA-related compounds</a>#<a href=""https://eur-lex.europa.eu/legal-content/EN/TXT/?uri=uriserv:OJ.L_.2020.220.01.0011.01.ENG&toc=OJ:L:2020:220:TOC"">Corrigendum to Commission Delegated Regulation (EU) 2020/784 of 8 April 2020 amending Annex I to Regulation (EU) 2019/1021</a>#<a href=""https://eur-lex.europa.eu/eli/reg_del/2021/115/oj"">Commission Delegated Regulation (EU) 2021/115 of 27 November 2020 amending Annex I to Regulation (EU) 2019/1021</a>#<a href=""http://data.europa.eu/eli/reg/2022/2400/oj"">Regulation (EU) 2022/2400 of the European Parliament and of the Council of 23 November 2022 amending Annexes IV and V to Regulation (EU) 2019/1021</a>#<a href=""http://data.europa.eu/eli/reg_del/2023/866/oj"">Commission Delegated Regulation (EU) 2023/866 of 24 February 2023 amending Regulation (EU) 2019/1021 of the European Parliament and of the Council as regards perfluorooctanoic acid (PFOA), its salts and PFOA-related compounds</a>","Annex I, part A#Annex IV",12-Nov-2020
"3,3,4,4,5,5,6,6,7,7,8,8,9,9,10,10,10-heptadecafluorodecyl methacrylate",,217-877-2,1996-88-9,Yes,15-Jun-2020,"<a href=""https://eur-lex.europa.eu/eli/reg_del/2020/784/oj"">Commission Delegated Regulation (EU) 2020/784 of 8 April 2020 amending Annex I to Regulation (EU) 2019/1021 of the European Parliament and of the Council as regards the listing of perfluorooctanoic acid (PFOA), its salts and PFOA-related compounds</a>#<a href=""https://eur-lex.europa.eu/legal-content/EN/TXT/?uri=uriserv:OJ.L_.2020.220.01.0011.01.ENG&toc=OJ:L:2020:220:TOC"">Corrigendum to Commission Delegated Regulation (EU) 2020/784 of 8 April 2020 amending Annex I to Regulation (EU) 2019/1021</a>#<a href=""https://eur-lex.europa.eu/eli/reg_del/2021/115/oj"">Commission Delegated Regulation (EU) 2021/115 of 27 November 2020 amending Annex I to Regulation (EU) 2019/1021</a>#<a href=""http://data.europa.eu/eli/reg/2022/2400/oj"">Regulation (EU) 2022/2400 of the European Parliament and of the Council of 23 November 2022 amending Annexes IV and V to Regulation (EU) 2019/1021</a>#<a href=""http://data.europa.eu/eli/reg_del/2023/866/oj"">Commission Delegated Regulation (EU) 2023/866 of 24 February 2023 amending Regulation (EU) 2019/1021 of the European Parliament and of the Council as regards perfluorooctanoic acid (PFOA), its salts and PFOA-related compounds</a>","Annex I, part A#Annex IV",12-Nov-2020
"1,1,1,2,2,3,3,4,4,5,5,6,6,7,7,8,8-heptadecafluoro-10-iododecane",,218-053-5,2043-53-0,Yes,15-Jun-2020,"<a href=""https://eur-lex.europa.eu/eli/reg_del/2020/784/oj"">Commission Delegated Regulation (EU) 2020/784 of 8 April 2020 amending Annex I to Regulation (EU) 2019/1021 of the European Parliament and of the Council as regards the listing of perfluorooctanoic acid (PFOA), its salts and PFOA-related compounds</a>#<a href=""https://eur-lex.europa.eu/legal-content/EN/TXT/?uri=uriserv:OJ.L_.2020.220.01.0011.01.ENG&toc=OJ:L:2020:220:TOC"">Corrigendum to Commission Delegated Regulation (EU) 2020/784 of 8 April 2020 amending Annex I to Regulation (EU) 2019/1021</a>#<a href=""https://eur-lex.europa.eu/eli/reg_del/2021/115/oj"">Commission Delegated Regulation (EU) 2021/115 of 27 November 2020 amending Annex I to Regulation (EU) 2019/1021</a>#<a href=""http://data.europa.eu/eli/reg/2022/2400/oj"">Regulation (EU) 2022/2400 of the European Parliament and of the Council of 23 November 2022 amending Annexes IV and V to Regulation (EU) 2019/1021</a>#<a href=""http://data.europa.eu/eli/reg_del/2023/866/oj"">Commission Delegated Regulation (EU) 2023/866 of 24 February 2023 amending Regulation (EU) 2019/1021 of the European Parliament and of the Council as regards perfluorooctanoic acid (PFOA), its salts and PFOA-related compounds</a>","Annex I, part A#Annex IV",12-Nov-2020
"1,1,1,2,2,3,3,4,4,5,5,6,6,7,7,8,8,9,9,10,10-henicosafluoro-12-iodododecane",,218-054-0,2043-54-1,Yes,15-Jun-2020,"<a href=""https://eur-lex.europa.eu/eli/reg_del/2020/784/oj"">Commission Delegated Regulation (EU) 2020/784 of 8 April 2020 amending Annex I to Regulation (EU) 2019/1021 of the European Parliament and of the Council as regards the listing of perfluorooctanoic acid (PFOA), its salts and PFOA-related compounds</a>#<a href=""https://eur-lex.europa.eu/legal-content/EN/TXT/?uri=uriserv:OJ.L_.2020.220.01.0011.01.ENG&toc=OJ:L:2020:220:TOC"">Corrigendum to Commission Delegated Regulation (EU) 2020/784 of 8 April 2020 amending Annex I to Regulation (EU) 2019/1021</a>#<a href=""https://eur-lex.europa.eu/eli/reg_del/2021/115/oj"">Commission Delegated Regulation (EU) 2021/115 of 27 November 2020 amending Annex I to Regulation (EU) 2019/1021</a>#<a href=""http://data.europa.eu/eli/reg/2022/2400/oj"">Regulation (EU) 2022/2400 of the European Parliament and of the Council of 23 November 2022 amending Annexes IV and V to Regulation (EU) 2019/1021</a>#<a href=""http://data.europa.eu/eli/reg_del/2023/866/oj"">Commission Delegated Regulation (EU) 2023/866 of 24 February 2023 amending Regulation (EU) 2019/1021 of the European Parliament and of the Council as regards perfluorooctanoic acid (PFOA), its salts and PFOA-related compounds</a>","Annex I, part A#Annex IV",12-Nov-2020
"3,3,4,4,5,5,6,6,7,7,8,8,9,9,10,10,11,11,12,12,12-henicosafluorododecyl methacrylate",,218-408-4,2144-54-9,Yes,15-Jun-2020,"<a href=""https://eur-lex.europa.eu/eli/reg_del/2020/784/oj"">Commission Delegated Regulation (EU) 2020/784 of 8 April 2020 amending Annex I to Regulation (EU) 2019/1021 of the European Parliament and of the Council as regards the listing of perfluorooctanoic acid (PFOA), its salts and PFOA-related compounds</a>#<a href=""https://eur-lex.europa.eu/legal-content/EN/TXT/?uri=uriserv:OJ.L_.2020.220.01.0011.01.ENG&toc=OJ:L:2020:220:TOC"">Corrigendum to Commission Delegated Regulation (EU) 2020/784 of 8 April 2020 amending Annex I to Regulation (EU) 2019/1021</a>#<a href=""https://eur-lex.europa.eu/eli/reg_del/2021/115/oj"">Commission Delegated Regulation (EU) 2021/115 of 27 November 2020 amending Annex I to Regulation (EU) 2019/1021</a>#<a href=""http://data.europa.eu/eli/reg/2022/2400/oj"">Regulation (EU) 2022/2400 of the European Parliament and of the Council of 23 November 2022 amending Annexes IV and V to Regulation (EU) 2019/1021</a>#<a href=""http://data.europa.eu/eli/reg_del/2023/866/oj"">Commission Delegated Regulation (EU) 2023/866 of 24 February 2023 amending Regulation (EU) 2019/1021 of the European Parliament and of the Council as regards perfluorooctanoic acid (PFOA), its salts and PFOA-related compounds</a>","Annex I, part A#Annex IV",12-Nov-2020
Heptadecafluoro-1-iodooctane,,208-079-5,507-63-1,Yes,15-Jun-2020,"<a href=""https://eur-lex.europa.eu/eli/reg_del/2020/784/oj"">Commission Delegated Regulation (EU) 2020/784 of 8 April 2020 amending Annex I to Regulation (EU) 2019/1021 of the European Parliament and of the Council as regards the listing of perfluorooctanoic acid (PFOA), its salts and PFOA-related compounds</a>#<a href=""https://eur-lex.europa.eu/legal-content/EN/TXT/?uri=uriserv:OJ.L_.2020.220.01.0011.01.ENG&toc=OJ:L:2020:220:TOC"">Corrigendum to Commission Delegated Regulation (EU) 2020/784 of 8 April 2020 amending Annex I to Regulation (EU) 2019/1021</a>#<a href=""https://eur-lex.europa.eu/eli/reg_del/2021/115/oj"">Commission Delegated Regulation (EU) 2021/115 of 27 November 2020 amending Annex I to Regulation (EU) 2019/1021</a>#<a href=""http://data.europa.eu/eli/reg/2022/2400/oj"">Regulation (EU) 2022/2400 of the European Parliament and of the Council of 23 November 2022 amending Annexes IV and V to Regulation (EU) 2019/1021</a>#<a href=""http://data.europa.eu/eli/reg_del/2023/866/oj"">Commission Delegated Regulation (EU) 2023/866 of 24 February 2023 amending Regulation (EU) 2019/1021 of the European Parliament and of the Council as regards perfluorooctanoic acid (PFOA), its salts and PFOA-related compounds</a>","Annex I, part A#Annex IV",12-Nov-2020
Nonadecafluoro-9-iodononane,,209-199-0,558-97-4,Yes,15-Jun-2020,"<a href=""https://eur-lex.europa.eu/eli/reg_del/2020/784/oj"">Commission Delegated Regulation (EU) 2020/784 of 8 April 2020 amending Annex I to Regulation (EU) 2019/1021 of the European Parliament and of the Council as regards the listing of perfluorooctanoic acid (PFOA), its salts and PFOA-related compounds</a>#<a href=""https://eur-lex.europa.eu/legal-content/EN/TXT/?uri=uriserv:OJ.L_.2020.220.01.0011.01.ENG&toc=OJ:L:2020:220:TOC"">Corrigendum to Commission Delegated Regulation (EU) 2020/784 of 8 April 2020 amending Annex I to Regulation (EU) 2019/1021</a>#<a href=""https://eur-lex.europa.eu/eli/reg_del/2021/115/oj"">Commission Delegated Regulation (EU) 2021/115 of 27 November 2020 amending Annex I to Regulation (EU) 2019/1021</a>#<a href=""http://data.europa.eu/eli/reg/2022/2400/oj"">Regulation (EU) 2022/2400 of the European Parliament and of the Council of 23 November 2022 amending Annexes IV and V to Regulation (EU) 2019/1021</a>#<a href=""http://data.europa.eu/eli/reg_del/2023/866/oj"">Commission Delegated Regulation (EU) 2023/866 of 24 February 2023 amending Regulation (EU) 2019/1021 of the European Parliament and of the Council as regards perfluorooctanoic acid (PFOA), its salts and PFOA-related compounds</a>","Annex I, part A#Annex IV",12-Nov-2020
Icosafluoro-10-iodo-2-(trifluoromethyl)decane,,211-645-4,677-93-0,Yes,15-Jun-2020,"<a href=""https://eur-lex.europa.eu/eli/reg_del/2020/784/oj"">Commission Delegated Regulation (EU) 2020/784 of 8 April 2020 amending Annex I to Regulation (EU) 2019/1021 of the European Parliament and of the Council as regards the listing of perfluorooctanoic acid (PFOA), its salts and PFOA-related compounds</a>#<a href=""https://eur-lex.europa.eu/legal-content/EN/TXT/?uri=uriserv:OJ.L_.2020.220.01.0011.01.ENG&toc=OJ:L:2020:220:TOC"">Corrigendum to Commission Delegated Regulation (EU) 2020/784 of 8 April 2020 amending Annex I to Regulation (EU) 2019/1021</a>#<a href=""https://eur-lex.europa.eu/eli/reg_del/2021/115/oj"">Commission Delegated Regulation (EU) 2021/115 of 27 November 2020 amending Annex I to Regulation (EU) 2019/1021</a>#<a href=""http://data.europa.eu/eli/reg/2022/2400/oj"">Regulation (EU) 2022/2400 of the European Parliament and of the Council of 23 November 2022 amending Annexes IV and V to Regulation (EU) 2019/1021</a>#<a href=""http://data.europa.eu/eli/reg_del/2023/866/oj"">Commission Delegated Regulation (EU) 2023/866 of 24 February 2023 amending Regulation (EU) 2019/1021 of the European Parliament and of the Council as regards perfluorooctanoic acid (PFOA), its salts and PFOA-related compounds</a>","Annex I, part A#Annex IV",12-Nov-2020
"3,3,4,4,5,5,6,6,7,7,8,8,9,9,10,10,10-heptadecafluorodecan-1-ol",,211-648-0,678-39-7,Yes,15-Jun-2020,"<a href=""https://eur-lex.europa.eu/eli/reg_del/2020/784/oj"">Commission Delegated Regulation (EU) 2020/784 of 8 April 2020 amending Annex I to Regulation (EU) 2019/1021 of the European Parliament and of the Council as regards the listing of perfluorooctanoic acid (PFOA), its salts and PFOA-related compounds</a>#<a href=""https://eur-lex.europa.eu/legal-content/EN/TXT/?uri=uriserv:OJ.L_.2020.220.01.0011.01.ENG&toc=OJ:L:2020:220:TOC"">Corrigendum to Commission Delegated Regulation (EU) 2020/784 of 8 April 2020 amending Annex I to Regulation (EU) 2019/1021</a>#<a href=""https://eur-lex.europa.eu/eli/reg_del/2021/115/oj"">Commission Delegated Regulation (EU) 2021/115 of 27 November 2020 amending Annex I to Regulation (EU) 2019/1021</a>#<a href=""http://data.europa.eu/eli/reg/2022/2400/oj"">Regulation (EU) 2022/2400 of the European Parliament and of the Council of 23 November 2022 amending Annexes IV and V to Regulation (EU) 2019/1021</a>#<a href=""http://data.europa.eu/eli/reg_del/2023/866/oj"">Commission Delegated Regulation (EU) 2023/866 of 24 February 2023 amending Regulation (EU) 2019/1021 of the European Parliament and of the Council as regards perfluorooctanoic acid (PFOA), its salts and PFOA-related compounds</a>","Annex I, part A#Annex IV",12-Nov-2020
"Bis(3,3,4,4,5,5,6,6,7,7,8,8,9,9,10,10,10-heptadecafluorodecyl) hydrogen phosphate",,211-649-6,678-41-1,Yes,15-Jun-2020,"<a href=""https://eur-lex.europa.eu/eli/reg_del/2020/784/oj"">Commission Delegated Regulation (EU) 2020/784 of 8 April 2020 amending Annex I to Regulation (EU) 2019/1021 of the European Parliament and of the Council as regards the listing of perfluorooctanoic acid (PFOA), its salts and PFOA-related compounds</a>#<a href=""https://eur-lex.europa.eu/legal-content/EN/TXT/?uri=uriserv:OJ.L_.2020.220.01.0011.01.ENG&toc=OJ:L:2020:220:TOC"">Corrigendum to Commission Delegated Regulation (EU) 2020/784 of 8 April 2020 amending Annex I to Regulation (EU) 2019/1021</a>#<a href=""https://eur-lex.europa.eu/eli/reg_del/2021/115/oj"">Commission Delegated Regulation (EU) 2021/115 of 27 November 2020 amending Annex I to Regulation (EU) 2019/1021</a>#<a href=""http://data.europa.eu/eli/reg/2022/2400/oj"">Regulation (EU) 2022/2400 of the European Parliament and of the Council of 23 November 2022 amending Annexes IV and V to Regulation (EU) 2019/1021</a>#<a href=""http://data.europa.eu/eli/reg_del/2023/866/oj"">Commission Delegated Regulation (EU) 2023/866 of 24 February 2023 amending Regulation (EU) 2019/1021 of the European Parliament and of the Council as regards perfluorooctanoic acid (PFOA), its salts and PFOA-related compounds</a>","Annex I, part A#Annex IV",12-Nov-2020
"3,3,4,4,5,5,6,6,7,7,8,8,9,9,10,10,11,11,12,12,12-henicosafluorododecanol",,212-748-7,865-86-1,Yes,15-Jun-2020,"<a href=""https://eur-lex.europa.eu/eli/reg_del/2020/784/oj"">Commission Delegated Regulation (EU) 2020/784 of 8 April 2020 amending Annex I to Regulation (EU) 2019/1021 of the European Parliament and of the Council as regards the listing of perfluorooctanoic acid (PFOA), its salts and PFOA-related compounds</a>#<a href=""https://eur-lex.europa.eu/legal-content/EN/TXT/?uri=uriserv:OJ.L_.2020.220.01.0011.01.ENG&toc=OJ:L:2020:220:TOC"">Corrigendum to Commission Delegated Regulation (EU) 2020/784 of 8 April 2020 amending Annex I to Regulation (EU) 2019/1021</a>#<a href=""https://eur-lex.europa.eu/eli/reg_del/2021/115/oj"">Commission Delegated Regulation (EU) 2021/115 of 27 November 2020 amending Annex I to Regulation (EU) 2019/1021</a>#<a href=""http://data.europa.eu/eli/reg/2022/2400/oj"">Regulation (EU) 2022/2400 of the European Parliament and of the Council of 23 November 2022 amending Annexes IV and V to Regulation (EU) 2019/1021</a>#<a href=""http://data.europa.eu/eli/reg_del/2023/866/oj"">Commission Delegated Regulation (EU) 2023/866 of 24 February 2023 amending Regulation (EU) 2019/1021 of the European Parliament and of the Council as regards perfluorooctanoic acid (PFOA), its salts and PFOA-related compounds</a>","Annex I, part A#Annex IV",12-Nov-2020
"3,3,4,4,5,5,6,6,7,7,8,8,9,9,10,10,11,11,12,12,13,13,14,14,14-pentacosafluorotetradecyl methacrylate",,227-870-6,6014-75-1,Yes,15-Jun-2020,"<a href=""https://eur-lex.europa.eu/eli/reg_del/2020/784/oj"">Commission Delegated Regulation (EU) 2020/784 of 8 April 2020 amending Annex I to Regulation (EU) 2019/1021 of the European Parliament and of the Council as regards the listing of perfluorooctanoic acid (PFOA), its salts and PFOA-related compounds</a>#<a href=""https://eur-lex.europa.eu/legal-content/EN/TXT/?uri=uriserv:OJ.L_.2020.220.01.0011.01.ENG&toc=OJ:L:2020:220:TOC"">Corrigendum to Commission Delegated Regulation (EU) 2020/784 of 8 April 2020 amending Annex I to Regulation (EU) 2019/1021</a>#<a href=""https://eur-lex.europa.eu/eli/reg_del/2021/115/oj"">Commission Delegated Regulation (EU) 2021/115 of 27 November 2020 amending Annex I to Regulation (EU) 2019/1021</a>#<a href=""http://data.europa.eu/eli/reg/2022/2400/oj"">Regulation (EU) 2022/2400 of the European Parliament and of the Council of 23 November 2022 amending Annexes IV and V to Regulation (EU) 2019/1021</a>#<a href=""http://data.europa.eu/eli/reg_del/2023/866/oj"">Commission Delegated Regulation (EU) 2023/866 of 24 February 2023 amending Regulation (EU) 2019/1021 of the European Parliament and of the Council as regards perfluorooctanoic acid (PFOA), its salts and PFOA-related compounds</a>","Annex I, part A#Annex IV",12-Nov-2020
Potassium perfluorooctanoate,,219-248-8,2395-00-8,Yes,15-Jun-2020,"<a href=""https://eur-lex.europa.eu/eli/reg_del/2020/784/oj"">Commission Delegated Regulation (EU) 2020/784 of 8 April 2020 amending Annex I to Regulation (EU) 2019/1021 of the European Parliament and of the Council as regards the listing of perfluorooctanoic acid (PFOA), its salts and PFOA-related compounds</a>#<a href=""https://eur-lex.europa.eu/legal-content/EN/TXT/?uri=uriserv:OJ.L_.2020.220.01.0011.01.ENG&toc=OJ:L:2020:220:TOC"">Corrigendum to Commission Delegated Regulation (EU) 2020/784 of 8 April 2020 amending Annex I to Regulation (EU) 2019/1021</a>#<a href=""https://eur-lex.europa.eu/eli/reg_del/2021/115/oj"">Commission Delegated Regulation (EU) 2021/115 of 27 November 2020 amending Annex I to Regulation (EU) 2019/1021</a>#<a href=""http://data.europa.eu/eli/reg/2022/2400/oj"">Regulation (EU) 2022/2400 of the European Parliament and of the Council of 23 November 2022 amending Annexes IV and V to Regulation (EU) 2019/1021</a>#<a href=""http://data.europa.eu/eli/reg_del/2023/866/oj"">Commission Delegated Regulation (EU) 2023/866 of 24 February 2023 amending Regulation (EU) 2019/1021 of the European Parliament and of the Council as regards perfluorooctanoic acid (PFOA), its salts and PFOA-related compounds</a>","Annex I, part A#Annex IV",12-Nov-2020
Ethyl perfluorooctanoate,,221-468-4,3108-24-5,Yes,15-Jun-2020,"<a href=""https://eur-lex.europa.eu/eli/reg_del/2020/784/oj"">Commission Delegated Regulation (EU) 2020/784 of 8 April 2020 amending Annex I to Regulation (EU) 2019/1021 of the European Parliament and of the Council as regards the listing of perfluorooctanoic acid (PFOA), its salts and PFOA-related compounds</a>#<a href=""https://eur-lex.europa.eu/legal-content/EN/TXT/?uri=uriserv:OJ.L_.2020.220.01.0011.01.ENG&toc=OJ:L:2020:220:TOC"">Corrigendum to Commission Delegated Regulation (EU) 2020/784 of 8 April 2020 amending Annex I to Regulation (EU) 2019/1021</a>#<a href=""https://eur-lex.europa.eu/eli/reg_del/2021/115/oj"">Commission Delegated Regulation (EU) 2021/115 of 27 November 2020 amending Annex I to Regulation (EU) 2019/1021</a>#<a href=""http://data.europa.eu/eli/reg/2022/2400/oj"">Regulation (EU) 2022/2400 of the European Parliament and of the Council of 23 November 2022 amending Annexes IV and V to Regulation (EU) 2019/1021</a>#<a href=""http://data.europa.eu/eli/reg_del/2023/866/oj"">Commission Delegated Regulation (EU) 2023/866 of 24 February 2023 amending Regulation (EU) 2019/1021 of the European Parliament and of the Council as regards perfluorooctanoic acid (PFOA), its salts and PFOA-related compounds</a>","Annex I, part A#Annex IV",12-Nov-2020
"1,1,1,2,3,3,4,4,5,5,6,6,7,7,8,8,9,9,10,10,11,11,12,12-tetracosafluoro-12-iodo-2-(trifluoromethyl)dodecane",,221-829-6,3248-61-1,Yes,15-Jun-2020,"<a href=""https://eur-lex.europa.eu/eli/reg_del/2020/784/oj"">Commission Delegated Regulation (EU) 2020/784 of 8 April 2020 amending Annex I to Regulation (EU) 2019/1021 of the European Parliament and of the Council as regards the listing of perfluorooctanoic acid (PFOA), its salts and PFOA-related compounds</a>#<a href=""https://eur-lex.europa.eu/legal-content/EN/TXT/?uri=uriserv:OJ.L_.2020.220.01.0011.01.ENG&toc=OJ:L:2020:220:TOC"">Corrigendum to Commission Delegated Regulation (EU) 2020/784 of 8 April 2020 amending Annex I to Regulation (EU) 2019/1021</a>#<a href=""https://eur-lex.europa.eu/eli/reg_del/2021/115/oj"">Commission Delegated Regulation (EU) 2021/115 of 27 November 2020 amending Annex I to Regulation (EU) 2019/1021</a>#<a href=""http://data.europa.eu/eli/reg/2022/2400/oj"">Regulation (EU) 2022/2400 of the European Parliament and of the Council of 23 November 2022 amending Annexes IV and V to Regulation (EU) 2019/1021</a>#<a href=""http://data.europa.eu/eli/reg_del/2023/866/oj"">Commission Delegated Regulation (EU) 2023/866 of 24 February 2023 amending Regulation (EU) 2019/1021 of the European Parliament and of the Council as regards perfluorooctanoic acid (PFOA), its salts and PFOA-related compounds</a>","Annex I, part A#Annex IV",12-Nov-2020
Octacosafluoro-14-iodo-2-(trifluoromethyl)tetradecane,,221-830-1,3248-63-3,Yes,15-Jun-2020,"<a href=""https://eur-lex.europa.eu/eli/reg_del/2020/784/oj"">Commission Delegated Regulation (EU) 2020/784 of 8 April 2020 amending Annex I to Regulation (EU) 2019/1021 of the European Parliament and of the Council as regards the listing of perfluorooctanoic acid (PFOA), its salts and PFOA-related compounds</a>#<a href=""https://eur-lex.europa.eu/legal-content/EN/TXT/?uri=uriserv:OJ.L_.2020.220.01.0011.01.ENG&toc=OJ:L:2020:220:TOC"">Corrigendum to Commission Delegated Regulation (EU) 2020/784 of 8 April 2020 amending Annex I to Regulation (EU) 2019/1021</a>#<a href=""https://eur-lex.europa.eu/eli/reg_del/2021/115/oj"">Commission Delegated Regulation (EU) 2021/115 of 27 November 2020 amending Annex I to Regulation (EU) 2019/1021</a>#<a href=""http://data.europa.eu/eli/reg/2022/2400/oj"">Regulation (EU) 2022/2400 of the European Parliament and of the Council of 23 November 2022 amending Annexes IV and V to Regulation (EU) 2019/1021</a>#<a href=""http://data.europa.eu/eli/reg_del/2023/866/oj"">Commission Delegated Regulation (EU) 2023/866 of 24 February 2023 amending Regulation (EU) 2019/1021 of the European Parliament and of the Council as regards perfluorooctanoic acid (PFOA), its salts and PFOA-related compounds</a>","Annex I, part A#Annex IV",12-Nov-2020
Ammonium pentadecafluorooctanoate,,223-320-4,3825-26-1,Yes,15-Jun-2020,"<a href=""https://eur-lex.europa.eu/eli/reg_del/2020/784/oj"">Commission Delegated Regulation (EU) 2020/784 of 8 April 2020 amending Annex I to Regulation (EU) 2019/1021 of the European Parliament and of the Council as regards the listing of perfluorooctanoic acid (PFOA), its salts and PFOA-related compounds</a>#<a href=""https://eur-lex.europa.eu/legal-content/EN/TXT/?uri=uriserv:OJ.L_.2020.220.01.0011.01.ENG&toc=OJ:L:2020:220:TOC"">Corrigendum to Commission Delegated Regulation (EU) 2020/784 of 8 April 2020 amending Annex I to Regulation (EU) 2019/1021</a>#<a href=""https://eur-lex.europa.eu/eli/reg_del/2021/115/oj"">Commission Delegated Regulation (EU) 2021/115 of 27 November 2020 amending Annex I to Regulation (EU) 2019/1021</a>#<a href=""http://data.europa.eu/eli/reg/2022/2400/oj"">Regulation (EU) 2022/2400 of the European Parliament and of the Council of 23 November 2022 amending Annexes IV and V to Regulation (EU) 2019/1021</a>#<a href=""http://data.europa.eu/eli/reg_del/2023/866/oj"">Commission Delegated Regulation (EU) 2023/866 of 24 February 2023 amending Regulation (EU) 2019/1021 of the European Parliament and of the Council as regards perfluorooctanoic acid (PFOA), its salts and PFOA-related compounds</a>","Annex I, part A#Annex IV",12-Nov-2020
N-ethylheptadecafluorooctanesulphonamide,,223-980-3,4151-50-2,Yes,15-Jun-2020,"<a href=""https://eur-lex.europa.eu/eli/reg_del/2020/784/oj"">Commission Delegated Regulation (EU) 2020/784 of 8 April 2020 amending Annex I to Regulation (EU) 2019/1021 of the European Parliament and of the Council as regards the listing of perfluorooctanoic acid (PFOA), its salts and PFOA-related compounds</a>#<a href=""https://eur-lex.europa.eu/legal-content/EN/TXT/?uri=uriserv:OJ.L_.2020.220.01.0011.01.ENG&toc=OJ:L:2020:220:TOC"">Corrigendum to Commission Delegated Regulation (EU) 2020/784 of 8 April 2020 amending Annex I to Regulation (EU) 2019/1021</a>#<a href=""https://eur-lex.europa.eu/eli/reg_del/2021/115/oj"">Commission Delegated Regulation (EU) 2021/115 of 27 November 2020 amending Annex I to Regulation (EU) 2019/1021</a>#<a href=""http://data.europa.eu/eli/reg/2022/2400/oj"">Regulation (EU) 2022/2400 of the European Parliament and of the Council of 23 November 2022 amending Annexes IV and V to Regulation (EU) 2019/1021</a>#<a href=""http://data.europa.eu/eli/reg_del/2023/866/oj"">Commission Delegated Regulation (EU) 2023/866 of 24 February 2023 amending Regulation (EU) 2019/1021 of the European Parliament and of the Council as regards perfluorooctanoic acid (PFOA), its salts and PFOA-related compounds</a>","Annex I, part A#Annex IV",12-Nov-2020
"3,3,4,4,5,5,6,6,7,7,8,8,9,9,10,10,11,11,12,12,13,13,14,14,15,15,16,16,16-nonacosafluorohexadecyl methacrylate",,225-627-9,4980-53-4,Yes,15-Jun-2020,"<a href=""https://eur-lex.europa.eu/eli/reg_del/2020/784/oj"">Commission Delegated Regulation (EU) 2020/784 of 8 April 2020 amending Annex I to Regulation (EU) 2019/1021 of the European Parliament and of the Council as regards the listing of perfluorooctanoic acid (PFOA), its salts and PFOA-related compounds</a>#<a href=""https://eur-lex.europa.eu/legal-content/EN/TXT/?uri=uriserv:OJ.L_.2020.220.01.0011.01.ENG&toc=OJ:L:2020:220:TOC"">Corrigendum to Commission Delegated Regulation (EU) 2020/784 of 8 April 2020 amending Annex I to Regulation (EU) 2019/1021</a>#<a href=""https://eur-lex.europa.eu/eli/reg_del/2021/115/oj"">Commission Delegated Regulation (EU) 2021/115 of 27 November 2020 amending Annex I to Regulation (EU) 2019/1021</a>#<a href=""http://data.europa.eu/eli/reg/2022/2400/oj"">Regulation (EU) 2022/2400 of the European Parliament and of the Council of 23 November 2022 amending Annexes IV and V to Regulation (EU) 2019/1021</a>#<a href=""http://data.europa.eu/eli/reg_del/2023/866/oj"">Commission Delegated Regulation (EU) 2023/866 of 24 February 2023 amending Regulation (EU) 2019/1021 of the European Parliament and of the Council as regards perfluorooctanoic acid (PFOA), its salts and PFOA-related compounds</a>","Annex I, part A#Annex IV",12-Nov-2020
"2-Propenoic acid, perfluoro-C8-16-alkyl esters",,288-202-7,85681-64-7,Yes,15-Jun-2020,"<a href=""https://eur-lex.europa.eu/eli/reg_del/2020/784/oj"">Commission Delegated Regulation (EU) 2020/784 of 8 April 2020 amending Annex I to Regulation (EU) 2019/1021 of the European Parliament and of the Council as regards the listing of perfluorooctanoic acid (PFOA), its salts and PFOA-related compounds</a>#<a href=""https://eur-lex.europa.eu/legal-content/EN/TXT/?uri=uriserv:OJ.L_.2020.220.01.0011.01.ENG&toc=OJ:L:2020:220:TOC"">Corrigendum to Commission Delegated Regulation (EU) 2020/784 of 8 April 2020 amending Annex I to Regulation (EU) 2019/1021</a>#<a href=""https://eur-lex.europa.eu/eli/reg_del/2021/115/oj"">Commission Delegated Regulation (EU) 2021/115 of 27 November 2020 amending Annex I to Regulation (EU) 2019/1021</a>#<a href=""http://data.europa.eu/eli/reg/2022/2400/oj"">Regulation (EU) 2022/2400 of the European Parliament and of the Council of 23 November 2022 amending Annexes IV and V to Regulation (EU) 2019/1021</a>#<a href=""http://data.europa.eu/eli/reg_del/2023/866/oj"">Commission Delegated Regulation (EU) 2023/866 of 24 February 2023 amending Regulation (EU) 2019/1021 of the European Parliament and of the Council as regards perfluorooctanoic acid (PFOA), its salts and PFOA-related compounds</a>","Annex I, part A#Annex IV",12-Nov-2020
"N-(3-aminopropyl)-2,2,3,3,4,4,5,5,6,6,7,7,8,8,8-pentadecafluorooctanamide",,288-891-4,85938-56-3,Yes,15-Jun-2020,"<a href=""https://eur-lex.europa.eu/eli/reg_del/2020/784/oj"">Commission Delegated Regulation (EU) 2020/784 of 8 April 2020 amending Annex I to Regulation (EU) 2019/1021 of the European Parliament and of the Council as regards the listing of perfluorooctanoic acid (PFOA), its salts and PFOA-related compounds</a>#<a href=""https://eur-lex.europa.eu/legal-content/EN/TXT/?uri=uriserv:OJ.L_.2020.220.01.0011.01.ENG&toc=OJ:L:2020:220:TOC"">Corrigendum to Commission Delegated Regulation (EU) 2020/784 of 8 April 2020 amending Annex I to Regulation (EU) 2019/1021</a>#<a href=""https://eur-lex.europa.eu/eli/reg_del/2021/115/oj"">Commission Delegated Regulation (EU) 2021/115 of 27 November 2020 amending Annex I to Regulation (EU) 2019/1021</a>#<a href=""http://data.europa.eu/eli/reg/2022/2400/oj"">Regulation (EU) 2022/2400 of the European Parliament and of the Council of 23 November 2022 amending Annexes IV and V to Regulation (EU) 2019/1021</a>#<a href=""http://data.europa.eu/eli/reg_del/2023/866/oj"">Commission Delegated Regulation (EU) 2023/866 of 24 February 2023 amending Regulation (EU) 2019/1021 of the European Parliament and of the Council as regards perfluorooctanoic acid (PFOA), its salts and PFOA-related compounds</a>","Annex I, part A#Annex IV",12-Nov-2020
"Octanoic acid, pentadecafluoro-, branched",,291-790-8,90480-55-0,Yes,15-Jun-2020,"<a href=""https://eur-lex.europa.eu/eli/reg_del/2020/784/oj"">Commission Delegated Regulation (EU) 2020/784 of 8 April 2020 amending Annex I to Regulation (EU) 2019/1021 of the European Parliament and of the Council as regards the listing of perfluorooctanoic acid (PFOA), its salts and PFOA-related compounds</a>#<a href=""https://eur-lex.europa.eu/legal-content/EN/TXT/?uri=uriserv:OJ.L_.2020.220.01.0011.01.ENG&toc=OJ:L:2020:220:TOC"">Corrigendum to Commission Delegated Regulation (EU) 2020/784 of 8 April 2020 amending Annex I to Regulation (EU) 2019/1021</a>#<a href=""https://eur-lex.europa.eu/eli/reg_del/2021/115/oj"">Commission Delegated Regulation (EU) 2021/115 of 27 November 2020 amending Annex I to Regulation (EU) 2019/1021</a>#<a href=""http://data.europa.eu/eli/reg/2022/2400/oj"">Regulation (EU) 2022/2400 of the European Parliament and of the Council of 23 November 2022 amending Annexes IV and V to Regulation (EU) 2019/1021</a>#<a href=""http://data.europa.eu/eli/reg_del/2023/866/oj"">Commission Delegated Regulation (EU) 2023/866 of 24 February 2023 amending Regulation (EU) 2019/1021 of the European Parliament and of the Council as regards perfluorooctanoic acid (PFOA), its salts and PFOA-related compounds</a>","Annex I, part A#Annex IV",12-Nov-2020
"Octanoic acid, pentadecafluoro-, branched, ammonium salt",,291-791-3,90480-56-1,Yes,15-Jun-2020,"<a href=""https://eur-lex.europa.eu/eli/reg_del/2020/784/oj"">Commission Delegated Regulation (EU) 2020/784 of 8 April 2020 amending Annex I to Regulation (EU) 2019/1021 of the European Parliament and of the Council as regards the listing of perfluorooctanoic acid (PFOA), its salts and PFOA-related compounds</a>#<a href=""https://eur-lex.europa.eu/legal-content/EN/TXT/?uri=uriserv:OJ.L_.2020.220.01.0011.01.ENG&toc=OJ:L:2020:220:TOC"">Corrigendum to Commission Delegated Regulation (EU) 2020/784 of 8 April 2020 amending Annex I to Regulation (EU) 2019/1021</a>#<a href=""https://eur-lex.europa.eu/eli/reg_del/2021/115/oj"">Commission Delegated Regulation (EU) 2021/115 of 27 November 2020 amending Annex I to Regulation (EU) 2019/1021</a>#<a href=""http://data.europa.eu/eli/reg/2022/2400/oj"">Regulation (EU) 2022/2400 of the European Parliament and of the Council of 23 November 2022 amending Annexes IV and V to Regulation (EU) 2019/1021</a>#<a href=""http://data.europa.eu/eli/reg_del/2023/866/oj"">Commission Delegated Regulation (EU) 2023/866 of 24 February 2023 amending Regulation (EU) 2019/1021 of the European Parliament and of the Council as regards perfluorooctanoic acid (PFOA), its salts and PFOA-related compounds</a>","Annex I, part A#Annex IV",12-Nov-2020
"1-(carboxylatomethyl)-1-(2-hydroxyethyl)-4-(2,2,3,3,4,4,5,5,6,6,7,7,8,8,9,9,10,10,10-nonadecafluoro-1-oxodecyl)piperazinium",,275-354-4,71356-38-2,Yes,15-Jun-2020,"<a href=""https://eur-lex.europa.eu/eli/reg_del/2020/784/oj"">Commission Delegated Regulation (EU) 2020/784 of 8 April 2020 amending Annex I to Regulation (EU) 2019/1021 of the European Parliament and of the Council as regards the listing of perfluorooctanoic acid (PFOA), its salts and PFOA-related compounds</a>#<a href=""https://eur-lex.europa.eu/legal-content/EN/TXT/?uri=uriserv:OJ.L_.2020.220.01.0011.01.ENG&toc=OJ:L:2020:220:TOC"">Corrigendum to Commission Delegated Regulation (EU) 2020/784 of 8 April 2020 amending Annex I to Regulation (EU) 2019/1021</a>#<a href=""https://eur-lex.europa.eu/eli/reg_del/2021/115/oj"">Commission Delegated Regulation (EU) 2021/115 of 27 November 2020 amending Annex I to Regulation (EU) 2019/1021</a>#<a href=""http://data.europa.eu/eli/reg/2022/2400/oj"">Regulation (EU) 2022/2400 of the European Parliament and of the Council of 23 November 2022 amending Annexes IV and V to Regulation (EU) 2019/1021</a>#<a href=""http://data.europa.eu/eli/reg_del/2023/866/oj"">Commission Delegated Regulation (EU) 2023/866 of 24 February 2023 amending Regulation (EU) 2019/1021 of the European Parliament and of the Council as regards perfluorooctanoic acid (PFOA), its salts and PFOA-related compounds</a>","Annex I, part A#Annex IV",12-Nov-2020
"Carboxylic acids, C7-13, perfluoro, ammonium salts",,277-138-5,72968-38-8,Yes,15-Jun-2020,"<a href=""https://eur-lex.europa.eu/eli/reg_del/2020/784/oj"">Commission Delegated Regulation (EU) 2020/784 of 8 April 2020 amending Annex I to Regulation (EU) 2019/1021 of the European Parliament and of the Council as regards the listing of perfluorooctanoic acid (PFOA), its salts and PFOA-related compounds</a>#<a href=""https://eur-lex.europa.eu/legal-content/EN/TXT/?uri=uriserv:OJ.L_.2020.220.01.0011.01.ENG&toc=OJ:L:2020:220:TOC"">Corrigendum to Commission Delegated Regulation (EU) 2020/784 of 8 April 2020 amending Annex I to Regulation (EU) 2019/1021</a>#<a href=""https://eur-lex.europa.eu/eli/reg_del/2021/115/oj"">Commission Delegated Regulation (EU) 2021/115 of 27 November 2020 amending Annex I to Regulation (EU) 2019/1021</a>#<a href=""http://data.europa.eu/eli/reg/2022/2400/oj"">Regulation (EU) 2022/2400 of the European Parliament and of the Council of 23 November 2022 amending Annexes IV and V to Regulation (EU) 2019/1021</a>#<a href=""http://data.europa.eu/eli/reg_del/2023/866/oj"">Commission Delegated Regulation (EU) 2023/866 of 24 February 2023 amending Regulation (EU) 2019/1021 of the European Parliament and of the Council as regards perfluorooctanoic acid (PFOA), its salts and PFOA-related compounds</a>","Annex I, part A#Annex IV",12-Nov-2020
"3,3,4,4,5,5,6,6,7,7,8,8,9,9,10,10,11,12,12,12-icosafluoro-11-(trifluoromethyl)dodecyl methacrylate",,277-789-5,74256-14-7,Yes,15-Jun-2020,"<a href=""https://eur-lex.europa.eu/eli/reg_del/2020/784/oj"">Commission Delegated Regulation (EU) 2020/784 of 8 April 2020 amending Annex I to Regulation (EU) 2019/1021 of the European Parliament and of the Council as regards the listing of perfluorooctanoic acid (PFOA), its salts and PFOA-related compounds</a>#<a href=""https://eur-lex.europa.eu/legal-content/EN/TXT/?uri=uriserv:OJ.L_.2020.220.01.0011.01.ENG&toc=OJ:L:2020:220:TOC"">Corrigendum to Commission Delegated Regulation (EU) 2020/784 of 8 April 2020 amending Annex I to Regulation (EU) 2019/1021</a>#<a href=""https://eur-lex.europa.eu/eli/reg_del/2021/115/oj"">Commission Delegated Regulation (EU) 2021/115 of 27 November 2020 amending Annex I to Regulation (EU) 2019/1021</a>#<a href=""http://data.europa.eu/eli/reg/2022/2400/oj"">Regulation (EU) 2022/2400 of the European Parliament and of the Council of 23 November 2022 amending Annexes IV and V to Regulation (EU) 2019/1021</a>#<a href=""http://data.europa.eu/eli/reg_del/2023/866/oj"">Commission Delegated Regulation (EU) 2023/866 of 24 February 2023 amending Regulation (EU) 2019/1021 of the European Parliament and of the Council as regards perfluorooctanoic acid (PFOA), its salts and PFOA-related compounds</a>","Annex I, part A#Annex IV",12-Nov-2020
"3,3,4,4,5,5,6,6,7,7,8,8,9,9,10,10,11,11,12,12,13,14,14,14-tetracosafluoro-13-(trifluoromethyl)tetradecyl methacrylate",,277-790-0,74256-15-8,Yes,15-Jun-2020,"<a href=""https://eur-lex.europa.eu/eli/reg_del/2020/784/oj"">Commission Delegated Regulation (EU) 2020/784 of 8 April 2020 amending Annex I to Regulation (EU) 2019/1021 of the European Parliament and of the Council as regards the listing of perfluorooctanoic acid (PFOA), its salts and PFOA-related compounds</a>#<a href=""https://eur-lex.europa.eu/legal-content/EN/TXT/?uri=uriserv:OJ.L_.2020.220.01.0011.01.ENG&toc=OJ:L:2020:220:TOC"">Corrigendum to Commission Delegated Regulation (EU) 2020/784 of 8 April 2020 amending Annex I to Regulation (EU) 2019/1021</a>#<a href=""https://eur-lex.europa.eu/eli/reg_del/2021/115/oj"">Commission Delegated Regulation (EU) 2021/115 of 27 November 2020 amending Annex I to Regulation (EU) 2019/1021</a>#<a href=""http://data.europa.eu/eli/reg/2022/2400/oj"">Regulation (EU) 2022/2400 of the European Parliament and of the Council of 23 November 2022 amending Annexes IV and V to Regulation (EU) 2019/1021</a>#<a href=""http://data.europa.eu/eli/reg_del/2023/866/oj"">Commission Delegated Regulation (EU) 2023/866 of 24 February 2023 amending Regulation (EU) 2019/1021 of the European Parliament and of the Council as regards perfluorooctanoic acid (PFOA), its salts and PFOA-related compounds</a>","Annex I, part A#Annex IV",12-Nov-2020
"Heptadecafluoro-1-[(2,2,3,3,4,4,5,5,6,6,7,7,8,8,8-pentadecafluorooctyl)oxy]nonene",,281-728-8,84029-60-7,Yes,15-Jun-2020,"<a href=""https://eur-lex.europa.eu/eli/reg_del/2020/784/oj"">Commission Delegated Regulation (EU) 2020/784 of 8 April 2020 amending Annex I to Regulation (EU) 2019/1021 of the European Parliament and of the Council as regards the listing of perfluorooctanoic acid (PFOA), its salts and PFOA-related compounds</a>#<a href=""https://eur-lex.europa.eu/legal-content/EN/TXT/?uri=uriserv:OJ.L_.2020.220.01.0011.01.ENG&toc=OJ:L:2020:220:TOC"">Corrigendum to Commission Delegated Regulation (EU) 2020/784 of 8 April 2020 amending Annex I to Regulation (EU) 2019/1021</a>#<a href=""https://eur-lex.europa.eu/eli/reg_del/2021/115/oj"">Commission Delegated Regulation (EU) 2021/115 of 27 November 2020 amending Annex I to Regulation (EU) 2019/1021</a>#<a href=""http://data.europa.eu/eli/reg/2022/2400/oj"">Regulation (EU) 2022/2400 of the European Parliament and of the Council of 23 November 2022 amending Annexes IV and V to Regulation (EU) 2019/1021</a>#<a href=""http://data.europa.eu/eli/reg_del/2023/866/oj"">Commission Delegated Regulation (EU) 2023/866 of 24 February 2023 amending Regulation (EU) 2019/1021 of the European Parliament and of the Council as regards perfluorooctanoic acid (PFOA), its salts and PFOA-related compounds</a>","Annex I, part A#Annex IV",12-Nov-2020
"2-carboxyethylbis(2-hydroxyethyl)-3-[(2,2,3,3,4,4,5,5,6,6,7,7,8,8,8-pentadecafluoro-1-oxooctyl)amino]propylammonium hydroxide",,254-338-0,39186-68-0,Yes,15-Jun-2020,"<a href=""https://eur-lex.europa.eu/eli/reg_del/2020/784/oj"">Commission Delegated Regulation (EU) 2020/784 of 8 April 2020 amending Annex I to Regulation (EU) 2019/1021 of the European Parliament and of the Council as regards the listing of perfluorooctanoic acid (PFOA), its salts and PFOA-related compounds</a>#<a href=""https://eur-lex.europa.eu/legal-content/EN/TXT/?uri=uriserv:OJ.L_.2020.220.01.0011.01.ENG&toc=OJ:L:2020:220:TOC"">Corrigendum to Commission Delegated Regulation (EU) 2020/784 of 8 April 2020 amending Annex I to Regulation (EU) 2019/1021</a>#<a href=""https://eur-lex.europa.eu/eli/reg_del/2021/115/oj"">Commission Delegated Regulation (EU) 2021/115 of 27 November 2020 amending Annex I to Regulation (EU) 2019/1021</a>#<a href=""http://data.europa.eu/eli/reg/2022/2400/oj"">Regulation (EU) 2022/2400 of the European Parliament and of the Council of 23 November 2022 amending Annexes IV and V to Regulation (EU) 2019/1021</a>#<a href=""http://data.europa.eu/eli/reg_del/2023/866/oj"">Commission Delegated Regulation (EU) 2023/866 of 24 February 2023 amending Regulation (EU) 2019/1021 of the European Parliament and of the Council as regards perfluorooctanoic acid (PFOA), its salts and PFOA-related compounds</a>","Annex I, part A#Annex IV",12-Nov-2020
"3,3,4,4,5,5,6,6,7,7,8,8,9,9,10,10,11,11,12,12,13,13,14,14,14-pentacosafluorotetradecanol",,254-373-1,39239-77-5,Yes,15-Jun-2020,"<a href=""https://eur-lex.europa.eu/eli/reg_del/2020/784/oj"">Commission Delegated Regulation (EU) 2020/784 of 8 April 2020 amending Annex I to Regulation (EU) 2019/1021 of the European Parliament and of the Council as regards the listing of perfluorooctanoic acid (PFOA), its salts and PFOA-related compounds</a>#<a href=""https://eur-lex.europa.eu/legal-content/EN/TXT/?uri=uriserv:OJ.L_.2020.220.01.0011.01.ENG&toc=OJ:L:2020:220:TOC"">Corrigendum to Commission Delegated Regulation (EU) 2020/784 of 8 April 2020 amending Annex I to Regulation (EU) 2019/1021</a>#<a href=""https://eur-lex.europa.eu/eli/reg_del/2021/115/oj"">Commission Delegated Regulation (EU) 2021/115 of 27 November 2020 amending Annex I to Regulation (EU) 2019/1021</a>#<a href=""http://data.europa.eu/eli/reg/2022/2400/oj"">Regulation (EU) 2022/2400 of the European Parliament and of the Council of 23 November 2022 amending Annexes IV and V to Regulation (EU) 2019/1021</a>#<a href=""http://data.europa.eu/eli/reg_del/2023/866/oj"">Commission Delegated Regulation (EU) 2023/866 of 24 February 2023 amending Regulation (EU) 2019/1021 of the European Parliament and of the Council as regards perfluorooctanoic acid (PFOA), its salts and PFOA-related compounds</a>","Annex I, part A#Annex IV",12-Nov-2020
"N-[3-[bis(2-hydroxyethyl)amino]propyl]-2,2,3,3,4,4,5,5,6,6,7,7,8,8,8-pentadecafluorooctanamide",,255-327-3,41358-63-8,Yes,15-Jun-2020,"<a href=""https://eur-lex.europa.eu/eli/reg_del/2020/784/oj"">Commission Delegated Regulation (EU) 2020/784 of 8 April 2020 amending Annex I to Regulation (EU) 2019/1021 of the European Parliament and of the Council as regards the listing of perfluorooctanoic acid (PFOA), its salts and PFOA-related compounds</a>#<a href=""https://eur-lex.europa.eu/legal-content/EN/TXT/?uri=uriserv:OJ.L_.2020.220.01.0011.01.ENG&toc=OJ:L:2020:220:TOC"">Corrigendum to Commission Delegated Regulation (EU) 2020/784 of 8 April 2020 amending Annex I to Regulation (EU) 2019/1021</a>#<a href=""https://eur-lex.europa.eu/eli/reg_del/2021/115/oj"">Commission Delegated Regulation (EU) 2021/115 of 27 November 2020 amending Annex I to Regulation (EU) 2019/1021</a>#<a href=""http://data.europa.eu/eli/reg/2022/2400/oj"">Regulation (EU) 2022/2400 of the European Parliament and of the Council of 23 November 2022 amending Annexes IV and V to Regulation (EU) 2019/1021</a>#<a href=""http://data.europa.eu/eli/reg_del/2023/866/oj"">Commission Delegated Regulation (EU) 2023/866 of 24 February 2023 amending Regulation (EU) 2019/1021 of the European Parliament and of the Council as regards perfluorooctanoic acid (PFOA), its salts and PFOA-related compounds</a>","Annex I, part A#Annex IV",12-Nov-2020
"3,4-bis[(2,2,3,3,4,4,5,5,6,6,7,7,8,8,8-pentadecafluoro-1-oxooctyl)amino]benzenesulphonyl chloride",,246-083-9,24216-05-5,Yes,15-Jun-2020,"<a href=""https://eur-lex.europa.eu/eli/reg_del/2020/784/oj"">Commission Delegated Regulation (EU) 2020/784 of 8 April 2020 amending Annex I to Regulation (EU) 2019/1021 of the European Parliament and of the Council as regards the listing of perfluorooctanoic acid (PFOA), its salts and PFOA-related compounds</a>#<a href=""https://eur-lex.europa.eu/legal-content/EN/TXT/?uri=uriserv:OJ.L_.2020.220.01.0011.01.ENG&toc=OJ:L:2020:220:TOC"">Corrigendum to Commission Delegated Regulation (EU) 2020/784 of 8 April 2020 amending Annex I to Regulation (EU) 2019/1021</a>#<a href=""https://eur-lex.europa.eu/eli/reg_del/2021/115/oj"">Commission Delegated Regulation (EU) 2021/115 of 27 November 2020 amending Annex I to Regulation (EU) 2019/1021</a>#<a href=""http://data.europa.eu/eli/reg/2022/2400/oj"">Regulation (EU) 2022/2400 of the European Parliament and of the Council of 23 November 2022 amending Annexes IV and V to Regulation (EU) 2019/1021</a>#<a href=""http://data.europa.eu/eli/reg_del/2023/866/oj"">Commission Delegated Regulation (EU) 2023/866 of 24 February 2023 amending Regulation (EU) 2019/1021 of the European Parliament and of the Council as regards perfluorooctanoic acid (PFOA), its salts and PFOA-related compounds</a>","Annex I, part A#Annex IV",12-Nov-2020
"3,3,4,4,5,5,6,6,7,7,8,8,9,9,10,10,10-heptadecafluorodecyl acrylate",,248-722-7,27905-45-9,Yes,15-Jun-2020,"<a href=""https://eur-lex.europa.eu/eli/reg_del/2020/784/oj"">Commission Delegated Regulation (EU) 2020/784 of 8 April 2020 amending Annex I to Regulation (EU) 2019/1021 of the European Parliament and of the Council as regards the listing of perfluorooctanoic acid (PFOA), its salts and PFOA-related compounds</a>#<a href=""https://eur-lex.europa.eu/legal-content/EN/TXT/?uri=uriserv:OJ.L_.2020.220.01.0011.01.ENG&toc=OJ:L:2020:220:TOC"">Corrigendum to Commission Delegated Regulation (EU) 2020/784 of 8 April 2020 amending Annex I to Regulation (EU) 2019/1021</a>#<a href=""https://eur-lex.europa.eu/eli/reg_del/2021/115/oj"">Commission Delegated Regulation (EU) 2021/115 of 27 November 2020 amending Annex I to Regulation (EU) 2019/1021</a>#<a href=""http://data.europa.eu/eli/reg/2022/2400/oj"">Regulation (EU) 2022/2400 of the European Parliament and of the Council of 23 November 2022 amending Annexes IV and V to Regulation (EU) 2019/1021</a>#<a href=""http://data.europa.eu/eli/reg_del/2023/866/oj"">Commission Delegated Regulation (EU) 2023/866 of 24 February 2023 amending Regulation (EU) 2019/1021 of the European Parliament and of the Council as regards perfluorooctanoic acid (PFOA), its salts and PFOA-related compounds</a>","Annex I, part A#Annex IV",12-Nov-2020
"1,1,1,2,2,3,3,4,4,5,5,6,6,7,7,8,8,9,9,10,10,11,11,12,12-pentacosafluoro-14-iodotetradecane",,250-014-8,30046-31-2,Yes,15-Jun-2020,"<a href=""https://eur-lex.europa.eu/eli/reg_del/2020/784/oj"">Commission Delegated Regulation (EU) 2020/784 of 8 April 2020 amending Annex I to Regulation (EU) 2019/1021 of the European Parliament and of the Council as regards the listing of perfluorooctanoic acid (PFOA), its salts and PFOA-related compounds</a>#<a href=""https://eur-lex.europa.eu/legal-content/EN/TXT/?uri=uriserv:OJ.L_.2020.220.01.0011.01.ENG&toc=OJ:L:2020:220:TOC"">Corrigendum to Commission Delegated Regulation (EU) 2020/784 of 8 April 2020 amending Annex I to Regulation (EU) 2019/1021</a>#<a href=""https://eur-lex.europa.eu/eli/reg_del/2021/115/oj"">Commission Delegated Regulation (EU) 2021/115 of 27 November 2020 amending Annex I to Regulation (EU) 2019/1021</a>#<a href=""http://data.europa.eu/eli/reg/2022/2400/oj"">Regulation (EU) 2022/2400 of the European Parliament and of the Council of 23 November 2022 amending Annexes IV and V to Regulation (EU) 2019/1021</a>#<a href=""http://data.europa.eu/eli/reg_del/2023/866/oj"">Commission Delegated Regulation (EU) 2023/866 of 24 February 2023 amending Regulation (EU) 2019/1021 of the European Parliament and of the Council as regards perfluorooctanoic acid (PFOA), its salts and PFOA-related compounds</a>","Annex I, part A#Annex IV",12-Nov-2020
"3,3,4,4,5,5,6,6,7,7,8,8,9,9,10,10,11,11,12,12,12-henicosafluorododecene",,250-173-3,30389-25-4,Yes,15-Jun-2020,"<a href=""https://eur-lex.europa.eu/eli/reg_del/2020/784/oj"">Commission Delegated Regulation (EU) 2020/784 of 8 April 2020 amending Annex I to Regulation (EU) 2019/1021 of the European Parliament and of the Council as regards the listing of perfluorooctanoic acid (PFOA), its salts and PFOA-related compounds</a>#<a href=""https://eur-lex.europa.eu/legal-content/EN/TXT/?uri=uriserv:OJ.L_.2020.220.01.0011.01.ENG&toc=OJ:L:2020:220:TOC"">Corrigendum to Commission Delegated Regulation (EU) 2020/784 of 8 April 2020 amending Annex I to Regulation (EU) 2019/1021</a>#<a href=""https://eur-lex.europa.eu/eli/reg_del/2021/115/oj"">Commission Delegated Regulation (EU) 2021/115 of 27 November 2020 amending Annex I to Regulation (EU) 2019/1021</a>#<a href=""http://data.europa.eu/eli/reg/2022/2400/oj"">Regulation (EU) 2022/2400 of the European Parliament and of the Council of 23 November 2022 amending Annexes IV and V to Regulation (EU) 2019/1021</a>#<a href=""http://data.europa.eu/eli/reg_del/2023/866/oj"">Commission Delegated Regulation (EU) 2023/866 of 24 February 2023 amending Regulation (EU) 2019/1021 of the European Parliament and of the Council as regards perfluorooctanoic acid (PFOA), its salts and PFOA-related compounds</a>","Annex I, part A#Annex IV",12-Nov-2020
Perfluorooctanoic anhydride,,251-543-7,33496-48-9,Yes,15-Jun-2020,"<a href=""https://eur-lex.europa.eu/eli/reg_del/2020/784/oj"">Commission Delegated Regulation (EU) 2020/784 of 8 April 2020 amending Annex I to Regulation (EU) 2019/1021 of the European Parliament and of the Council as regards the listing of perfluorooctanoic acid (PFOA), its salts and PFOA-related compounds</a>#<a href=""https://eur-lex.europa.eu/legal-content/EN/TXT/?uri=uriserv:OJ.L_.2020.220.01.0011.01.ENG&toc=OJ:L:2020:220:TOC"">Corrigendum to Commission Delegated Regulation (EU) 2020/784 of 8 April 2020 amending Annex I to Regulation (EU) 2019/1021</a>#<a href=""https://eur-lex.europa.eu/eli/reg_del/2021/115/oj"">Commission Delegated Regulation (EU) 2021/115 of 27 November 2020 amending Annex I to Regulation (EU) 2019/1021</a>#<a href=""http://data.europa.eu/eli/reg/2022/2400/oj"">Regulation (EU) 2022/2400 of the European Parliament and of the Council of 23 November 2022 amending Annexes IV and V to Regulation (EU) 2019/1021</a>#<a href=""http://data.europa.eu/eli/reg_del/2023/866/oj"">Commission Delegated Regulation (EU) 2023/866 of 24 February 2023 amending Regulation (EU) 2019/1021 of the European Parliament and of the Council as regards perfluorooctanoic acid (PFOA), its salts and PFOA-related compounds</a>","Annex I, part A#Annex IV",12-Nov-2020
"Fatty acids, C7-13, perfluoro",,269-801-2,68333-92-6,Yes,15-Jun-2020,"<a href=""https://eur-lex.europa.eu/eli/reg_del/2020/784/oj"">Commission Delegated Regulation (EU) 2020/784 of 8 April 2020 amending Annex I to Regulation (EU) 2019/1021 of the European Parliament and of the Council as regards the listing of perfluorooctanoic acid (PFOA), its salts and PFOA-related compounds</a>#<a href=""https://eur-lex.europa.eu/legal-content/EN/TXT/?uri=uriserv:OJ.L_.2020.220.01.0011.01.ENG&toc=OJ:L:2020:220:TOC"">Corrigendum to Commission Delegated Regulation (EU) 2020/784 of 8 April 2020 amending Annex I to Regulation (EU) 2019/1021</a>#<a href=""https://eur-lex.europa.eu/eli/reg_del/2021/115/oj"">Commission Delegated Regulation (EU) 2021/115 of 27 November 2020 amending Annex I to Regulation (EU) 2019/1021</a>#<a href=""http://data.europa.eu/eli/reg/2022/2400/oj"">Regulation (EU) 2022/2400 of the European Parliament and of the Council of 23 November 2022 amending Annexes IV and V to Regulation (EU) 2019/1021</a>#<a href=""http://data.europa.eu/eli/reg_del/2023/866/oj"">Commission Delegated Regulation (EU) 2023/866 of 24 February 2023 amending Regulation (EU) 2019/1021 of the European Parliament and of the Council as regards perfluorooctanoic acid (PFOA), its salts and PFOA-related compounds</a>","Annex I, part A#Annex IV",12-Nov-2020
"Phosphinic acid, bis(perfluoro-C6-12-alkyl) derivs.",,270-206-5,68412-69-1,Yes,15-Jun-2020,"<a href=""https://eur-lex.europa.eu/eli/reg_del/2020/784/oj"">Commission Delegated Regulation (EU) 2020/784 of 8 April 2020 amending Annex I to Regulation (EU) 2019/1021 of the European Parliament and of the Council as regards the listing of perfluorooctanoic acid (PFOA), its salts and PFOA-related compounds</a>#<a href=""https://eur-lex.europa.eu/legal-content/EN/TXT/?uri=uriserv:OJ.L_.2020.220.01.0011.01.ENG&toc=OJ:L:2020:220:TOC"">Corrigendum to Commission Delegated Regulation (EU) 2020/784 of 8 April 2020 amending Annex I to Regulation (EU) 2019/1021</a>#<a href=""https://eur-lex.europa.eu/eli/reg_del/2021/115/oj"">Commission Delegated Regulation (EU) 2021/115 of 27 November 2020 amending Annex I to Regulation (EU) 2019/1021</a>#<a href=""http://data.europa.eu/eli/reg/2022/2400/oj"">Regulation (EU) 2022/2400 of the European Parliament and of the Council of 23 November 2022 amending Annexes IV and V to Regulation (EU) 2019/1021</a>#<a href=""http://data.europa.eu/eli/reg_del/2023/866/oj"">Commission Delegated Regulation (EU) 2023/866 of 24 February 2023 amending Regulation (EU) 2019/1021 of the European Parliament and of the Council as regards perfluorooctanoic acid (PFOA), its salts and PFOA-related compounds</a>","Annex I, part A#Annex IV",12-Nov-2020
"3,3,4,4,5,5,6,6,7,7,8,8,9,9,10,10,11,11,12,12,13,14,14,14-tetracosafluoro-13-(trifluoromethyl)tetradecyl acrylate",,258-277-0,52956-82-8,Yes,15-Jun-2020,"<a href=""https://eur-lex.europa.eu/eli/reg_del/2020/784/oj"">Commission Delegated Regulation (EU) 2020/784 of 8 April 2020 amending Annex I to Regulation (EU) 2019/1021 of the European Parliament and of the Council as regards the listing of perfluorooctanoic acid (PFOA), its salts and PFOA-related compounds</a>#<a href=""https://eur-lex.europa.eu/legal-content/EN/TXT/?uri=uriserv:OJ.L_.2020.220.01.0011.01.ENG&toc=OJ:L:2020:220:TOC"">Corrigendum to Commission Delegated Regulation (EU) 2020/784 of 8 April 2020 amending Annex I to Regulation (EU) 2019/1021</a>#<a href=""https://eur-lex.europa.eu/eli/reg_del/2021/115/oj"">Commission Delegated Regulation (EU) 2021/115 of 27 November 2020 amending Annex I to Regulation (EU) 2019/1021</a>#<a href=""http://data.europa.eu/eli/reg/2022/2400/oj"">Regulation (EU) 2022/2400 of the European Parliament and of the Council of 23 November 2022 amending Annexes IV and V to Regulation (EU) 2019/1021</a>#<a href=""http://data.europa.eu/eli/reg_del/2023/866/oj"">Commission Delegated Regulation (EU) 2023/866 of 24 February 2023 amending Regulation (EU) 2019/1021 of the European Parliament and of the Council as regards perfluorooctanoic acid (PFOA), its salts and PFOA-related compounds</a>","Annex I, part A#Annex IV",12-Nov-2020
"3,3,4,4,5,5,6,6,7,7,8,8,9,9,10,10,11,11,12,12,12-henicosafluorododecyl dihydrogen phosphate",,260-900-6,57678-05-4,Yes,15-Jun-2020,"<a href=""https://eur-lex.europa.eu/eli/reg_del/2020/784/oj"">Commission Delegated Regulation (EU) 2020/784 of 8 April 2020 amending Annex I to Regulation (EU) 2019/1021 of the European Parliament and of the Council as regards the listing of perfluorooctanoic acid (PFOA), its salts and PFOA-related compounds</a>#<a href=""https://eur-lex.europa.eu/legal-content/EN/TXT/?uri=uriserv:OJ.L_.2020.220.01.0011.01.ENG&toc=OJ:L:2020:220:TOC"">Corrigendum to Commission Delegated Regulation (EU) 2020/784 of 8 April 2020 amending Annex I to Regulation (EU) 2019/1021</a>#<a href=""https://eur-lex.europa.eu/eli/reg_del/2021/115/oj"">Commission Delegated Regulation (EU) 2021/115 of 27 November 2020 amending Annex I to Regulation (EU) 2019/1021</a>#<a href=""http://data.europa.eu/eli/reg/2022/2400/oj"">Regulation (EU) 2022/2400 of the European Parliament and of the Council of 23 November 2022 amending Annexes IV and V to Regulation (EU) 2019/1021</a>#<a href=""http://data.europa.eu/eli/reg_del/2023/866/oj"">Commission Delegated Regulation (EU) 2023/866 of 24 February 2023 amending Regulation (EU) 2019/1021 of the European Parliament and of the Council as regards perfluorooctanoic acid (PFOA), its salts and PFOA-related compounds</a>","Annex I, part A#Annex IV",12-Nov-2020
"3,3,4,4,5,5,6,6,7,7,8,8,9,9,10,10,11,11,12,12,13,13,14,14,15,15,16,16,16-nonacosafluorohexadecanol",,262-382-7,60699-51-6,Yes,15-Jun-2020,"<a href=""https://eur-lex.europa.eu/eli/reg_del/2020/784/oj"">Commission Delegated Regulation (EU) 2020/784 of 8 April 2020 amending Annex I to Regulation (EU) 2019/1021 of the European Parliament and of the Council as regards the listing of perfluorooctanoic acid (PFOA), its salts and PFOA-related compounds</a>#<a href=""https://eur-lex.europa.eu/legal-content/EN/TXT/?uri=uriserv:OJ.L_.2020.220.01.0011.01.ENG&toc=OJ:L:2020:220:TOC"">Corrigendum to Commission Delegated Regulation (EU) 2020/784 of 8 April 2020 amending Annex I to Regulation (EU) 2019/1021</a>#<a href=""https://eur-lex.europa.eu/eli/reg_del/2021/115/oj"">Commission Delegated Regulation (EU) 2021/115 of 27 November 2020 amending Annex I to Regulation (EU) 2019/1021</a>#<a href=""http://data.europa.eu/eli/reg/2022/2400/oj"">Regulation (EU) 2022/2400 of the European Parliament and of the Council of 23 November 2022 amending Annexes IV and V to Regulation (EU) 2019/1021</a>#<a href=""http://data.europa.eu/eli/reg_del/2023/866/oj"">Commission Delegated Regulation (EU) 2023/866 of 24 February 2023 amending Regulation (EU) 2019/1021 of the European Parliament and of the Council as regards perfluorooctanoic acid (PFOA), its salts and PFOA-related compounds</a>","Annex I, part A#Annex IV",12-Nov-2020
"4,4,5,5,6,6,7,7,8,8,9,9,10,10,11,11,12,13,13,13-icosafluoro-2-hydroxy-12-(trifluoromethyl)tridecyl dihydrogen phosphate",,264-076-9,63295-27-2,Yes,15-Jun-2020,"<a href=""https://eur-lex.europa.eu/eli/reg_del/2020/784/oj"">Commission Delegated Regulation (EU) 2020/784 of 8 April 2020 amending Annex I to Regulation (EU) 2019/1021 of the European Parliament and of the Council as regards the listing of perfluorooctanoic acid (PFOA), its salts and PFOA-related compounds</a>#<a href=""https://eur-lex.europa.eu/legal-content/EN/TXT/?uri=uriserv:OJ.L_.2020.220.01.0011.01.ENG&toc=OJ:L:2020:220:TOC"">Corrigendum to Commission Delegated Regulation (EU) 2020/784 of 8 April 2020 amending Annex I to Regulation (EU) 2019/1021</a>#<a href=""https://eur-lex.europa.eu/eli/reg_del/2021/115/oj"">Commission Delegated Regulation (EU) 2021/115 of 27 November 2020 amending Annex I to Regulation (EU) 2019/1021</a>#<a href=""http://data.europa.eu/eli/reg/2022/2400/oj"">Regulation (EU) 2022/2400 of the European Parliament and of the Council of 23 November 2022 amending Annexes IV and V to Regulation (EU) 2019/1021</a>#<a href=""http://data.europa.eu/eli/reg_del/2023/866/oj"">Commission Delegated Regulation (EU) 2023/866 of 24 February 2023 amending Regulation (EU) 2019/1021 of the European Parliament and of the Council as regards perfluorooctanoic acid (PFOA), its salts and PFOA-related compounds</a>","Annex I, part A#Annex IV",12-Nov-2020
"4,4,5,5,6,6,7,7,8,8,9,9,10,10,11,11,12,12,13,13,14,15,15,15-tetracosafluoro-2-hydroxy-14-(trifluoromethyl)pentadecyl dihydrogen phosphate",,264-077-4,63295-28-3,Yes,15-Jun-2020,"<a href=""https://eur-lex.europa.eu/eli/reg_del/2020/784/oj"">Commission Delegated Regulation (EU) 2020/784 of 8 April 2020 amending Annex I to Regulation (EU) 2019/1021 of the European Parliament and of the Council as regards the listing of perfluorooctanoic acid (PFOA), its salts and PFOA-related compounds</a>#<a href=""https://eur-lex.europa.eu/legal-content/EN/TXT/?uri=uriserv:OJ.L_.2020.220.01.0011.01.ENG&toc=OJ:L:2020:220:TOC"">Corrigendum to Commission Delegated Regulation (EU) 2020/784 of 8 April 2020 amending Annex I to Regulation (EU) 2019/1021</a>#<a href=""https://eur-lex.europa.eu/eli/reg_del/2021/115/oj"">Commission Delegated Regulation (EU) 2021/115 of 27 November 2020 amending Annex I to Regulation (EU) 2019/1021</a>#<a href=""http://data.europa.eu/eli/reg/2022/2400/oj"">Regulation (EU) 2022/2400 of the European Parliament and of the Council of 23 November 2022 amending Annexes IV and V to Regulation (EU) 2019/1021</a>#<a href=""http://data.europa.eu/eli/reg_del/2023/866/oj"">Commission Delegated Regulation (EU) 2023/866 of 24 February 2023 amending Regulation (EU) 2019/1021 of the European Parliament and of the Council as regards perfluorooctanoic acid (PFOA), its salts and PFOA-related compounds</a>","Annex I, part A#Annex IV",12-Nov-2020
"4,4,5,5,6,6,7,7,8,8,9,9,10,10,11,11,12,12,13,13,14,14,15,15,16,17,17,17-octacosafluoro-2-hydroxy-16-(trifluoromethyl)heptadecyl dihydrogen phosphate",,264-079-5,63295-29-4,Yes,15-Jun-2020,"<a href=""https://eur-lex.europa.eu/eli/reg_del/2020/784/oj"">Commission Delegated Regulation (EU) 2020/784 of 8 April 2020 amending Annex I to Regulation (EU) 2019/1021 of the European Parliament and of the Council as regards the listing of perfluorooctanoic acid (PFOA), its salts and PFOA-related compounds</a>#<a href=""https://eur-lex.europa.eu/legal-content/EN/TXT/?uri=uriserv:OJ.L_.2020.220.01.0011.01.ENG&toc=OJ:L:2020:220:TOC"">Corrigendum to Commission Delegated Regulation (EU) 2020/784 of 8 April 2020 amending Annex I to Regulation (EU) 2019/1021</a>#<a href=""https://eur-lex.europa.eu/eli/reg_del/2021/115/oj"">Commission Delegated Regulation (EU) 2021/115 of 27 November 2020 amending Annex I to Regulation (EU) 2019/1021</a>#<a href=""http://data.europa.eu/eli/reg/2022/2400/oj"">Regulation (EU) 2022/2400 of the European Parliament and of the Council of 23 November 2022 amending Annexes IV and V to Regulation (EU) 2019/1021</a>#<a href=""http://data.europa.eu/eli/reg_del/2023/866/oj"">Commission Delegated Regulation (EU) 2023/866 of 24 February 2023 amending Regulation (EU) 2019/1021 of the European Parliament and of the Council as regards perfluorooctanoic acid (PFOA), its salts and PFOA-related compounds</a>","Annex I, part A#Annex IV",12-Nov-2020
"1,1,1,2,2,3,3,4,4,5,5,6,6,7,7,8,8,9,9,10,10,11,11,12,12,13,13,14,14-nonacosafluoro-16-iodohexadecane",,265-800-6,65510-55-6,Yes,15-Jun-2020,"<a href=""https://eur-lex.europa.eu/eli/reg_del/2020/784/oj"">Commission Delegated Regulation (EU) 2020/784 of 8 April 2020 amending Annex I to Regulation (EU) 2019/1021 of the European Parliament and of the Council as regards the listing of perfluorooctanoic acid (PFOA), its salts and PFOA-related compounds</a>#<a href=""https://eur-lex.europa.eu/legal-content/EN/TXT/?uri=uriserv:OJ.L_.2020.220.01.0011.01.ENG&toc=OJ:L:2020:220:TOC"">Corrigendum to Commission Delegated Regulation (EU) 2020/784 of 8 April 2020 amending Annex I to Regulation (EU) 2019/1021</a>#<a href=""https://eur-lex.europa.eu/eli/reg_del/2021/115/oj"">Commission Delegated Regulation (EU) 2021/115 of 27 November 2020 amending Annex I to Regulation (EU) 2019/1021</a>#<a href=""http://data.europa.eu/eli/reg/2022/2400/oj"">Regulation (EU) 2022/2400 of the European Parliament and of the Council of 23 November 2022 amending Annexes IV and V to Regulation (EU) 2019/1021</a>#<a href=""http://data.europa.eu/eli/reg_del/2023/866/oj"">Commission Delegated Regulation (EU) 2023/866 of 24 February 2023 amending Regulation (EU) 2019/1021 of the European Parliament and of the Council as regards perfluorooctanoic acid (PFOA), its salts and PFOA-related compounds</a>","Annex I, part A#Annex IV",12-Nov-2020
"1,1,1,2,2,3,3,4,4,5,5,6,6,7,7,8,8,9,9-nonadecafluoro-11-iodoundecane",,265-801-1,65510-56-7,Yes,15-Jun-2020,"<a href=""https://eur-lex.europa.eu/eli/reg_del/2020/784/oj"">Commission Delegated Regulation (EU) 2020/784 of 8 April 2020 amending Annex I to Regulation (EU) 2019/1021 of the European Parliament and of the Council as regards the listing of perfluorooctanoic acid (PFOA), its salts and PFOA-related compounds</a>#<a href=""https://eur-lex.europa.eu/legal-content/EN/TXT/?uri=uriserv:OJ.L_.2020.220.01.0011.01.ENG&toc=OJ:L:2020:220:TOC"">Corrigendum to Commission Delegated Regulation (EU) 2020/784 of 8 April 2020 amending Annex I to Regulation (EU) 2019/1021</a>#<a href=""https://eur-lex.europa.eu/eli/reg_del/2021/115/oj"">Commission Delegated Regulation (EU) 2021/115 of 27 November 2020 amending Annex I to Regulation (EU) 2019/1021</a>#<a href=""http://data.europa.eu/eli/reg/2022/2400/oj"">Regulation (EU) 2022/2400 of the European Parliament and of the Council of 23 November 2022 amending Annexes IV and V to Regulation (EU) 2019/1021</a>#<a href=""http://data.europa.eu/eli/reg_del/2023/866/oj"">Commission Delegated Regulation (EU) 2023/866 of 24 February 2023 amending Regulation (EU) 2019/1021 of the European Parliament and of the Council as regards perfluorooctanoic acid (PFOA), its salts and PFOA-related compounds</a>","Annex I, part A#Annex IV",12-Nov-2020
Chromium(3+) perfluorooctanoate,,268-824-5,68141-02-6,Yes,15-Jun-2020,"<a href=""https://eur-lex.europa.eu/eli/reg_del/2020/784/oj"">Commission Delegated Regulation (EU) 2020/784 of 8 April 2020 amending Annex I to Regulation (EU) 2019/1021 of the European Parliament and of the Council as regards the listing of perfluorooctanoic acid (PFOA), its salts and PFOA-related compounds</a>#<a href=""https://eur-lex.europa.eu/legal-content/EN/TXT/?uri=uriserv:OJ.L_.2020.220.01.0011.01.ENG&toc=OJ:L:2020:220:TOC"">Corrigendum to Commission Delegated Regulation (EU) 2020/784 of 8 April 2020 amending Annex I to Regulation (EU) 2019/1021</a>#<a href=""https://eur-lex.europa.eu/eli/reg_del/2021/115/oj"">Commission Delegated Regulation (EU) 2021/115 of 27 November 2020 amending Annex I to Regulation (EU) 2019/1021</a>#<a href=""http://data.europa.eu/eli/reg/2022/2400/oj"">Regulation (EU) 2022/2400 of the European Parliament and of the Council of 23 November 2022 amending Annexes IV and V to Regulation (EU) 2019/1021</a>#<a href=""http://data.europa.eu/eli/reg_del/2023/866/oj"">Commission Delegated Regulation (EU) 2023/866 of 24 February 2023 amending Regulation (EU) 2019/1021 of the European Parliament and of the Council as regards perfluorooctanoic acid (PFOA), its salts and PFOA-related compounds</a>","Annex I, part A#Annex IV",12-Nov-2020
"Propanamide, 3-[(γ-ω-perfluoro-C4-10-alkyl)thio] derivs.",,269-095-6,68187-42-8,Yes,15-Jun-2020,"<a href=""https://eur-lex.europa.eu/eli/reg_del/2020/784/oj"">Commission Delegated Regulation (EU) 2020/784 of 8 April 2020 amending Annex I to Regulation (EU) 2019/1021 of the European Parliament and of the Council as regards the listing of perfluorooctanoic acid (PFOA), its salts and PFOA-related compounds</a>#<a href=""https://eur-lex.europa.eu/legal-content/EN/TXT/?uri=uriserv:OJ.L_.2020.220.01.0011.01.ENG&toc=OJ:L:2020:220:TOC"">Corrigendum to Commission Delegated Regulation (EU) 2020/784 of 8 April 2020 amending Annex I to Regulation (EU) 2019/1021</a>#<a href=""https://eur-lex.europa.eu/eli/reg_del/2021/115/oj"">Commission Delegated Regulation (EU) 2021/115 of 27 November 2020 amending Annex I to Regulation (EU) 2019/1021</a>#<a href=""http://data.europa.eu/eli/reg/2022/2400/oj"">Regulation (EU) 2022/2400 of the European Parliament and of the Council of 23 November 2022 amending Annexes IV and V to Regulation (EU) 2019/1021</a>#<a href=""http://data.europa.eu/eli/reg_del/2023/866/oj"">Commission Delegated Regulation (EU) 2023/866 of 24 February 2023 amending Regulation (EU) 2019/1021 of the European Parliament and of the Council as regards perfluorooctanoic acid (PFOA), its salts and PFOA-related compounds</a>","Annex I, part A#Annex IV",12-Nov-2020
"Alkyl iodides, C4-20, γ-ω-perfluoro",,269-141-5,68188-12-5,Yes,15-Jun-2020,"<a href=""https://eur-lex.europa.eu/eli/reg_del/2020/784/oj"">Commission Delegated Regulation (EU) 2020/784 of 8 April 2020 amending Annex I to Regulation (EU) 2019/1021 of the European Parliament and of the Council as regards the listing of perfluorooctanoic acid (PFOA), its salts and PFOA-related compounds</a>#<a href=""https://eur-lex.europa.eu/legal-content/EN/TXT/?uri=uriserv:OJ.L_.2020.220.01.0011.01.ENG&toc=OJ:L:2020:220:TOC"">Corrigendum to Commission Delegated Regulation (EU) 2020/784 of 8 April 2020 amending Annex I to Regulation (EU) 2019/1021</a>#<a href=""https://eur-lex.europa.eu/eli/reg_del/2021/115/oj"">Commission Delegated Regulation (EU) 2021/115 of 27 November 2020 amending Annex I to Regulation (EU) 2019/1021</a>#<a href=""http://data.europa.eu/eli/reg/2022/2400/oj"">Regulation (EU) 2022/2400 of the European Parliament and of the Council of 23 November 2022 amending Annexes IV and V to Regulation (EU) 2019/1021</a>#<a href=""http://data.europa.eu/eli/reg_del/2023/866/oj"">Commission Delegated Regulation (EU) 2023/866 of 24 February 2023 amending Regulation (EU) 2019/1021 of the European Parliament and of the Council as regards perfluorooctanoic acid (PFOA), its salts and PFOA-related compounds</a>","Annex I, part A#Annex IV",12-Nov-2020
"2-Propenoic acid, γ-ω-perfluoro-C8-14-alkyl esters",,288-003-5,85631-54-5,Yes,15-Jun-2020,"<a href=""https://eur-lex.europa.eu/eli/reg_del/2020/784/oj"">Commission Delegated Regulation (EU) 2020/784 of 8 April 2020 amending Annex I to Regulation (EU) 2019/1021 of the European Parliament and of the Council as regards the listing of perfluorooctanoic acid (PFOA), its salts and PFOA-related compounds</a>#<a href=""https://eur-lex.europa.eu/legal-content/EN/TXT/?uri=uriserv:OJ.L_.2020.220.01.0011.01.ENG&toc=OJ:L:2020:220:TOC"">Corrigendum to Commission Delegated Regulation (EU) 2020/784 of 8 April 2020 amending Annex I to Regulation (EU) 2019/1021</a>#<a href=""https://eur-lex.europa.eu/eli/reg_del/2021/115/oj"">Commission Delegated Regulation (EU) 2021/115 of 27 November 2020 amending Annex I to Regulation (EU) 2019/1021</a>#<a href=""http://data.europa.eu/eli/reg/2022/2400/oj"">Regulation (EU) 2022/2400 of the European Parliament and of the Council of 23 November 2022 amending Annexes IV and V to Regulation (EU) 2019/1021</a>#<a href=""http://data.europa.eu/eli/reg_del/2023/866/oj"">Commission Delegated Regulation (EU) 2023/866 of 24 February 2023 amending Regulation (EU) 2019/1021 of the European Parliament and of the Council as regards perfluorooctanoic acid (PFOA), its salts and PFOA-related compounds</a>","Annex I, part A#Annex IV",12-Nov-2020
"Thiols, C8-20, .gamma.-.omega.-perfluoro, telomers with acrylamide",,687-657-2,70969-47-0,Yes,15-Jun-2020,"<a href=""https://eur-lex.europa.eu/eli/reg_del/2020/784/oj"">Commission Delegated Regulation (EU) 2020/784 of 8 April 2020 amending Annex I to Regulation (EU) 2019/1021 of the European Parliament and of the Council as regards the listing of perfluorooctanoic acid (PFOA), its salts and PFOA-related compounds</a>#<a href=""https://eur-lex.europa.eu/legal-content/EN/TXT/?uri=uriserv:OJ.L_.2020.220.01.0011.01.ENG&toc=OJ:L:2020:220:TOC"">Corrigendum to Commission Delegated Regulation (EU) 2020/784 of 8 April 2020 amending Annex I to Regulation (EU) 2019/1021</a>#<a href=""https://eur-lex.europa.eu/eli/reg_del/2021/115/oj"">Commission Delegated Regulation (EU) 2021/115 of 27 November 2020 amending Annex I to Regulation (EU) 2019/1021</a>#<a href=""http://data.europa.eu/eli/reg/2022/2400/oj"">Regulation (EU) 2022/2400 of the European Parliament and of the Council of 23 November 2022 amending Annexes IV and V to Regulation (EU) 2019/1021</a>#<a href=""http://data.europa.eu/eli/reg_del/2023/866/oj"">Commission Delegated Regulation (EU) 2023/866 of 24 February 2023 amending Regulation (EU) 2019/1021 of the European Parliament and of the Council as regards perfluorooctanoic acid (PFOA), its salts and PFOA-related compounds</a>","Annex I, part A#Annex IV",12-Nov-2020
"Diammonium 4,4,5,5,6,6,7,7,8,8,9,9,10,10,11,11,12,12,13,13,14,15,15,15-tetracosafluoro-2-hydroxy-14-(trifluoromethyl)pentadecyl phosphate",,303-529-8,94200-51-8,Yes,15-Jun-2020,"<a href=""https://eur-lex.europa.eu/eli/reg_del/2020/784/oj"">Commission Delegated Regulation (EU) 2020/784 of 8 April 2020 amending Annex I to Regulation (EU) 2019/1021 of the European Parliament and of the Council as regards the listing of perfluorooctanoic acid (PFOA), its salts and PFOA-related compounds</a>#<a href=""https://eur-lex.europa.eu/legal-content/EN/TXT/?uri=uriserv:OJ.L_.2020.220.01.0011.01.ENG&toc=OJ:L:2020:220:TOC"">Corrigendum to Commission Delegated Regulation (EU) 2020/784 of 8 April 2020 amending Annex I to Regulation (EU) 2019/1021</a>#<a href=""https://eur-lex.europa.eu/eli/reg_del/2021/115/oj"">Commission Delegated Regulation (EU) 2021/115 of 27 November 2020 amending Annex I to Regulation (EU) 2019/1021</a>#<a href=""http://data.europa.eu/eli/reg/2022/2400/oj"">Regulation (EU) 2022/2400 of the European Parliament and of the Council of 23 November 2022 amending Annexes IV and V to Regulation (EU) 2019/1021</a>#<a href=""http://data.europa.eu/eli/reg_del/2023/866/oj"">Commission Delegated Regulation (EU) 2023/866 of 24 February 2023 amending Regulation (EU) 2019/1021 of the European Parliament and of the Council as regards perfluorooctanoic acid (PFOA), its salts and PFOA-related compounds</a>","Annex I, part A#Annex IV",12-Nov-2020
"Diammonium 4,4,5,5,6,6,7,7,8,8,9,9,10,10,11,11,12,12,13,13,14,14,15,15,16,17,17,17-octacosafluoro-2-hydroxy-16-(trifluoromethyl)heptadecyl phosphate",,303-530-3,94200-52-9,Yes,15-Jun-2020,"<a href=""https://eur-lex.europa.eu/eli/reg_del/2020/784/oj"">Commission Delegated Regulation (EU) 2020/784 of 8 April 2020 amending Annex I to Regulation (EU) 2019/1021 of the European Parliament and of the Council as regards the listing of perfluorooctanoic acid (PFOA), its salts and PFOA-related compounds</a>#<a href=""https://eur-lex.europa.eu/legal-content/EN/TXT/?uri=uriserv:OJ.L_.2020.220.01.0011.01.ENG&toc=OJ:L:2020:220:TOC"">Corrigendum to Commission Delegated Regulation (EU) 2020/784 of 8 April 2020 amending Annex I to Regulation (EU) 2019/1021</a>#<a href=""https://eur-lex.europa.eu/eli/reg_del/2021/115/oj"">Commission Delegated Regulation (EU) 2021/115 of 27 November 2020 amending Annex I to Regulation (EU) 2019/1021</a>#<a href=""http://data.europa.eu/eli/reg/2022/2400/oj"">Regulation (EU) 2022/2400 of the European Parliament and of the Council of 23 November 2022 amending Annexes IV and V to Regulation (EU) 2019/1021</a>#<a href=""http://data.europa.eu/eli/reg_del/2023/866/oj"">Commission Delegated Regulation (EU) 2023/866 of 24 February 2023 amending Regulation (EU) 2019/1021 of the European Parliament and of the Council as regards perfluorooctanoic acid (PFOA), its salts and PFOA-related compounds</a>","Annex I, part A#Annex IV",12-Nov-2020
"Carbamic acid, [2-(sulfothio)ethyl]-, C-(γ-ω-perfluoro-C6-9-alkyl) esters, monosodium salts",,305-913-0,95370-51-7,Yes,15-Jun-2020,"<a href=""https://eur-lex.europa.eu/eli/reg_del/2020/784/oj"">Commission Delegated Regulation (EU) 2020/784 of 8 April 2020 amending Annex I to Regulation (EU) 2019/1021 of the European Parliament and of the Council as regards the listing of perfluorooctanoic acid (PFOA), its salts and PFOA-related compounds</a>#<a href=""https://eur-lex.europa.eu/legal-content/EN/TXT/?uri=uriserv:OJ.L_.2020.220.01.0011.01.ENG&toc=OJ:L:2020:220:TOC"">Corrigendum to Commission Delegated Regulation (EU) 2020/784 of 8 April 2020 amending Annex I to Regulation (EU) 2019/1021</a>#<a href=""https://eur-lex.europa.eu/eli/reg_del/2021/115/oj"">Commission Delegated Regulation (EU) 2021/115 of 27 November 2020 amending Annex I to Regulation (EU) 2019/1021</a>#<a href=""http://data.europa.eu/eli/reg/2022/2400/oj"">Regulation (EU) 2022/2400 of the European Parliament and of the Council of 23 November 2022 amending Annexes IV and V to Regulation (EU) 2019/1021</a>#<a href=""http://data.europa.eu/eli/reg_del/2023/866/oj"">Commission Delegated Regulation (EU) 2023/866 of 24 February 2023 amending Regulation (EU) 2019/1021 of the European Parliament and of the Council as regards perfluorooctanoic acid (PFOA), its salts and PFOA-related compounds</a>","Annex I, part A#Annex IV",12-Nov-2020
"Alkyl iodides, C6-18, perfluoro",,292-474-2,90622-71-2,Yes,15-Jun-2020,"<a href=""https://eur-lex.europa.eu/eli/reg_del/2020/784/oj"">Commission Delegated Regulation (EU) 2020/784 of 8 April 2020 amending Annex I to Regulation (EU) 2019/1021 of the European Parliament and of the Council as regards the listing of perfluorooctanoic acid (PFOA), its salts and PFOA-related compounds</a>#<a href=""https://eur-lex.europa.eu/legal-content/EN/TXT/?uri=uriserv:OJ.L_.2020.220.01.0011.01.ENG&toc=OJ:L:2020:220:TOC"">Corrigendum to Commission Delegated Regulation (EU) 2020/784 of 8 April 2020 amending Annex I to Regulation (EU) 2019/1021</a>#<a href=""https://eur-lex.europa.eu/eli/reg_del/2021/115/oj"">Commission Delegated Regulation (EU) 2021/115 of 27 November 2020 amending Annex I to Regulation (EU) 2019/1021</a>#<a href=""http://data.europa.eu/eli/reg/2022/2400/oj"">Regulation (EU) 2022/2400 of the European Parliament and of the Council of 23 November 2022 amending Annexes IV and V to Regulation (EU) 2019/1021</a>#<a href=""http://data.europa.eu/eli/reg_del/2023/866/oj"">Commission Delegated Regulation (EU) 2023/866 of 24 February 2023 amending Regulation (EU) 2019/1021 of the European Parliament and of the Council as regards perfluorooctanoic acid (PFOA), its salts and PFOA-related compounds</a>","Annex I, part A#Annex IV",12-Nov-2020
"Amides, C7-19, α-ω-perfluoro-N,N-bis(hydroxyethyl)",,292-504-4,90622-99-4,Yes,15-Jun-2020,"<a href=""https://eur-lex.europa.eu/eli/reg_del/2020/784/oj"">Commission Delegated Regulation (EU) 2020/784 of 8 April 2020 amending Annex I to Regulation (EU) 2019/1021 of the European Parliament and of the Council as regards the listing of perfluorooctanoic acid (PFOA), its salts and PFOA-related compounds</a>#<a href=""https://eur-lex.europa.eu/legal-content/EN/TXT/?uri=uriserv:OJ.L_.2020.220.01.0011.01.ENG&toc=OJ:L:2020:220:TOC"">Corrigendum to Commission Delegated Regulation (EU) 2020/784 of 8 April 2020 amending Annex I to Regulation (EU) 2019/1021</a>#<a href=""https://eur-lex.europa.eu/eli/reg_del/2021/115/oj"">Commission Delegated Regulation (EU) 2021/115 of 27 November 2020 amending Annex I to Regulation (EU) 2019/1021</a>#<a href=""http://data.europa.eu/eli/reg/2022/2400/oj"">Regulation (EU) 2022/2400 of the European Parliament and of the Council of 23 November 2022 amending Annexes IV and V to Regulation (EU) 2019/1021</a>#<a href=""http://data.europa.eu/eli/reg_del/2023/866/oj"">Commission Delegated Regulation (EU) 2023/866 of 24 February 2023 amending Regulation (EU) 2019/1021 of the European Parliament and of the Council as regards perfluorooctanoic acid (PFOA), its salts and PFOA-related compounds</a>","Annex I, part A#Annex IV",12-Nov-2020
"Fatty acids, C7-19, perfluoro",,293-007-5,91032-01-8,Yes,15-Jun-2020,"<a href=""https://eur-lex.europa.eu/eli/reg_del/2020/784/oj"">Commission Delegated Regulation (EU) 2020/784 of 8 April 2020 amending Annex I to Regulation (EU) 2019/1021 of the European Parliament and of the Council as regards the listing of perfluorooctanoic acid (PFOA), its salts and PFOA-related compounds</a>#<a href=""https://eur-lex.europa.eu/legal-content/EN/TXT/?uri=uriserv:OJ.L_.2020.220.01.0011.01.ENG&toc=OJ:L:2020:220:TOC"">Corrigendum to Commission Delegated Regulation (EU) 2020/784 of 8 April 2020 amending Annex I to Regulation (EU) 2019/1021</a>#<a href=""https://eur-lex.europa.eu/eli/reg_del/2021/115/oj"">Commission Delegated Regulation (EU) 2021/115 of 27 November 2020 amending Annex I to Regulation (EU) 2019/1021</a>#<a href=""http://data.europa.eu/eli/reg/2022/2400/oj"">Regulation (EU) 2022/2400 of the European Parliament and of the Council of 23 November 2022 amending Annexes IV and V to Regulation (EU) 2019/1021</a>#<a href=""http://data.europa.eu/eli/reg_del/2023/866/oj"">Commission Delegated Regulation (EU) 2023/866 of 24 February 2023 amending Regulation (EU) 2019/1021 of the European Parliament and of the Council as regards perfluorooctanoic acid (PFOA), its salts and PFOA-related compounds</a>","Annex I, part A#Annex IV",12-Nov-2020
"3,3,4,4,5,5,6,6,7,7,8,8,9,9,10,10,11,11,12,12,13,13,14,14,15,16,16,16-octacosafluoro-15-(trifluoromethyl)hexadecyl acrylate",,293-843-0,91615-22-4,Yes,15-Jun-2020,"<a href=""https://eur-lex.europa.eu/eli/reg_del/2020/784/oj"">Commission Delegated Regulation (EU) 2020/784 of 8 April 2020 amending Annex I to Regulation (EU) 2019/1021 of the European Parliament and of the Council as regards the listing of perfluorooctanoic acid (PFOA), its salts and PFOA-related compounds</a>#<a href=""https://eur-lex.europa.eu/legal-content/EN/TXT/?uri=uriserv:OJ.L_.2020.220.01.0011.01.ENG&toc=OJ:L:2020:220:TOC"">Corrigendum to Commission Delegated Regulation (EU) 2020/784 of 8 April 2020 amending Annex I to Regulation (EU) 2019/1021</a>#<a href=""https://eur-lex.europa.eu/eli/reg_del/2021/115/oj"">Commission Delegated Regulation (EU) 2021/115 of 27 November 2020 amending Annex I to Regulation (EU) 2019/1021</a>#<a href=""http://data.europa.eu/eli/reg/2022/2400/oj"">Regulation (EU) 2022/2400 of the European Parliament and of the Council of 23 November 2022 amending Annexes IV and V to Regulation (EU) 2019/1021</a>#<a href=""http://data.europa.eu/eli/reg_del/2023/866/oj"">Commission Delegated Regulation (EU) 2023/866 of 24 February 2023 amending Regulation (EU) 2019/1021 of the European Parliament and of the Council as regards perfluorooctanoic acid (PFOA), its salts and PFOA-related compounds</a>","Annex I, part A#Annex IV",12-Nov-2020
"Phosphinic acid, bis(perfluoro-C6-12-alkyl) derivs., aluminum salts",,296-807-2,93062-53-4,Yes,15-Jun-2020,"<a href=""https://eur-lex.europa.eu/eli/reg_del/2020/784/oj"">Commission Delegated Regulation (EU) 2020/784 of 8 April 2020 amending Annex I to Regulation (EU) 2019/1021 of the European Parliament and of the Council as regards the listing of perfluorooctanoic acid (PFOA), its salts and PFOA-related compounds</a>#<a href=""https://eur-lex.europa.eu/legal-content/EN/TXT/?uri=uriserv:OJ.L_.2020.220.01.0011.01.ENG&toc=OJ:L:2020:220:TOC"">Corrigendum to Commission Delegated Regulation (EU) 2020/784 of 8 April 2020 amending Annex I to Regulation (EU) 2019/1021</a>#<a href=""https://eur-lex.europa.eu/eli/reg_del/2021/115/oj"">Commission Delegated Regulation (EU) 2021/115 of 27 November 2020 amending Annex I to Regulation (EU) 2019/1021</a>#<a href=""http://data.europa.eu/eli/reg/2022/2400/oj"">Regulation (EU) 2022/2400 of the European Parliament and of the Council of 23 November 2022 amending Annexes IV and V to Regulation (EU) 2019/1021</a>#<a href=""http://data.europa.eu/eli/reg_del/2023/866/oj"">Commission Delegated Regulation (EU) 2023/866 of 24 February 2023 amending Regulation (EU) 2019/1021 of the European Parliament and of the Council as regards perfluorooctanoic acid (PFOA), its salts and PFOA-related compounds</a>","Annex I, part A#Annex IV",12-Nov-2020
"1,1'-[oxybis[(1-methylethylene)oxy]]bis[4,4,5,5,6,6,7,7,8,8,9,9,10,10,11,11,12,12,13,13,14,14,15,15,15-pentacosafluoropentadecan-2-ol]",,297-925-7,93776-00-2,Yes,15-Jun-2020,"<a href=""https://eur-lex.europa.eu/eli/reg_del/2020/784/oj"">Commission Delegated Regulation (EU) 2020/784 of 8 April 2020 amending Annex I to Regulation (EU) 2019/1021 of the European Parliament and of the Council as regards the listing of perfluorooctanoic acid (PFOA), its salts and PFOA-related compounds</a>#<a href=""https://eur-lex.europa.eu/legal-content/EN/TXT/?uri=uriserv:OJ.L_.2020.220.01.0011.01.ENG&toc=OJ:L:2020:220:TOC"">Corrigendum to Commission Delegated Regulation (EU) 2020/784 of 8 April 2020 amending Annex I to Regulation (EU) 2019/1021</a>#<a href=""https://eur-lex.europa.eu/eli/reg_del/2021/115/oj"">Commission Delegated Regulation (EU) 2021/115 of 27 November 2020 amending Annex I to Regulation (EU) 2019/1021</a>#<a href=""http://data.europa.eu/eli/reg/2022/2400/oj"">Regulation (EU) 2022/2400 of the European Parliament and of the Council of 23 November 2022 amending Annexes IV and V to Regulation (EU) 2019/1021</a>#<a href=""http://data.europa.eu/eli/reg_del/2023/866/oj"">Commission Delegated Regulation (EU) 2023/866 of 24 February 2023 amending Regulation (EU) 2019/1021 of the European Parliament and of the Council as regards perfluorooctanoic acid (PFOA), its salts and PFOA-related compounds</a>","Annex I, part A#Annex IV",12-Nov-2020
"(2-carboxylatoethyl)(dimethyl)[3-[(4,4,5,5,6,6,7,7,8,8,9,9,10,10,11,11,12,12,13,13,14,14,15,15,15-pentacosafluoro-2-hydroxypentadecyl)amino]propyl]ammonium",,297-938-8,93776-12-6,Yes,15-Jun-2020,"<a href=""https://eur-lex.europa.eu/eli/reg_del/2020/784/oj"">Commission Delegated Regulation (EU) 2020/784 of 8 April 2020 amending Annex I to Regulation (EU) 2019/1021 of the European Parliament and of the Council as regards the listing of perfluorooctanoic acid (PFOA), its salts and PFOA-related compounds</a>#<a href=""https://eur-lex.europa.eu/legal-content/EN/TXT/?uri=uriserv:OJ.L_.2020.220.01.0011.01.ENG&toc=OJ:L:2020:220:TOC"">Corrigendum to Commission Delegated Regulation (EU) 2020/784 of 8 April 2020 amending Annex I to Regulation (EU) 2019/1021</a>#<a href=""https://eur-lex.europa.eu/eli/reg_del/2021/115/oj"">Commission Delegated Regulation (EU) 2021/115 of 27 November 2020 amending Annex I to Regulation (EU) 2019/1021</a>#<a href=""http://data.europa.eu/eli/reg/2022/2400/oj"">Regulation (EU) 2022/2400 of the European Parliament and of the Council of 23 November 2022 amending Annexes IV and V to Regulation (EU) 2019/1021</a>#<a href=""http://data.europa.eu/eli/reg_del/2023/866/oj"">Commission Delegated Regulation (EU) 2023/866 of 24 February 2023 amending Regulation (EU) 2019/1021 of the European Parliament and of the Council as regards perfluorooctanoic acid (PFOA), its salts and PFOA-related compounds</a>","Annex I, part A#Annex IV",12-Nov-2020
"(2-carboxylatoethyl)[3-[(4,4,5,5,6,6,7,7,8,8,9,9,10,10,11,11,12,12,13,13,13-henicosafluoro-2-hydroxytridecyl)amino]propyl]dimethylammonium",,297-939-3,93776-13-7,Yes,15-Jun-2020,"<a href=""https://eur-lex.europa.eu/eli/reg_del/2020/784/oj"">Commission Delegated Regulation (EU) 2020/784 of 8 April 2020 amending Annex I to Regulation (EU) 2019/1021 of the European Parliament and of the Council as regards the listing of perfluorooctanoic acid (PFOA), its salts and PFOA-related compounds</a>#<a href=""https://eur-lex.europa.eu/legal-content/EN/TXT/?uri=uriserv:OJ.L_.2020.220.01.0011.01.ENG&toc=OJ:L:2020:220:TOC"">Corrigendum to Commission Delegated Regulation (EU) 2020/784 of 8 April 2020 amending Annex I to Regulation (EU) 2019/1021</a>#<a href=""https://eur-lex.europa.eu/eli/reg_del/2021/115/oj"">Commission Delegated Regulation (EU) 2021/115 of 27 November 2020 amending Annex I to Regulation (EU) 2019/1021</a>#<a href=""http://data.europa.eu/eli/reg/2022/2400/oj"">Regulation (EU) 2022/2400 of the European Parliament and of the Council of 23 November 2022 amending Annexes IV and V to Regulation (EU) 2019/1021</a>#<a href=""http://data.europa.eu/eli/reg_del/2023/866/oj"">Commission Delegated Regulation (EU) 2023/866 of 24 February 2023 amending Regulation (EU) 2019/1021 of the European Parliament and of the Council as regards perfluorooctanoic acid (PFOA), its salts and PFOA-related compounds</a>","Annex I, part A#Annex IV",12-Nov-2020
"(2-carboxylatoethyl)(dimethyl)[[[4,4,5,5,6,6,7,7,8,8,9,9,10,10,11,11,12,12,13,13,14,15,15,15-tetracosafluoro-2-hydroxy-14-(trifluoromethyl)pentadecyl]amino]propyl]mmonium",,297-941-4,93776-15-9,Yes,15-Jun-2020,"<a href=""https://eur-lex.europa.eu/eli/reg_del/2020/784/oj"">Commission Delegated Regulation (EU) 2020/784 of 8 April 2020 amending Annex I to Regulation (EU) 2019/1021 of the European Parliament and of the Council as regards the listing of perfluorooctanoic acid (PFOA), its salts and PFOA-related compounds</a>#<a href=""https://eur-lex.europa.eu/legal-content/EN/TXT/?uri=uriserv:OJ.L_.2020.220.01.0011.01.ENG&toc=OJ:L:2020:220:TOC"">Corrigendum to Commission Delegated Regulation (EU) 2020/784 of 8 April 2020 amending Annex I to Regulation (EU) 2019/1021</a>#<a href=""https://eur-lex.europa.eu/eli/reg_del/2021/115/oj"">Commission Delegated Regulation (EU) 2021/115 of 27 November 2020 amending Annex I to Regulation (EU) 2019/1021</a>#<a href=""http://data.europa.eu/eli/reg/2022/2400/oj"">Regulation (EU) 2022/2400 of the European Parliament and of the Council of 23 November 2022 amending Annexes IV and V to Regulation (EU) 2019/1021</a>#<a href=""http://data.europa.eu/eli/reg_del/2023/866/oj"">Commission Delegated Regulation (EU) 2023/866 of 24 February 2023 amending Regulation (EU) 2019/1021 of the European Parliament and of the Council as regards perfluorooctanoic acid (PFOA), its salts and PFOA-related compounds</a>","Annex I, part A#Annex IV",12-Nov-2020
"Diammonium 3,3,4,4,5,5,6,6,7,7,8,8,9,9,10,10,10-heptadecafluorodecyl phosphate",,299-178-2,93857-44-4,Yes,15-Jun-2020,"<a href=""https://eur-lex.europa.eu/eli/reg_del/2020/784/oj"">Commission Delegated Regulation (EU) 2020/784 of 8 April 2020 amending Annex I to Regulation (EU) 2019/1021 of the European Parliament and of the Council as regards the listing of perfluorooctanoic acid (PFOA), its salts and PFOA-related compounds</a>#<a href=""https://eur-lex.europa.eu/legal-content/EN/TXT/?uri=uriserv:OJ.L_.2020.220.01.0011.01.ENG&toc=OJ:L:2020:220:TOC"">Corrigendum to Commission Delegated Regulation (EU) 2020/784 of 8 April 2020 amending Annex I to Regulation (EU) 2019/1021</a>#<a href=""https://eur-lex.europa.eu/eli/reg_del/2021/115/oj"">Commission Delegated Regulation (EU) 2021/115 of 27 November 2020 amending Annex I to Regulation (EU) 2019/1021</a>#<a href=""http://data.europa.eu/eli/reg/2022/2400/oj"">Regulation (EU) 2022/2400 of the European Parliament and of the Council of 23 November 2022 amending Annexes IV and V to Regulation (EU) 2019/1021</a>#<a href=""http://data.europa.eu/eli/reg_del/2023/866/oj"">Commission Delegated Regulation (EU) 2023/866 of 24 February 2023 amending Regulation (EU) 2019/1021 of the European Parliament and of the Council as regards perfluorooctanoic acid (PFOA), its salts and PFOA-related compounds</a>","Annex I, part A#Annex IV",12-Nov-2020
"3,3,4,4,5,5,6,6,7,7,8,8,9,9,10,10,11,11,12,12,13,13,14,14,15,15,16,16,17,18,18,18-dotriacontafluoro-17-(trifluoromethyl)octadecyl acrylate",,303-135-6,94158-63-1,Yes,15-Jun-2020,"<a href=""https://eur-lex.europa.eu/eli/reg_del/2020/784/oj"">Commission Delegated Regulation (EU) 2020/784 of 8 April 2020 amending Annex I to Regulation (EU) 2019/1021 of the European Parliament and of the Council as regards the listing of perfluorooctanoic acid (PFOA), its salts and PFOA-related compounds</a>#<a href=""https://eur-lex.europa.eu/legal-content/EN/TXT/?uri=uriserv:OJ.L_.2020.220.01.0011.01.ENG&toc=OJ:L:2020:220:TOC"">Corrigendum to Commission Delegated Regulation (EU) 2020/784 of 8 April 2020 amending Annex I to Regulation (EU) 2019/1021</a>#<a href=""https://eur-lex.europa.eu/eli/reg_del/2021/115/oj"">Commission Delegated Regulation (EU) 2021/115 of 27 November 2020 amending Annex I to Regulation (EU) 2019/1021</a>#<a href=""http://data.europa.eu/eli/reg/2022/2400/oj"">Regulation (EU) 2022/2400 of the European Parliament and of the Council of 23 November 2022 amending Annexes IV and V to Regulation (EU) 2019/1021</a>#<a href=""http://data.europa.eu/eli/reg_del/2023/866/oj"">Commission Delegated Regulation (EU) 2023/866 of 24 February 2023 amending Regulation (EU) 2019/1021 of the European Parliament and of the Council as regards perfluorooctanoic acid (PFOA), its salts and PFOA-related compounds</a>","Annex I, part A#Annex IV",12-Nov-2020
"3,3,4,4,5,5,6,6,7,7,8,8,9,9,10,10,11,11,12,12,13,13,14,14,15,16,16,16-octacosafluoro-15-(trifluoromethyl)hexadecyl methacrylate",,303-136-1,94158-64-2,Yes,15-Jun-2020,"<a href=""https://eur-lex.europa.eu/eli/reg_del/2020/784/oj"">Commission Delegated Regulation (EU) 2020/784 of 8 April 2020 amending Annex I to Regulation (EU) 2019/1021 of the European Parliament and of the Council as regards the listing of perfluorooctanoic acid (PFOA), its salts and PFOA-related compounds</a>#<a href=""https://eur-lex.europa.eu/legal-content/EN/TXT/?uri=uriserv:OJ.L_.2020.220.01.0011.01.ENG&toc=OJ:L:2020:220:TOC"">Corrigendum to Commission Delegated Regulation (EU) 2020/784 of 8 April 2020 amending Annex I to Regulation (EU) 2019/1021</a>#<a href=""https://eur-lex.europa.eu/eli/reg_del/2021/115/oj"">Commission Delegated Regulation (EU) 2021/115 of 27 November 2020 amending Annex I to Regulation (EU) 2019/1021</a>#<a href=""http://data.europa.eu/eli/reg/2022/2400/oj"">Regulation (EU) 2022/2400 of the European Parliament and of the Council of 23 November 2022 amending Annexes IV and V to Regulation (EU) 2019/1021</a>#<a href=""http://data.europa.eu/eli/reg_del/2023/866/oj"">Commission Delegated Regulation (EU) 2023/866 of 24 February 2023 amending Regulation (EU) 2019/1021 of the European Parliament and of the Council as regards perfluorooctanoic acid (PFOA), its salts and PFOA-related compounds</a>","Annex I, part A#Annex IV",12-Nov-2020
"3,3,4,4,5,5,6,6,7,7,8,8,9,9,10,10,11,11,12,12,13,13,14,14,15,15,16,16,17,18,18,18-dotriacontafluoro-17-(trifluoromethyl)octadecyl methacrylate",,303-137-7,94158-65-3,Yes,15-Jun-2020,"<a href=""https://eur-lex.europa.eu/eli/reg_del/2020/784/oj"">Commission Delegated Regulation (EU) 2020/784 of 8 April 2020 amending Annex I to Regulation (EU) 2019/1021 of the European Parliament and of the Council as regards the listing of perfluorooctanoic acid (PFOA), its salts and PFOA-related compounds</a>#<a href=""https://eur-lex.europa.eu/legal-content/EN/TXT/?uri=uriserv:OJ.L_.2020.220.01.0011.01.ENG&toc=OJ:L:2020:220:TOC"">Corrigendum to Commission Delegated Regulation (EU) 2020/784 of 8 April 2020 amending Annex I to Regulation (EU) 2019/1021</a>#<a href=""https://eur-lex.europa.eu/eli/reg_del/2021/115/oj"">Commission Delegated Regulation (EU) 2021/115 of 27 November 2020 amending Annex I to Regulation (EU) 2019/1021</a>#<a href=""http://data.europa.eu/eli/reg/2022/2400/oj"">Regulation (EU) 2022/2400 of the European Parliament and of the Council of 23 November 2022 amending Annexes IV and V to Regulation (EU) 2019/1021</a>#<a href=""http://data.europa.eu/eli/reg_del/2023/866/oj"">Commission Delegated Regulation (EU) 2023/866 of 24 February 2023 amending Regulation (EU) 2019/1021 of the European Parliament and of the Council as regards perfluorooctanoic acid (PFOA), its salts and PFOA-related compounds</a>","Annex I, part A#Annex IV",12-Nov-2020
"4,4,5,5,6,6,7,7,8,8,9,9,10,10,11,11,12,12,13,13,13-henicosafluoro-2-hydroxytridecyl dihydrogen phosphate",,303-142-4,94158-70-0,Yes,15-Jun-2020,"<a href=""https://eur-lex.europa.eu/eli/reg_del/2020/784/oj"">Commission Delegated Regulation (EU) 2020/784 of 8 April 2020 amending Annex I to Regulation (EU) 2019/1021 of the European Parliament and of the Council as regards the listing of perfluorooctanoic acid (PFOA), its salts and PFOA-related compounds</a>#<a href=""https://eur-lex.europa.eu/legal-content/EN/TXT/?uri=uriserv:OJ.L_.2020.220.01.0011.01.ENG&toc=OJ:L:2020:220:TOC"">Corrigendum to Commission Delegated Regulation (EU) 2020/784 of 8 April 2020 amending Annex I to Regulation (EU) 2019/1021</a>#<a href=""https://eur-lex.europa.eu/eli/reg_del/2021/115/oj"">Commission Delegated Regulation (EU) 2021/115 of 27 November 2020 amending Annex I to Regulation (EU) 2019/1021</a>#<a href=""http://data.europa.eu/eli/reg/2022/2400/oj"">Regulation (EU) 2022/2400 of the European Parliament and of the Council of 23 November 2022 amending Annexes IV and V to Regulation (EU) 2019/1021</a>#<a href=""http://data.europa.eu/eli/reg_del/2023/866/oj"">Commission Delegated Regulation (EU) 2023/866 of 24 February 2023 amending Regulation (EU) 2019/1021 of the European Parliament and of the Council as regards perfluorooctanoic acid (PFOA), its salts and PFOA-related compounds</a>","Annex I, part A#Annex IV",12-Nov-2020
"1-[[3-(dimethylamino)propyl]amino]-4,4,5,5,6,6,7,7,8,8,9,9,10,10,11,11,12,12,13,13,14,14,15,15,15-pentacosafluoropentadecan-2-ol",,303-260-6,94159-79-2,Yes,15-Jun-2020,"<a href=""https://eur-lex.europa.eu/eli/reg_del/2020/784/oj"">Commission Delegated Regulation (EU) 2020/784 of 8 April 2020 amending Annex I to Regulation (EU) 2019/1021 of the European Parliament and of the Council as regards the listing of perfluorooctanoic acid (PFOA), its salts and PFOA-related compounds</a>#<a href=""https://eur-lex.europa.eu/legal-content/EN/TXT/?uri=uriserv:OJ.L_.2020.220.01.0011.01.ENG&toc=OJ:L:2020:220:TOC"">Corrigendum to Commission Delegated Regulation (EU) 2020/784 of 8 April 2020 amending Annex I to Regulation (EU) 2019/1021</a>#<a href=""https://eur-lex.europa.eu/eli/reg_del/2021/115/oj"">Commission Delegated Regulation (EU) 2021/115 of 27 November 2020 amending Annex I to Regulation (EU) 2019/1021</a>#<a href=""http://data.europa.eu/eli/reg/2022/2400/oj"">Regulation (EU) 2022/2400 of the European Parliament and of the Council of 23 November 2022 amending Annexes IV and V to Regulation (EU) 2019/1021</a>#<a href=""http://data.europa.eu/eli/reg_del/2023/866/oj"">Commission Delegated Regulation (EU) 2023/866 of 24 February 2023 amending Regulation (EU) 2019/1021 of the European Parliament and of the Council as regards perfluorooctanoic acid (PFOA), its salts and PFOA-related compounds</a>","Annex I, part A#Annex IV",12-Nov-2020
"1-[[3-(dimethylamino)propyl]amino]-4,4,5,5,6,6,7,7,8,8,9,9,10,10,11,11,12,12,13,13,13-henicosafluorotridecan-2-ol",,303-261-1,94159-80-5,Yes,15-Jun-2020,"<a href=""https://eur-lex.europa.eu/eli/reg_del/2020/784/oj"">Commission Delegated Regulation (EU) 2020/784 of 8 April 2020 amending Annex I to Regulation (EU) 2019/1021 of the European Parliament and of the Council as regards the listing of perfluorooctanoic acid (PFOA), its salts and PFOA-related compounds</a>#<a href=""https://eur-lex.europa.eu/legal-content/EN/TXT/?uri=uriserv:OJ.L_.2020.220.01.0011.01.ENG&toc=OJ:L:2020:220:TOC"">Corrigendum to Commission Delegated Regulation (EU) 2020/784 of 8 April 2020 amending Annex I to Regulation (EU) 2019/1021</a>#<a href=""https://eur-lex.europa.eu/eli/reg_del/2021/115/oj"">Commission Delegated Regulation (EU) 2021/115 of 27 November 2020 amending Annex I to Regulation (EU) 2019/1021</a>#<a href=""http://data.europa.eu/eli/reg/2022/2400/oj"">Regulation (EU) 2022/2400 of the European Parliament and of the Council of 23 November 2022 amending Annexes IV and V to Regulation (EU) 2019/1021</a>#<a href=""http://data.europa.eu/eli/reg_del/2023/866/oj"">Commission Delegated Regulation (EU) 2023/866 of 24 February 2023 amending Regulation (EU) 2019/1021 of the European Parliament and of the Council as regards perfluorooctanoic acid (PFOA), its salts and PFOA-related compounds</a>","Annex I, part A#Annex IV",12-Nov-2020
"1-[[3-(dimethylamino)propyl]amino]-4,4,5,5,6,6,7,7,8,8,9,9,10,10,11,11,12,12,13,13,14,15,15,15-tetracosafluoro-14-(trifluoromethyl)pentadecan-2-ol",,303-263-2,94159-82-7,Yes,15-Jun-2020,"<a href=""https://eur-lex.europa.eu/eli/reg_del/2020/784/oj"">Commission Delegated Regulation (EU) 2020/784 of 8 April 2020 amending Annex I to Regulation (EU) 2019/1021 of the European Parliament and of the Council as regards the listing of perfluorooctanoic acid (PFOA), its salts and PFOA-related compounds</a>#<a href=""https://eur-lex.europa.eu/legal-content/EN/TXT/?uri=uriserv:OJ.L_.2020.220.01.0011.01.ENG&toc=OJ:L:2020:220:TOC"">Corrigendum to Commission Delegated Regulation (EU) 2020/784 of 8 April 2020 amending Annex I to Regulation (EU) 2019/1021</a>#<a href=""https://eur-lex.europa.eu/eli/reg_del/2021/115/oj"">Commission Delegated Regulation (EU) 2021/115 of 27 November 2020 amending Annex I to Regulation (EU) 2019/1021</a>#<a href=""http://data.europa.eu/eli/reg/2022/2400/oj"">Regulation (EU) 2022/2400 of the European Parliament and of the Council of 23 November 2022 amending Annexes IV and V to Regulation (EU) 2019/1021</a>#<a href=""http://data.europa.eu/eli/reg_del/2023/866/oj"">Commission Delegated Regulation (EU) 2023/866 of 24 February 2023 amending Regulation (EU) 2019/1021 of the European Parliament and of the Council as regards perfluorooctanoic acid (PFOA), its salts and PFOA-related compounds</a>","Annex I, part A#Annex IV",12-Nov-2020
"1-[[3-(dimethylamino)propyl]amino]-4,4,5,5,6,6,7,7,8,8,9,9,10,10,11,11,12,13,13,13-icosafluoro-12-(trifluoromethyl)tridecan-1-ol",,303-264-8,94159-83-8,Yes,15-Jun-2020,"<a href=""https://eur-lex.europa.eu/eli/reg_del/2020/784/oj"">Commission Delegated Regulation (EU) 2020/784 of 8 April 2020 amending Annex I to Regulation (EU) 2019/1021 of the European Parliament and of the Council as regards the listing of perfluorooctanoic acid (PFOA), its salts and PFOA-related compounds</a>#<a href=""https://eur-lex.europa.eu/legal-content/EN/TXT/?uri=uriserv:OJ.L_.2020.220.01.0011.01.ENG&toc=OJ:L:2020:220:TOC"">Corrigendum to Commission Delegated Regulation (EU) 2020/784 of 8 April 2020 amending Annex I to Regulation (EU) 2019/1021</a>#<a href=""https://eur-lex.europa.eu/eli/reg_del/2021/115/oj"">Commission Delegated Regulation (EU) 2021/115 of 27 November 2020 amending Annex I to Regulation (EU) 2019/1021</a>#<a href=""http://data.europa.eu/eli/reg/2022/2400/oj"">Regulation (EU) 2022/2400 of the European Parliament and of the Council of 23 November 2022 amending Annexes IV and V to Regulation (EU) 2019/1021</a>#<a href=""http://data.europa.eu/eli/reg_del/2023/866/oj"">Commission Delegated Regulation (EU) 2023/866 of 24 February 2023 amending Regulation (EU) 2019/1021 of the European Parliament and of the Council as regards perfluorooctanoic acid (PFOA), its salts and PFOA-related compounds</a>","Annex I, part A#Annex IV",12-Nov-2020
"Diammonium 4,4,5,5,6,6,7,7,8,8,9,9,10,10,11,11,11-heptadecafluoro-2-hydroxyundecyl phosphate",,303-523-5,94200-45-0,Yes,15-Jun-2020,"<a href=""https://eur-lex.europa.eu/eli/reg_del/2020/784/oj"">Commission Delegated Regulation (EU) 2020/784 of 8 April 2020 amending Annex I to Regulation (EU) 2019/1021 of the European Parliament and of the Council as regards the listing of perfluorooctanoic acid (PFOA), its salts and PFOA-related compounds</a>#<a href=""https://eur-lex.europa.eu/legal-content/EN/TXT/?uri=uriserv:OJ.L_.2020.220.01.0011.01.ENG&toc=OJ:L:2020:220:TOC"">Corrigendum to Commission Delegated Regulation (EU) 2020/784 of 8 April 2020 amending Annex I to Regulation (EU) 2019/1021</a>#<a href=""https://eur-lex.europa.eu/eli/reg_del/2021/115/oj"">Commission Delegated Regulation (EU) 2021/115 of 27 November 2020 amending Annex I to Regulation (EU) 2019/1021</a>#<a href=""http://data.europa.eu/eli/reg/2022/2400/oj"">Regulation (EU) 2022/2400 of the European Parliament and of the Council of 23 November 2022 amending Annexes IV and V to Regulation (EU) 2019/1021</a>#<a href=""http://data.europa.eu/eli/reg_del/2023/866/oj"">Commission Delegated Regulation (EU) 2023/866 of 24 February 2023 amending Regulation (EU) 2019/1021 of the European Parliament and of the Council as regards perfluorooctanoic acid (PFOA), its salts and PFOA-related compounds</a>","Annex I, part A#Annex IV",12-Nov-2020
"Diammonium 4,4,5,5,6,6,7,7,8,8,9,9,10,10,11,11,12,12,13,13,13-henicosafluoro-2-hydroxytridecyl phosphate",,303-524-0,94200-46-1,Yes,15-Jun-2020,"<a href=""https://eur-lex.europa.eu/eli/reg_del/2020/784/oj"">Commission Delegated Regulation (EU) 2020/784 of 8 April 2020 amending Annex I to Regulation (EU) 2019/1021 of the European Parliament and of the Council as regards the listing of perfluorooctanoic acid (PFOA), its salts and PFOA-related compounds</a>#<a href=""https://eur-lex.europa.eu/legal-content/EN/TXT/?uri=uriserv:OJ.L_.2020.220.01.0011.01.ENG&toc=OJ:L:2020:220:TOC"">Corrigendum to Commission Delegated Regulation (EU) 2020/784 of 8 April 2020 amending Annex I to Regulation (EU) 2019/1021</a>#<a href=""https://eur-lex.europa.eu/eli/reg_del/2021/115/oj"">Commission Delegated Regulation (EU) 2021/115 of 27 November 2020 amending Annex I to Regulation (EU) 2019/1021</a>#<a href=""http://data.europa.eu/eli/reg/2022/2400/oj"">Regulation (EU) 2022/2400 of the European Parliament and of the Council of 23 November 2022 amending Annexes IV and V to Regulation (EU) 2019/1021</a>#<a href=""http://data.europa.eu/eli/reg_del/2023/866/oj"">Commission Delegated Regulation (EU) 2023/866 of 24 February 2023 amending Regulation (EU) 2019/1021 of the European Parliament and of the Council as regards perfluorooctanoic acid (PFOA), its salts and PFOA-related compounds</a>","Annex I, part A#Annex IV",12-Nov-2020
"Diammonium 4,4,5,5,6,6,7,7,8,8,9,9,10,10,11,11,12,12,13,13,14,14,15,15,15-pentacosafluoro-2-hydroxypentadecyl phosphate",,303-525-6,94200-47-2,Yes,15-Jun-2020,"<a href=""https://eur-lex.europa.eu/eli/reg_del/2020/784/oj"">Commission Delegated Regulation (EU) 2020/784 of 8 April 2020 amending Annex I to Regulation (EU) 2019/1021 of the European Parliament and of the Council as regards the listing of perfluorooctanoic acid (PFOA), its salts and PFOA-related compounds</a>#<a href=""https://eur-lex.europa.eu/legal-content/EN/TXT/?uri=uriserv:OJ.L_.2020.220.01.0011.01.ENG&toc=OJ:L:2020:220:TOC"">Corrigendum to Commission Delegated Regulation (EU) 2020/784 of 8 April 2020 amending Annex I to Regulation (EU) 2019/1021</a>#<a href=""https://eur-lex.europa.eu/eli/reg_del/2021/115/oj"">Commission Delegated Regulation (EU) 2021/115 of 27 November 2020 amending Annex I to Regulation (EU) 2019/1021</a>#<a href=""http://data.europa.eu/eli/reg/2022/2400/oj"">Regulation (EU) 2022/2400 of the European Parliament and of the Council of 23 November 2022 amending Annexes IV and V to Regulation (EU) 2019/1021</a>#<a href=""http://data.europa.eu/eli/reg_del/2023/866/oj"">Commission Delegated Regulation (EU) 2023/866 of 24 February 2023 amending Regulation (EU) 2019/1021 of the European Parliament and of the Council as regards perfluorooctanoic acid (PFOA), its salts and PFOA-related compounds</a>","Annex I, part A#Annex IV",12-Nov-2020
"Diammonium 4,4,5,5,6,6,7,7,8,8,9,9,10,10,11,11,12,12,13,13,14,14,15,15,16,16,17,17,17-nonacosafluoro-2-hydroxyheptadecyl phosphate",,303-526-1,94200-48-3,Yes,15-Jun-2020,"<a href=""https://eur-lex.europa.eu/eli/reg_del/2020/784/oj"">Commission Delegated Regulation (EU) 2020/784 of 8 April 2020 amending Annex I to Regulation (EU) 2019/1021 of the European Parliament and of the Council as regards the listing of perfluorooctanoic acid (PFOA), its salts and PFOA-related compounds</a>#<a href=""https://eur-lex.europa.eu/legal-content/EN/TXT/?uri=uriserv:OJ.L_.2020.220.01.0011.01.ENG&toc=OJ:L:2020:220:TOC"">Corrigendum to Commission Delegated Regulation (EU) 2020/784 of 8 April 2020 amending Annex I to Regulation (EU) 2019/1021</a>#<a href=""https://eur-lex.europa.eu/eli/reg_del/2021/115/oj"">Commission Delegated Regulation (EU) 2021/115 of 27 November 2020 amending Annex I to Regulation (EU) 2019/1021</a>#<a href=""http://data.europa.eu/eli/reg/2022/2400/oj"">Regulation (EU) 2022/2400 of the European Parliament and of the Council of 23 November 2022 amending Annexes IV and V to Regulation (EU) 2019/1021</a>#<a href=""http://data.europa.eu/eli/reg_del/2023/866/oj"">Commission Delegated Regulation (EU) 2023/866 of 24 February 2023 amending Regulation (EU) 2019/1021 of the European Parliament and of the Council as regards perfluorooctanoic acid (PFOA), its salts and PFOA-related compounds</a>","Annex I, part A#Annex IV",12-Nov-2020
"Diammonium 4,4,5,5,6,6,7,7,8,8,9,9,10,10,11,11,12,13,13,13-icosafluoro-2-hydroxy-12-(trifluoromethyl)tridecyl phosphate",,303-528-2,94200-50-7,Yes,15-Jun-2020,"<a href=""https://eur-lex.europa.eu/eli/reg_del/2020/784/oj"">Commission Delegated Regulation (EU) 2020/784 of 8 April 2020 amending Annex I to Regulation (EU) 2019/1021 of the European Parliament and of the Council as regards the listing of perfluorooctanoic acid (PFOA), its salts and PFOA-related compounds</a>#<a href=""https://eur-lex.europa.eu/legal-content/EN/TXT/?uri=uriserv:OJ.L_.2020.220.01.0011.01.ENG&toc=OJ:L:2020:220:TOC"">Corrigendum to Commission Delegated Regulation (EU) 2020/784 of 8 April 2020 amending Annex I to Regulation (EU) 2019/1021</a>#<a href=""https://eur-lex.europa.eu/eli/reg_del/2021/115/oj"">Commission Delegated Regulation (EU) 2021/115 of 27 November 2020 amending Annex I to Regulation (EU) 2019/1021</a>#<a href=""http://data.europa.eu/eli/reg/2022/2400/oj"">Regulation (EU) 2022/2400 of the European Parliament and of the Council of 23 November 2022 amending Annexes IV and V to Regulation (EU) 2019/1021</a>#<a href=""http://data.europa.eu/eli/reg_del/2023/866/oj"">Commission Delegated Regulation (EU) 2023/866 of 24 February 2023 amending Regulation (EU) 2019/1021 of the European Parliament and of the Council as regards perfluorooctanoic acid (PFOA), its salts and PFOA-related compounds</a>","Annex I, part A#Annex IV",12-Nov-2020
"Triethoxy(3,3,4,4,5,5,6,6,7,7,8,8,9,9,10,10,10-heptadecafluorodecyl)silane",SIF7E; VPS 8271,435-230-4,101947-16-4,Yes,15-Jun-2020,"<a href=""https://eur-lex.europa.eu/eli/reg_del/2020/784/oj"">Commission Delegated Regulation (EU) 2020/784 of 8 April 2020 amending Annex I to Regulation (EU) 2019/1021 of the European Parliament and of the Council as regards the listing of perfluorooctanoic acid (PFOA), its salts and PFOA-related compounds</a>#<a href=""https://eur-lex.europa.eu/legal-content/EN/TXT/?uri=uriserv:OJ.L_.2020.220.01.0011.01.ENG&toc=OJ:L:2020:220:TOC"">Corrigendum to Commission Delegated Regulation (EU) 2020/784 of 8 April 2020 amending Annex I to Regulation (EU) 2019/1021</a>#<a href=""https://eur-lex.europa.eu/eli/reg_del/2021/115/oj"">Commission Delegated Regulation (EU) 2021/115 of 27 November 2020 amending Annex I to Regulation (EU) 2019/1021</a>#<a href=""http://data.europa.eu/eli/reg/2022/2400/oj"">Regulation (EU) 2022/2400 of the European Parliament and of the Council of 23 November 2022 amending Annexes IV and V to Regulation (EU) 2019/1021</a>#<a href=""http://data.europa.eu/eli/reg_del/2023/866/oj"">Commission Delegated Regulation (EU) 2023/866 of 24 February 2023 amending Regulation (EU) 2019/1021 of the European Parliament and of the Council as regards perfluorooctanoic acid (PFOA), its salts and PFOA-related compounds</a>","Annex I, part A#Annex IV",12-Nov-2020
Perfluorooctylethyltrichlorosilane;Perfluorooctylethyltrichlorosilane,,616-629-4,78560-44-8,Yes,15-Jun-2020,"<a href=""https://eur-lex.europa.eu/eli/reg_del/2020/784/oj"">Commission Delegated Regulation (EU) 2020/784 of 8 April 2020 amending Annex I to Regulation (EU) 2019/1021 of the European Parliament and of the Council as regards the listing of perfluorooctanoic acid (PFOA), its salts and PFOA-related compounds</a>#<a href=""https://eur-lex.europa.eu/legal-content/EN/TXT/?uri=uriserv:OJ.L_.2020.220.01.0011.01.ENG&toc=OJ:L:2020:220:TOC"">Corrigendum to Commission Delegated Regulation (EU) 2020/784 of 8 April 2020 amending Annex I to Regulation (EU) 2019/1021</a>#<a href=""https://eur-lex.europa.eu/eli/reg_del/2021/115/oj"">Commission Delegated Regulation (EU) 2021/115 of 27 November 2020 amending Annex I to Regulation (EU) 2019/1021</a>#<a href=""http://data.europa.eu/eli/reg/2022/2400/oj"">Regulation (EU) 2022/2400 of the European Parliament and of the Council of 23 November 2022 amending Annexes IV and V to Regulation (EU) 2019/1021</a>#<a href=""http://data.europa.eu/eli/reg_del/2023/866/oj"">Commission Delegated Regulation (EU) 2023/866 of 24 February 2023 amending Regulation (EU) 2019/1021 of the European Parliament and of the Council as regards perfluorooctanoic acid (PFOA), its salts and PFOA-related compounds</a>","Annex I, part A#Annex IV",12-Nov-2020
Perfluorooctylethyltrimethoxysilane;Perfluorooctylethyltrimethoxysilane,,617-434-7,83048-65-1,Yes,15-Jun-2020,"<a href=""https://eur-lex.europa.eu/eli/reg_del/2020/784/oj"">Commission Delegated Regulation (EU) 2020/784 of 8 April 2020 amending Annex I to Regulation (EU) 2019/1021 of the European Parliament and of the Council as regards the listing of perfluorooctanoic acid (PFOA), its salts and PFOA-related compounds</a>#<a href=""https://eur-lex.europa.eu/legal-content/EN/TXT/?uri=uriserv:OJ.L_.2020.220.01.0011.01.ENG&toc=OJ:L:2020:220:TOC"">Corrigendum to Commission Delegated Regulation (EU) 2020/784 of 8 April 2020 amending Annex I to Regulation (EU) 2019/1021</a>#<a href=""https://eur-lex.europa.eu/eli/reg_del/2021/115/oj"">Commission Delegated Regulation (EU) 2021/115 of 27 November 2020 amending Annex I to Regulation (EU) 2019/1021</a>#<a href=""http://data.europa.eu/eli/reg/2022/2400/oj"">Regulation (EU) 2022/2400 of the European Parliament and of the Council of 23 November 2022 amending Annexes IV and V to Regulation (EU) 2019/1021</a>#<a href=""http://data.europa.eu/eli/reg_del/2023/866/oj"">Commission Delegated Regulation (EU) 2023/866 of 24 February 2023 amending Regulation (EU) 2019/1021 of the European Parliament and of the Council as regards perfluorooctanoic acid (PFOA), its salts and PFOA-related compounds</a>","Annex I, part A#Annex IV",12-Nov-2020
"3,3,4,4,5,5,6,6,7,7,8,8,9,9,10,10,10-heptadecafluorodecane-1-thiol",,629-356-0,34143-74-3,Yes,15-Jun-2020,"<a href=""https://eur-lex.europa.eu/eli/reg_del/2020/784/oj"">Commission Delegated Regulation (EU) 2020/784 of 8 April 2020 amending Annex I to Regulation (EU) 2019/1021 of the European Parliament and of the Council as regards the listing of perfluorooctanoic acid (PFOA), its salts and PFOA-related compounds</a>#<a href=""https://eur-lex.europa.eu/legal-content/EN/TXT/?uri=uriserv:OJ.L_.2020.220.01.0011.01.ENG&toc=OJ:L:2020:220:TOC"">Corrigendum to Commission Delegated Regulation (EU) 2020/784 of 8 April 2020 amending Annex I to Regulation (EU) 2019/1021</a>#<a href=""https://eur-lex.europa.eu/eli/reg_del/2021/115/oj"">Commission Delegated Regulation (EU) 2021/115 of 27 November 2020 amending Annex I to Regulation (EU) 2019/1021</a>#<a href=""http://data.europa.eu/eli/reg/2022/2400/oj"">Regulation (EU) 2022/2400 of the European Parliament and of the Council of 23 November 2022 amending Annexes IV and V to Regulation (EU) 2019/1021</a>#<a href=""http://data.europa.eu/eli/reg_del/2023/866/oj"">Commission Delegated Regulation (EU) 2023/866 of 24 February 2023 amending Regulation (EU) 2019/1021 of the European Parliament and of the Council as regards perfluorooctanoic acid (PFOA), its salts and PFOA-related compounds</a>","Annex I, part A#Annex IV",12-Nov-2020
Perfluorooctylethyldimethylchlorosilane;Perfluorooctylethyldimethylchlorosilane,,633-334-6,74612-30-9,Yes,15-Jun-2020,"<a href=""https://eur-lex.europa.eu/eli/reg_del/2020/784/oj"">Commission Delegated Regulation (EU) 2020/784 of 8 April 2020 amending Annex I to Regulation (EU) 2019/1021 of the European Parliament and of the Council as regards the listing of perfluorooctanoic acid (PFOA), its salts and PFOA-related compounds</a>#<a href=""https://eur-lex.europa.eu/legal-content/EN/TXT/?uri=uriserv:OJ.L_.2020.220.01.0011.01.ENG&toc=OJ:L:2020:220:TOC"">Corrigendum to Commission Delegated Regulation (EU) 2020/784 of 8 April 2020 amending Annex I to Regulation (EU) 2019/1021</a>#<a href=""https://eur-lex.europa.eu/eli/reg_del/2021/115/oj"">Commission Delegated Regulation (EU) 2021/115 of 27 November 2020 amending Annex I to Regulation (EU) 2019/1021</a>#<a href=""http://data.europa.eu/eli/reg/2022/2400/oj"">Regulation (EU) 2022/2400 of the European Parliament and of the Council of 23 November 2022 amending Annexes IV and V to Regulation (EU) 2019/1021</a>#<a href=""http://data.europa.eu/eli/reg_del/2023/866/oj"">Commission Delegated Regulation (EU) 2023/866 of 24 February 2023 amending Regulation (EU) 2019/1021 of the European Parliament and of the Council as regards perfluorooctanoic acid (PFOA), its salts and PFOA-related compounds</a>","Annex I, part A#Annex IV",12-Nov-2020
Perfluorooctylethyldichloromethyl silane;Perfluorooctylethyldichloromethyl silane,,671-486-5,3102-79-2,Yes,15-Jun-2020,"<a href=""https://eur-lex.europa.eu/eli/reg_del/2020/784/oj"">Commission Delegated Regulation (EU) 2020/784 of 8 April 2020 amending Annex I to Regulation (EU) 2019/1021 of the European Parliament and of the Council as regards the listing of perfluorooctanoic acid (PFOA), its salts and PFOA-related compounds</a>#<a href=""https://eur-lex.europa.eu/legal-content/EN/TXT/?uri=uriserv:OJ.L_.2020.220.01.0011.01.ENG&toc=OJ:L:2020:220:TOC"">Corrigendum to Commission Delegated Regulation (EU) 2020/784 of 8 April 2020 amending Annex I to Regulation (EU) 2019/1021</a>#<a href=""https://eur-lex.europa.eu/eli/reg_del/2021/115/oj"">Commission Delegated Regulation (EU) 2021/115 of 27 November 2020 amending Annex I to Regulation (EU) 2019/1021</a>#<a href=""http://data.europa.eu/eli/reg/2022/2400/oj"">Regulation (EU) 2022/2400 of the European Parliament and of the Council of 23 November 2022 amending Annexes IV and V to Regulation (EU) 2019/1021</a>#<a href=""http://data.europa.eu/eli/reg_del/2023/866/oj"">Commission Delegated Regulation (EU) 2023/866 of 24 February 2023 amending Regulation (EU) 2019/1021 of the European Parliament and of the Council as regards perfluorooctanoic acid (PFOA), its salts and PFOA-related compounds</a>","Annex I, part A#Annex IV",12-Nov-2020
"Butanoic acid, 3,3,4,4,4-pentafluoro-2-[1,2,2,2-tetrafluoro-1-(trifluoromethyl)ethyl]-2-(trifluoromethyl)-;Butanoic acid, 3,3,4,4,4-pentafluoro-2-[1,2,2,2-tetrafluoro-1-(trifluoromethyl)ethyl]-2-(trifluoromethyl)-",,-,1882109-59-2,Yes,15-Jun-2020,"<a href=""https://eur-lex.europa.eu/eli/reg_del/2020/784/oj"">Commission Delegated Regulation (EU) 2020/784 of 8 April 2020 amending Annex I to Regulation (EU) 2019/1021 of the European Parliament and of the Council as regards the listing of perfluorooctanoic acid (PFOA), its salts and PFOA-related compounds</a>#<a href=""https://eur-lex.europa.eu/legal-content/EN/TXT/?uri=uriserv:OJ.L_.2020.220.01.0011.01.ENG&toc=OJ:L:2020:220:TOC"">Corrigendum to Commission Delegated Regulation (EU) 2020/784 of 8 April 2020 amending Annex I to Regulation (EU) 2019/1021</a>#<a href=""https://eur-lex.europa.eu/eli/reg_del/2021/115/oj"">Commission Delegated Regulation (EU) 2021/115 of 27 November 2020 amending Annex I to Regulation (EU) 2019/1021</a>#<a href=""http://data.europa.eu/eli/reg/2022/2400/oj"">Regulation (EU) 2022/2400 of the European Parliament and of the Council of 23 November 2022 amending Annexes IV and V to Regulation (EU) 2019/1021</a>#<a href=""http://data.europa.eu/eli/reg_del/2023/866/oj"">Commission Delegated Regulation (EU) 2023/866 of 24 February 2023 amending Regulation (EU) 2019/1021 of the European Parliament and of the Council as regards perfluorooctanoic acid (PFOA), its salts and PFOA-related compounds</a>","Annex I, part A#Annex IV",12-Nov-2020
"Hexanoic acid, 2,2,4,4,5,5,6,6,6-nonafluoro-3,3-bis(trifluoromethyl)-;Hexanoic acid, 2,2,4,4,5,5,6,6,6-nonafluoro-3,3-bis(trifluoromethyl)-",,-,1812247-20-3,Yes,15-Jun-2020,"<a href=""https://eur-lex.europa.eu/eli/reg_del/2020/784/oj"">Commission Delegated Regulation (EU) 2020/784 of 8 April 2020 amending Annex I to Regulation (EU) 2019/1021 of the European Parliament and of the Council as regards the listing of perfluorooctanoic acid (PFOA), its salts and PFOA-related compounds</a>#<a href=""https://eur-lex.europa.eu/legal-content/EN/TXT/?uri=uriserv:OJ.L_.2020.220.01.0011.01.ENG&toc=OJ:L:2020:220:TOC"">Corrigendum to Commission Delegated Regulation (EU) 2020/784 of 8 April 2020 amending Annex I to Regulation (EU) 2019/1021</a>#<a href=""https://eur-lex.europa.eu/eli/reg_del/2021/115/oj"">Commission Delegated Regulation (EU) 2021/115 of 27 November 2020 amending Annex I to Regulation (EU) 2019/1021</a>#<a href=""http://data.europa.eu/eli/reg/2022/2400/oj"">Regulation (EU) 2022/2400 of the European Parliament and of the Council of 23 November 2022 amending Annexes IV and V to Regulation (EU) 2019/1021</a>#<a href=""http://data.europa.eu/eli/reg_del/2023/866/oj"">Commission Delegated Regulation (EU) 2023/866 of 24 February 2023 amending Regulation (EU) 2019/1021 of the European Parliament and of the Council as regards perfluorooctanoic acid (PFOA), its salts and PFOA-related compounds</a>","Annex I, part A#Annex IV",12-Nov-2020
"Hexanoic acid, 2,3,4,4,5,5,6,6,6-nonafluoro-2,3-bis(trifluoromethyl)-;Hexanoic acid, 2,3,4,4,5,5,6,6,6-nonafluoro-2,3-bis(trifluoromethyl)-",,-,1812247-18-9,Yes,15-Jun-2020,"<a href=""https://eur-lex.europa.eu/eli/reg_del/2020/784/oj"">Commission Delegated Regulation (EU) 2020/784 of 8 April 2020 amending Annex I to Regulation (EU) 2019/1021 of the European Parliament and of the Council as regards the listing of perfluorooctanoic acid (PFOA), its salts and PFOA-related compounds</a>#<a href=""https://eur-lex.europa.eu/legal-content/EN/TXT/?uri=uriserv:OJ.L_.2020.220.01.0011.01.ENG&toc=OJ:L:2020:220:TOC"">Corrigendum to Commission Delegated Regulation (EU) 2020/784 of 8 April 2020 amending Annex I to Regulation (EU) 2019/1021</a>#<a href=""https://eur-lex.europa.eu/eli/reg_del/2021/115/oj"">Commission Delegated Regulation (EU) 2021/115 of 27 November 2020 amending Annex I to Regulation (EU) 2019/1021</a>#<a href=""http://data.europa.eu/eli/reg/2022/2400/oj"">Regulation (EU) 2022/2400 of the European Parliament and of the Council of 23 November 2022 amending Annexes IV and V to Regulation (EU) 2019/1021</a>#<a href=""http://data.europa.eu/eli/reg_del/2023/866/oj"">Commission Delegated Regulation (EU) 2023/866 of 24 February 2023 amending Regulation (EU) 2019/1021 of the European Parliament and of the Council as regards perfluorooctanoic acid (PFOA), its salts and PFOA-related compounds</a>","Annex I, part A#Annex IV",12-Nov-2020
"Hexanoic acid, 2,2,3,3,4,5,6,6,6-nonafluoro-4,5-bis(trifluoromethyl)-;Hexanoic acid, 2,2,3,3,4,5,6,6,6-nonafluoro-4,5-bis(trifluoromethyl)-",,-,1144512-36-6,Yes,15-Jun-2020,"<a href=""https://eur-lex.europa.eu/eli/reg_del/2020/784/oj"">Commission Delegated Regulation (EU) 2020/784 of 8 April 2020 amending Annex I to Regulation (EU) 2019/1021 of the European Parliament and of the Council as regards the listing of perfluorooctanoic acid (PFOA), its salts and PFOA-related compounds</a>#<a href=""https://eur-lex.europa.eu/legal-content/EN/TXT/?uri=uriserv:OJ.L_.2020.220.01.0011.01.ENG&toc=OJ:L:2020:220:TOC"">Corrigendum to Commission Delegated Regulation (EU) 2020/784 of 8 April 2020 amending Annex I to Regulation (EU) 2019/1021</a>#<a href=""https://eur-lex.europa.eu/eli/reg_del/2021/115/oj"">Commission Delegated Regulation (EU) 2021/115 of 27 November 2020 amending Annex I to Regulation (EU) 2019/1021</a>#<a href=""http://data.europa.eu/eli/reg/2022/2400/oj"">Regulation (EU) 2022/2400 of the European Parliament and of the Council of 23 November 2022 amending Annexes IV and V to Regulation (EU) 2019/1021</a>#<a href=""http://data.europa.eu/eli/reg_del/2023/866/oj"">Commission Delegated Regulation (EU) 2023/866 of 24 February 2023 amending Regulation (EU) 2019/1021 of the European Parliament and of the Council as regards perfluorooctanoic acid (PFOA), its salts and PFOA-related compounds</a>","Annex I, part A#Annex IV",12-Nov-2020
"Hexanoic acid, 2,2,3,3,4,4,6,6,6-nonafluoro-5,5-bis(trifluoromethyl)-;Hexanoic acid, 2,2,3,3,4,4,6,6,6-nonafluoro-5,5-bis(trifluoromethyl)-",,-,1144512-34-4,Yes,15-Jun-2020,"<a href=""https://eur-lex.europa.eu/eli/reg_del/2020/784/oj"">Commission Delegated Regulation (EU) 2020/784 of 8 April 2020 amending Annex I to Regulation (EU) 2019/1021 of the European Parliament and of the Council as regards the listing of perfluorooctanoic acid (PFOA), its salts and PFOA-related compounds</a>#<a href=""https://eur-lex.europa.eu/legal-content/EN/TXT/?uri=uriserv:OJ.L_.2020.220.01.0011.01.ENG&toc=OJ:L:2020:220:TOC"">Corrigendum to Commission Delegated Regulation (EU) 2020/784 of 8 April 2020 amending Annex I to Regulation (EU) 2019/1021</a>#<a href=""https://eur-lex.europa.eu/eli/reg_del/2021/115/oj"">Commission Delegated Regulation (EU) 2021/115 of 27 November 2020 amending Annex I to Regulation (EU) 2019/1021</a>#<a href=""http://data.europa.eu/eli/reg/2022/2400/oj"">Regulation (EU) 2022/2400 of the European Parliament and of the Council of 23 November 2022 amending Annexes IV and V to Regulation (EU) 2019/1021</a>#<a href=""http://data.europa.eu/eli/reg_del/2023/866/oj"">Commission Delegated Regulation (EU) 2023/866 of 24 February 2023 amending Regulation (EU) 2019/1021 of the European Parliament and of the Council as regards perfluorooctanoic acid (PFOA), its salts and PFOA-related compounds</a>","Annex I, part A#Annex IV",12-Nov-2020
"Heptanoic acid, 2,2,3,3,4,4,5,6,6,7,7,7-dodecafluoro-5-(trifluoromethyl)-;Heptanoic acid, 2,2,3,3,4,4,5,6,6,7,7,7-dodecafluoro-5-(trifluoromethyl)-",,-,909009-42-3,Yes,15-Jun-2020,"<a href=""https://eur-lex.europa.eu/eli/reg_del/2020/784/oj"">Commission Delegated Regulation (EU) 2020/784 of 8 April 2020 amending Annex I to Regulation (EU) 2019/1021 of the European Parliament and of the Council as regards the listing of perfluorooctanoic acid (PFOA), its salts and PFOA-related compounds</a>#<a href=""https://eur-lex.europa.eu/legal-content/EN/TXT/?uri=uriserv:OJ.L_.2020.220.01.0011.01.ENG&toc=OJ:L:2020:220:TOC"">Corrigendum to Commission Delegated Regulation (EU) 2020/784 of 8 April 2020 amending Annex I to Regulation (EU) 2019/1021</a>#<a href=""https://eur-lex.europa.eu/eli/reg_del/2021/115/oj"">Commission Delegated Regulation (EU) 2021/115 of 27 November 2020 amending Annex I to Regulation (EU) 2019/1021</a>#<a href=""http://data.europa.eu/eli/reg/2022/2400/oj"">Regulation (EU) 2022/2400 of the European Parliament and of the Council of 23 November 2022 amending Annexes IV and V to Regulation (EU) 2019/1021</a>#<a href=""http://data.europa.eu/eli/reg_del/2023/866/oj"">Commission Delegated Regulation (EU) 2023/866 of 24 February 2023 amending Regulation (EU) 2019/1021 of the European Parliament and of the Council as regards perfluorooctanoic acid (PFOA), its salts and PFOA-related compounds</a>","Annex I, part A#Annex IV",12-Nov-2020
"Heptanoic acid, 2,3,3,4,4,5,5,6,6,7,7,7-dodecafluoro-2-(trifluoromethyl)-;Heptanoic acid, 2,3,3,4,4,5,5,6,6,7,7,7-dodecafluoro-2-(trifluoromethyl)-",,-,207678-51-1,Yes,15-Jun-2020,"<a href=""https://eur-lex.europa.eu/eli/reg_del/2020/784/oj"">Commission Delegated Regulation (EU) 2020/784 of 8 April 2020 amending Annex I to Regulation (EU) 2019/1021 of the European Parliament and of the Council as regards the listing of perfluorooctanoic acid (PFOA), its salts and PFOA-related compounds</a>#<a href=""https://eur-lex.europa.eu/legal-content/EN/TXT/?uri=uriserv:OJ.L_.2020.220.01.0011.01.ENG&toc=OJ:L:2020:220:TOC"">Corrigendum to Commission Delegated Regulation (EU) 2020/784 of 8 April 2020 amending Annex I to Regulation (EU) 2019/1021</a>#<a href=""https://eur-lex.europa.eu/eli/reg_del/2021/115/oj"">Commission Delegated Regulation (EU) 2021/115 of 27 November 2020 amending Annex I to Regulation (EU) 2019/1021</a>#<a href=""http://data.europa.eu/eli/reg/2022/2400/oj"">Regulation (EU) 2022/2400 of the European Parliament and of the Council of 23 November 2022 amending Annexes IV and V to Regulation (EU) 2019/1021</a>#<a href=""http://data.europa.eu/eli/reg_del/2023/866/oj"">Commission Delegated Regulation (EU) 2023/866 of 24 February 2023 amending Regulation (EU) 2019/1021 of the European Parliament and of the Council as regards perfluorooctanoic acid (PFOA), its salts and PFOA-related compounds</a>","Annex I, part A#Annex IV",12-Nov-2020
"Hexanoic acid, 2,3,3,4,4,5,5,6,6,6-decafluoro-2-(1,1,2,2,2-pentafluoroethyl)-;Hexanoic acid, 2,3,3,4,4,5,5,6,6,6-decafluoro-2-(1,1,2,2,2-pentafluoroethyl)-",,-,35605-76-6,Yes,15-Jun-2020,"<a href=""https://eur-lex.europa.eu/eli/reg_del/2020/784/oj"">Commission Delegated Regulation (EU) 2020/784 of 8 April 2020 amending Annex I to Regulation (EU) 2019/1021 of the European Parliament and of the Council as regards the listing of perfluorooctanoic acid (PFOA), its salts and PFOA-related compounds</a>#<a href=""https://eur-lex.europa.eu/legal-content/EN/TXT/?uri=uriserv:OJ.L_.2020.220.01.0011.01.ENG&toc=OJ:L:2020:220:TOC"">Corrigendum to Commission Delegated Regulation (EU) 2020/784 of 8 April 2020 amending Annex I to Regulation (EU) 2019/1021</a>#<a href=""https://eur-lex.europa.eu/eli/reg_del/2021/115/oj"">Commission Delegated Regulation (EU) 2021/115 of 27 November 2020 amending Annex I to Regulation (EU) 2019/1021</a>#<a href=""http://data.europa.eu/eli/reg/2022/2400/oj"">Regulation (EU) 2022/2400 of the European Parliament and of the Council of 23 November 2022 amending Annexes IV and V to Regulation (EU) 2019/1021</a>#<a href=""http://data.europa.eu/eli/reg_del/2023/866/oj"">Commission Delegated Regulation (EU) 2023/866 of 24 February 2023 amending Regulation (EU) 2019/1021 of the European Parliament and of the Council as regards perfluorooctanoic acid (PFOA), its salts and PFOA-related compounds</a>","Annex I, part A#Annex IV",12-Nov-2020
"Ethanaminium, N,N,N-triethyl-, 2,2,3,3,4,4,5,5,6,6,7,7,8,8,8-pentadecafluorooctanoate (1:1);Ethanaminium, N,N,N-triethyl-, 2,2,3,3,4,4,5,5,6,6,7,7,8,8,8-pentadecafluorooctanoate (1:1)",,-,98241-25-9,Yes,15-Jun-2020,"<a href=""https://eur-lex.europa.eu/eli/reg_del/2020/784/oj"">Commission Delegated Regulation (EU) 2020/784 of 8 April 2020 amending Annex I to Regulation (EU) 2019/1021 of the European Parliament and of the Council as regards the listing of perfluorooctanoic acid (PFOA), its salts and PFOA-related compounds</a>#<a href=""https://eur-lex.europa.eu/legal-content/EN/TXT/?uri=uriserv:OJ.L_.2020.220.01.0011.01.ENG&toc=OJ:L:2020:220:TOC"">Corrigendum to Commission Delegated Regulation (EU) 2020/784 of 8 April 2020 amending Annex I to Regulation (EU) 2019/1021</a>#<a href=""https://eur-lex.europa.eu/eli/reg_del/2021/115/oj"">Commission Delegated Regulation (EU) 2021/115 of 27 November 2020 amending Annex I to Regulation (EU) 2019/1021</a>#<a href=""http://data.europa.eu/eli/reg/2022/2400/oj"">Regulation (EU) 2022/2400 of the European Parliament and of the Council of 23 November 2022 amending Annexes IV and V to Regulation (EU) 2019/1021</a>#<a href=""http://data.europa.eu/eli/reg_del/2023/866/oj"">Commission Delegated Regulation (EU) 2023/866 of 24 February 2023 amending Regulation (EU) 2019/1021 of the European Parliament and of the Council as regards perfluorooctanoic acid (PFOA), its salts and PFOA-related compounds</a>","Annex I, part A#Annex IV",12-Nov-2020
"Decanoic acid, 3,3,4,4,5,5,6,6,7,7,8,8,9,9,10,10,10-heptadecafluoro-;Decanoic acid, 3,3,4,4,5,5,6,6,7,7,8,8,9,9,10,10,10-heptadecafluoro-",,-,27854-31-5,Yes,15-Jun-2020,"<a href=""https://eur-lex.europa.eu/eli/reg_del/2020/784/oj"">Commission Delegated Regulation (EU) 2020/784 of 8 April 2020 amending Annex I to Regulation (EU) 2019/1021 of the European Parliament and of the Council as regards the listing of perfluorooctanoic acid (PFOA), its salts and PFOA-related compounds</a>#<a href=""https://eur-lex.europa.eu/legal-content/EN/TXT/?uri=uriserv:OJ.L_.2020.220.01.0011.01.ENG&toc=OJ:L:2020:220:TOC"">Corrigendum to Commission Delegated Regulation (EU) 2020/784 of 8 April 2020 amending Annex I to Regulation (EU) 2019/1021</a>#<a href=""https://eur-lex.europa.eu/eli/reg_del/2021/115/oj"">Commission Delegated Regulation (EU) 2021/115 of 27 November 2020 amending Annex I to Regulation (EU) 2019/1021</a>#<a href=""http://data.europa.eu/eli/reg/2022/2400/oj"">Regulation (EU) 2022/2400 of the European Parliament and of the Council of 23 November 2022 amending Annexes IV and V to Regulation (EU) 2019/1021</a>#<a href=""http://data.europa.eu/eli/reg_del/2023/866/oj"">Commission Delegated Regulation (EU) 2023/866 of 24 February 2023 amending Regulation (EU) 2019/1021 of the European Parliament and of the Council as regards perfluorooctanoic acid (PFOA), its salts and PFOA-related compounds</a>","Annex I, part A#Annex IV",12-Nov-2020
"2-Decenoic acid, 3,4,4,5,5,6,6,7,7,8,8,9,9,10,10,10-hexadecafluoro-;2-Decenoic acid, 3,4,4,5,5,6,6,7,7,8,8,9,9,10,10,10-hexadecafluoro-",,-,70887-84-2,Yes,15-Jun-2020,"<a href=""https://eur-lex.europa.eu/eli/reg_del/2020/784/oj"">Commission Delegated Regulation (EU) 2020/784 of 8 April 2020 amending Annex I to Regulation (EU) 2019/1021 of the European Parliament and of the Council as regards the listing of perfluorooctanoic acid (PFOA), its salts and PFOA-related compounds</a>#<a href=""https://eur-lex.europa.eu/legal-content/EN/TXT/?uri=uriserv:OJ.L_.2020.220.01.0011.01.ENG&toc=OJ:L:2020:220:TOC"">Corrigendum to Commission Delegated Regulation (EU) 2020/784 of 8 April 2020 amending Annex I to Regulation (EU) 2019/1021</a>#<a href=""https://eur-lex.europa.eu/eli/reg_del/2021/115/oj"">Commission Delegated Regulation (EU) 2021/115 of 27 November 2020 amending Annex I to Regulation (EU) 2019/1021</a>#<a href=""http://data.europa.eu/eli/reg/2022/2400/oj"">Regulation (EU) 2022/2400 of the European Parliament and of the Council of 23 November 2022 amending Annexes IV and V to Regulation (EU) 2019/1021</a>#<a href=""http://data.europa.eu/eli/reg_del/2023/866/oj"">Commission Delegated Regulation (EU) 2023/866 of 24 February 2023 amending Regulation (EU) 2019/1021 of the European Parliament and of the Council as regards perfluorooctanoic acid (PFOA), its salts and PFOA-related compounds</a>","Annex I, part A#Annex IV",12-Nov-2020
"1-Decanol, 3,3,4,4,5,5,6,6,7,7,8,8,9,9,10,10,10-heptadecafluoro-, 1-(dihydrogen phosphate);1-Decanol, 3,3,4,4,5,5,6,6,7,7,8,8,9,9,10,10,10-heptadecafluoro-, 1-(dihydrogen phosphate)",,-,57678-03-2,Yes,15-Jun-2020,"<a href=""https://eur-lex.europa.eu/eli/reg_del/2020/784/oj"">Commission Delegated Regulation (EU) 2020/784 of 8 April 2020 amending Annex I to Regulation (EU) 2019/1021 of the European Parliament and of the Council as regards the listing of perfluorooctanoic acid (PFOA), its salts and PFOA-related compounds</a>#<a href=""https://eur-lex.europa.eu/legal-content/EN/TXT/?uri=uriserv:OJ.L_.2020.220.01.0011.01.ENG&toc=OJ:L:2020:220:TOC"">Corrigendum to Commission Delegated Regulation (EU) 2020/784 of 8 April 2020 amending Annex I to Regulation (EU) 2019/1021</a>#<a href=""https://eur-lex.europa.eu/eli/reg_del/2021/115/oj"">Commission Delegated Regulation (EU) 2021/115 of 27 November 2020 amending Annex I to Regulation (EU) 2019/1021</a>#<a href=""http://data.europa.eu/eli/reg/2022/2400/oj"">Regulation (EU) 2022/2400 of the European Parliament and of the Council of 23 November 2022 amending Annexes IV and V to Regulation (EU) 2019/1021</a>#<a href=""http://data.europa.eu/eli/reg_del/2023/866/oj"">Commission Delegated Regulation (EU) 2023/866 of 24 February 2023 amending Regulation (EU) 2019/1021 of the European Parliament and of the Council as regards perfluorooctanoic acid (PFOA), its salts and PFOA-related compounds</a>","Annex I, part A#Annex IV",12-Nov-2020
"Hexanoic acid, 2,3,3,4,4,5,6,6,6-nonafluoro-2,5-bis(trifluoromethyl)-;Hexanoic acid, 2,3,3,4,4,5,6,6,6-nonafluoro-2,5-bis(trifluoromethyl)-",,-,1882109-80-9,Yes,15-Jun-2020,"<a href=""https://eur-lex.europa.eu/eli/reg_del/2020/784/oj"">Commission Delegated Regulation (EU) 2020/784 of 8 April 2020 amending Annex I to Regulation (EU) 2019/1021 of the European Parliament and of the Council as regards the listing of perfluorooctanoic acid (PFOA), its salts and PFOA-related compounds</a>#<a href=""https://eur-lex.europa.eu/legal-content/EN/TXT/?uri=uriserv:OJ.L_.2020.220.01.0011.01.ENG&toc=OJ:L:2020:220:TOC"">Corrigendum to Commission Delegated Regulation (EU) 2020/784 of 8 April 2020 amending Annex I to Regulation (EU) 2019/1021</a>#<a href=""https://eur-lex.europa.eu/eli/reg_del/2021/115/oj"">Commission Delegated Regulation (EU) 2021/115 of 27 November 2020 amending Annex I to Regulation (EU) 2019/1021</a>#<a href=""http://data.europa.eu/eli/reg/2022/2400/oj"">Regulation (EU) 2022/2400 of the European Parliament and of the Council of 23 November 2022 amending Annexes IV and V to Regulation (EU) 2019/1021</a>#<a href=""http://data.europa.eu/eli/reg_del/2023/866/oj"">Commission Delegated Regulation (EU) 2023/866 of 24 February 2023 amending Regulation (EU) 2019/1021 of the European Parliament and of the Council as regards perfluorooctanoic acid (PFOA), its salts and PFOA-related compounds</a>","Annex I, part A#Annex IV",12-Nov-2020
"1-Propanaminium,N,N,N-trimethyl-3- [(2,2,3,3,4,4,5,5,6,6,7,7,8,8,8-pentadecafluoro-1-oxooctyl) amino]-, chloride (1:1);1-Propanaminium,N,N,N-trimethyl-3- [(2,2,3,3,4,4,5,5,6,6,7,7,8,8,8-pentadecafluoro-1-oxooctyl) amino]-, chloride (1:1)",,-,53517-98-9,Yes,15-Jun-2020,"<a href=""https://eur-lex.europa.eu/eli/reg_del/2020/784/oj"">Commission Delegated Regulation (EU) 2020/784 of 8 April 2020 amending Annex I to Regulation (EU) 2019/1021 of the European Parliament and of the Council as regards the listing of perfluorooctanoic acid (PFOA), its salts and PFOA-related compounds</a>#<a href=""https://eur-lex.europa.eu/legal-content/EN/TXT/?uri=uriserv:OJ.L_.2020.220.01.0011.01.ENG&toc=OJ:L:2020:220:TOC"">Corrigendum to Commission Delegated Regulation (EU) 2020/784 of 8 April 2020 amending Annex I to Regulation (EU) 2019/1021</a>#<a href=""https://eur-lex.europa.eu/eli/reg_del/2021/115/oj"">Commission Delegated Regulation (EU) 2021/115 of 27 November 2020 amending Annex I to Regulation (EU) 2019/1021</a>#<a href=""http://data.europa.eu/eli/reg/2022/2400/oj"">Regulation (EU) 2022/2400 of the European Parliament and of the Council of 23 November 2022 amending Annexes IV and V to Regulation (EU) 2019/1021</a>#<a href=""http://data.europa.eu/eli/reg_del/2023/866/oj"">Commission Delegated Regulation (EU) 2023/866 of 24 February 2023 amending Regulation (EU) 2019/1021 of the European Parliament and of the Council as regards perfluorooctanoic acid (PFOA), its salts and PFOA-related compounds</a>","Annex I, part A#Annex IV",12-Nov-2020
"1-Propanesulfonic acid,3-[ethyl (2,2,3,3,4,4,5,5,6,6,7,7,8,8,8-pentadecafluoro-1-oxooctyl)amino]-,sodium salt (1:1);1-Propanesulfonic acid,3-[ethyl (2,2,3,3,4,4,5,5,6,6,7,7,8,8,8-pentadecafluoro-1-oxooctyl)amino]-,sodium salt (1:1)",,-,89685-61-0,Yes,15-Jun-2020,"<a href=""https://eur-lex.europa.eu/eli/reg_del/2020/784/oj"">Commission Delegated Regulation (EU) 2020/784 of 8 April 2020 amending Annex I to Regulation (EU) 2019/1021 of the European Parliament and of the Council as regards the listing of perfluorooctanoic acid (PFOA), its salts and PFOA-related compounds</a>#<a href=""https://eur-lex.europa.eu/legal-content/EN/TXT/?uri=uriserv:OJ.L_.2020.220.01.0011.01.ENG&toc=OJ:L:2020:220:TOC"">Corrigendum to Commission Delegated Regulation (EU) 2020/784 of 8 April 2020 amending Annex I to Regulation (EU) 2019/1021</a>#<a href=""https://eur-lex.europa.eu/eli/reg_del/2021/115/oj"">Commission Delegated Regulation (EU) 2021/115 of 27 November 2020 amending Annex I to Regulation (EU) 2019/1021</a>#<a href=""http://data.europa.eu/eli/reg/2022/2400/oj"">Regulation (EU) 2022/2400 of the European Parliament and of the Council of 23 November 2022 amending Annexes IV and V to Regulation (EU) 2019/1021</a>#<a href=""http://data.europa.eu/eli/reg_del/2023/866/oj"">Commission Delegated Regulation (EU) 2023/866 of 24 February 2023 amending Regulation (EU) 2019/1021 of the European Parliament and of the Council as regards perfluorooctanoic acid (PFOA), its salts and PFOA-related compounds</a>","Annex I, part A#Annex IV",12-Nov-2020
"Phosphine, tris[4-(3,3,4,4,5,5,6,6,7,7,8,8,9,9,10,10,10-heptadecafluorodecyl)phenyl]-;Phosphine, tris[4-(3,3,4,4,5,5,6,6,7,7,8,8,9,9,10,10,10-heptadecafluorodecyl)phenyl]-",,-,325459-92-5,Yes,15-Jun-2020,"<a href=""https://eur-lex.europa.eu/eli/reg_del/2020/784/oj"">Commission Delegated Regulation (EU) 2020/784 of 8 April 2020 amending Annex I to Regulation (EU) 2019/1021 of the European Parliament and of the Council as regards the listing of perfluorooctanoic acid (PFOA), its salts and PFOA-related compounds</a>#<a href=""https://eur-lex.europa.eu/legal-content/EN/TXT/?uri=uriserv:OJ.L_.2020.220.01.0011.01.ENG&toc=OJ:L:2020:220:TOC"">Corrigendum to Commission Delegated Regulation (EU) 2020/784 of 8 April 2020 amending Annex I to Regulation (EU) 2019/1021</a>#<a href=""https://eur-lex.europa.eu/eli/reg_del/2021/115/oj"">Commission Delegated Regulation (EU) 2021/115 of 27 November 2020 amending Annex I to Regulation (EU) 2019/1021</a>#<a href=""http://data.europa.eu/eli/reg/2022/2400/oj"">Regulation (EU) 2022/2400 of the European Parliament and of the Council of 23 November 2022 amending Annexes IV and V to Regulation (EU) 2019/1021</a>#<a href=""http://data.europa.eu/eli/reg_del/2023/866/oj"">Commission Delegated Regulation (EU) 2023/866 of 24 February 2023 amending Regulation (EU) 2019/1021 of the European Parliament and of the Council as regards perfluorooctanoic acid (PFOA), its salts and PFOA-related compounds</a>","Annex I, part A#Annex IV",12-Nov-2020
"Palladium, dichlorobis[tris[4-(3,3,4,4,5,5,6,6,7,7,8,8,9,9,10,10,10-heptadecafluorodecyl)phenyl]phosphine-κP]-;Palladium, dichlorobis[tris[4-(3,3,4,4,5,5,6,6,7,7,8,8,9,9,10,10,10-heptadecafluorodecyl)phenyl]phosphine-κP]-",,-,326475-46-1,Yes,15-Jun-2020,"<a href=""https://eur-lex.europa.eu/eli/reg_del/2020/784/oj"">Commission Delegated Regulation (EU) 2020/784 of 8 April 2020 amending Annex I to Regulation (EU) 2019/1021 of the European Parliament and of the Council as regards the listing of perfluorooctanoic acid (PFOA), its salts and PFOA-related compounds</a>#<a href=""https://eur-lex.europa.eu/legal-content/EN/TXT/?uri=uriserv:OJ.L_.2020.220.01.0011.01.ENG&toc=OJ:L:2020:220:TOC"">Corrigendum to Commission Delegated Regulation (EU) 2020/784 of 8 April 2020 amending Annex I to Regulation (EU) 2019/1021</a>#<a href=""https://eur-lex.europa.eu/eli/reg_del/2021/115/oj"">Commission Delegated Regulation (EU) 2021/115 of 27 November 2020 amending Annex I to Regulation (EU) 2019/1021</a>#<a href=""http://data.europa.eu/eli/reg/2022/2400/oj"">Regulation (EU) 2022/2400 of the European Parliament and of the Council of 23 November 2022 amending Annexes IV and V to Regulation (EU) 2019/1021</a>#<a href=""http://data.europa.eu/eli/reg_del/2023/866/oj"">Commission Delegated Regulation (EU) 2023/866 of 24 February 2023 amending Regulation (EU) 2019/1021 of the European Parliament and of the Council as regards perfluorooctanoic acid (PFOA), its salts and PFOA-related compounds</a>","Annex I, part A#Annex IV",12-Nov-2020
"Butanoic acid, 3,3,4,4,4-pentafluoro-2,2-bis(1,1,2,2,2-pentafluoroethyl)-;Butanoic acid, 3,3,4,4,4-pentafluoro-2,2-bis(1,1,2,2,2-pentafluoroethyl)-",,-,1882109-58-1,Yes,15-Jun-2020,"<a href=""https://eur-lex.europa.eu/eli/reg_del/2020/784/oj"">Commission Delegated Regulation (EU) 2020/784 of 8 April 2020 amending Annex I to Regulation (EU) 2019/1021 of the European Parliament and of the Council as regards the listing of perfluorooctanoic acid (PFOA), its salts and PFOA-related compounds</a>#<a href=""https://eur-lex.europa.eu/legal-content/EN/TXT/?uri=uriserv:OJ.L_.2020.220.01.0011.01.ENG&toc=OJ:L:2020:220:TOC"">Corrigendum to Commission Delegated Regulation (EU) 2020/784 of 8 April 2020 amending Annex I to Regulation (EU) 2019/1021</a>#<a href=""https://eur-lex.europa.eu/eli/reg_del/2021/115/oj"">Commission Delegated Regulation (EU) 2021/115 of 27 November 2020 amending Annex I to Regulation (EU) 2019/1021</a>#<a href=""http://data.europa.eu/eli/reg/2022/2400/oj"">Regulation (EU) 2022/2400 of the European Parliament and of the Council of 23 November 2022 amending Annexes IV and V to Regulation (EU) 2019/1021</a>#<a href=""http://data.europa.eu/eli/reg_del/2023/866/oj"">Commission Delegated Regulation (EU) 2023/866 of 24 February 2023 amending Regulation (EU) 2019/1021 of the European Parliament and of the Council as regards perfluorooctanoic acid (PFOA), its salts and PFOA-related compounds</a>","Annex I, part A#Annex IV",12-Nov-2020
"Hexanoic acid, 2,3,3,4,5,5,6,6,6-nonafluoro-2,4-bis(trifluoromethyl)-;Hexanoic acid, 2,3,3,4,5,5,6,6,6-nonafluoro-2,4-bis(trifluoromethyl)-",,-,1812247-19-0,Yes,15-Jun-2020,"<a href=""https://eur-lex.europa.eu/eli/reg_del/2020/784/oj"">Commission Delegated Regulation (EU) 2020/784 of 8 April 2020 amending Annex I to Regulation (EU) 2019/1021 of the European Parliament and of the Council as regards the listing of perfluorooctanoic acid (PFOA), its salts and PFOA-related compounds</a>#<a href=""https://eur-lex.europa.eu/legal-content/EN/TXT/?uri=uriserv:OJ.L_.2020.220.01.0011.01.ENG&toc=OJ:L:2020:220:TOC"">Corrigendum to Commission Delegated Regulation (EU) 2020/784 of 8 April 2020 amending Annex I to Regulation (EU) 2019/1021</a>#<a href=""https://eur-lex.europa.eu/eli/reg_del/2021/115/oj"">Commission Delegated Regulation (EU) 2021/115 of 27 November 2020 amending Annex I to Regulation (EU) 2019/1021</a>#<a href=""http://data.europa.eu/eli/reg/2022/2400/oj"">Regulation (EU) 2022/2400 of the European Parliament and of the Council of 23 November 2022 amending Annexes IV and V to Regulation (EU) 2019/1021</a>#<a href=""http://data.europa.eu/eli/reg_del/2023/866/oj"">Commission Delegated Regulation (EU) 2023/866 of 24 February 2023 amending Regulation (EU) 2019/1021 of the European Parliament and of the Council as regards perfluorooctanoic acid (PFOA), its salts and PFOA-related compounds</a>","Annex I, part A#Annex IV",12-Nov-2020
"Hexanoic acid, 3,3,4,4,5,5,6,6,6-nonafluoro-2,2-bis(trifluoromethyl)-;Hexanoic acid, 3,3,4,4,5,5,6,6,6-nonafluoro-2,2-bis(trifluoromethyl)-",,-,1812247-17-8,Yes,15-Jun-2020,"<a href=""https://eur-lex.europa.eu/eli/reg_del/2020/784/oj"">Commission Delegated Regulation (EU) 2020/784 of 8 April 2020 amending Annex I to Regulation (EU) 2019/1021 of the European Parliament and of the Council as regards the listing of perfluorooctanoic acid (PFOA), its salts and PFOA-related compounds</a>#<a href=""https://eur-lex.europa.eu/legal-content/EN/TXT/?uri=uriserv:OJ.L_.2020.220.01.0011.01.ENG&toc=OJ:L:2020:220:TOC"">Corrigendum to Commission Delegated Regulation (EU) 2020/784 of 8 April 2020 amending Annex I to Regulation (EU) 2019/1021</a>#<a href=""https://eur-lex.europa.eu/eli/reg_del/2021/115/oj"">Commission Delegated Regulation (EU) 2021/115 of 27 November 2020 amending Annex I to Regulation (EU) 2019/1021</a>#<a href=""http://data.europa.eu/eli/reg/2022/2400/oj"">Regulation (EU) 2022/2400 of the European Parliament and of the Council of 23 November 2022 amending Annexes IV and V to Regulation (EU) 2019/1021</a>#<a href=""http://data.europa.eu/eli/reg_del/2023/866/oj"">Commission Delegated Regulation (EU) 2023/866 of 24 February 2023 amending Regulation (EU) 2019/1021 of the European Parliament and of the Council as regards perfluorooctanoic acid (PFOA), its salts and PFOA-related compounds</a>","Annex I, part A#Annex IV",12-Nov-2020
"Hexanoic acid, 2,2,3,3,5,5,6,6,6-nonafluoro-4,4-bis(trifluoromethyl)-;Hexanoic acid, 2,2,3,3,5,5,6,6,6-nonafluoro-4,4-bis(trifluoromethyl)-",,-,1192593-79-5,Yes,15-Jun-2020,"<a href=""https://eur-lex.europa.eu/eli/reg_del/2020/784/oj"">Commission Delegated Regulation (EU) 2020/784 of 8 April 2020 amending Annex I to Regulation (EU) 2019/1021 of the European Parliament and of the Council as regards the listing of perfluorooctanoic acid (PFOA), its salts and PFOA-related compounds</a>#<a href=""https://eur-lex.europa.eu/legal-content/EN/TXT/?uri=uriserv:OJ.L_.2020.220.01.0011.01.ENG&toc=OJ:L:2020:220:TOC"">Corrigendum to Commission Delegated Regulation (EU) 2020/784 of 8 April 2020 amending Annex I to Regulation (EU) 2019/1021</a>#<a href=""https://eur-lex.europa.eu/eli/reg_del/2021/115/oj"">Commission Delegated Regulation (EU) 2021/115 of 27 November 2020 amending Annex I to Regulation (EU) 2019/1021</a>#<a href=""http://data.europa.eu/eli/reg/2022/2400/oj"">Regulation (EU) 2022/2400 of the European Parliament and of the Council of 23 November 2022 amending Annexes IV and V to Regulation (EU) 2019/1021</a>#<a href=""http://data.europa.eu/eli/reg_del/2023/866/oj"">Commission Delegated Regulation (EU) 2023/866 of 24 February 2023 amending Regulation (EU) 2019/1021 of the European Parliament and of the Council as regards perfluorooctanoic acid (PFOA), its salts and PFOA-related compounds</a>","Annex I, part A#Annex IV",12-Nov-2020
"Hexanoic acid, 2,2,3,4,4,5,6,6,6-nonafluoro-3,5-bis(trifluoromethyl)-;Hexanoic acid, 2,2,3,4,4,5,6,6,6-nonafluoro-3,5-bis(trifluoromethyl)-",,-,1144512-35-5,Yes,15-Jun-2020,"<a href=""https://eur-lex.europa.eu/eli/reg_del/2020/784/oj"">Commission Delegated Regulation (EU) 2020/784 of 8 April 2020 amending Annex I to Regulation (EU) 2019/1021 of the European Parliament and of the Council as regards the listing of perfluorooctanoic acid (PFOA), its salts and PFOA-related compounds</a>#<a href=""https://eur-lex.europa.eu/legal-content/EN/TXT/?uri=uriserv:OJ.L_.2020.220.01.0011.01.ENG&toc=OJ:L:2020:220:TOC"">Corrigendum to Commission Delegated Regulation (EU) 2020/784 of 8 April 2020 amending Annex I to Regulation (EU) 2019/1021</a>#<a href=""https://eur-lex.europa.eu/eli/reg_del/2021/115/oj"">Commission Delegated Regulation (EU) 2021/115 of 27 November 2020 amending Annex I to Regulation (EU) 2019/1021</a>#<a href=""http://data.europa.eu/eli/reg/2022/2400/oj"">Regulation (EU) 2022/2400 of the European Parliament and of the Council of 23 November 2022 amending Annexes IV and V to Regulation (EU) 2019/1021</a>#<a href=""http://data.europa.eu/eli/reg_del/2023/866/oj"">Commission Delegated Regulation (EU) 2023/866 of 24 February 2023 amending Regulation (EU) 2019/1021 of the European Parliament and of the Council as regards perfluorooctanoic acid (PFOA), its salts and PFOA-related compounds</a>","Annex I, part A#Annex IV",12-Nov-2020
"Heptanoic acid, 2,2,3,3,4,5,5,6,6,7,7,7-dodecafluoro-4-(trifluoromethyl)-;Heptanoic acid, 2,2,3,3,4,5,5,6,6,7,7,7-dodecafluoro-4-(trifluoromethyl)-",,-,1144512-18-4,Yes,15-Jun-2020,"<a href=""https://eur-lex.europa.eu/eli/reg_del/2020/784/oj"">Commission Delegated Regulation (EU) 2020/784 of 8 April 2020 amending Annex I to Regulation (EU) 2019/1021 of the European Parliament and of the Council as regards the listing of perfluorooctanoic acid (PFOA), its salts and PFOA-related compounds</a>#<a href=""https://eur-lex.europa.eu/legal-content/EN/TXT/?uri=uriserv:OJ.L_.2020.220.01.0011.01.ENG&toc=OJ:L:2020:220:TOC"">Corrigendum to Commission Delegated Regulation (EU) 2020/784 of 8 April 2020 amending Annex I to Regulation (EU) 2019/1021</a>#<a href=""https://eur-lex.europa.eu/eli/reg_del/2021/115/oj"">Commission Delegated Regulation (EU) 2021/115 of 27 November 2020 amending Annex I to Regulation (EU) 2019/1021</a>#<a href=""http://data.europa.eu/eli/reg/2022/2400/oj"">Regulation (EU) 2022/2400 of the European Parliament and of the Council of 23 November 2022 amending Annexes IV and V to Regulation (EU) 2019/1021</a>#<a href=""http://data.europa.eu/eli/reg_del/2023/866/oj"">Commission Delegated Regulation (EU) 2023/866 of 24 February 2023 amending Regulation (EU) 2019/1021 of the European Parliament and of the Council as regards perfluorooctanoic acid (PFOA), its salts and PFOA-related compounds</a>","Annex I, part A#Annex IV",12-Nov-2020
"Heptanoic acid, 2,2,3,4,4,5,5,6,6,7,7,7-dodecafluoro-3-(trifluoromethyl)-;Heptanoic acid, 2,2,3,4,4,5,5,6,6,7,7,7-dodecafluoro-3-(trifluoromethyl)-",,-,705240-04-6,Yes,15-Jun-2020,"<a href=""https://eur-lex.europa.eu/eli/reg_del/2020/784/oj"">Commission Delegated Regulation (EU) 2020/784 of 8 April 2020 amending Annex I to Regulation (EU) 2019/1021 of the European Parliament and of the Council as regards the listing of perfluorooctanoic acid (PFOA), its salts and PFOA-related compounds</a>#<a href=""https://eur-lex.europa.eu/legal-content/EN/TXT/?uri=uriserv:OJ.L_.2020.220.01.0011.01.ENG&toc=OJ:L:2020:220:TOC"">Corrigendum to Commission Delegated Regulation (EU) 2020/784 of 8 April 2020 amending Annex I to Regulation (EU) 2019/1021</a>#<a href=""https://eur-lex.europa.eu/eli/reg_del/2021/115/oj"">Commission Delegated Regulation (EU) 2021/115 of 27 November 2020 amending Annex I to Regulation (EU) 2019/1021</a>#<a href=""http://data.europa.eu/eli/reg/2022/2400/oj"">Regulation (EU) 2022/2400 of the European Parliament and of the Council of 23 November 2022 amending Annexes IV and V to Regulation (EU) 2019/1021</a>#<a href=""http://data.europa.eu/eli/reg_del/2023/866/oj"">Commission Delegated Regulation (EU) 2023/866 of 24 February 2023 amending Regulation (EU) 2019/1021 of the European Parliament and of the Council as regards perfluorooctanoic acid (PFOA), its salts and PFOA-related compounds</a>","Annex I, part A#Annex IV",12-Nov-2020
"Isooctanoic acid, pentadecafluoro-;Isooctanoic acid, pentadecafluoro-",,-,123116-17-6,Yes,15-Jun-2020,"<a href=""https://eur-lex.europa.eu/eli/reg_del/2020/784/oj"">Commission Delegated Regulation (EU) 2020/784 of 8 April 2020 amending Annex I to Regulation (EU) 2019/1021 of the European Parliament and of the Council as regards the listing of perfluorooctanoic acid (PFOA), its salts and PFOA-related compounds</a>#<a href=""https://eur-lex.europa.eu/legal-content/EN/TXT/?uri=uriserv:OJ.L_.2020.220.01.0011.01.ENG&toc=OJ:L:2020:220:TOC"">Corrigendum to Commission Delegated Regulation (EU) 2020/784 of 8 April 2020 amending Annex I to Regulation (EU) 2019/1021</a>#<a href=""https://eur-lex.europa.eu/eli/reg_del/2021/115/oj"">Commission Delegated Regulation (EU) 2021/115 of 27 November 2020 amending Annex I to Regulation (EU) 2019/1021</a>#<a href=""http://data.europa.eu/eli/reg/2022/2400/oj"">Regulation (EU) 2022/2400 of the European Parliament and of the Council of 23 November 2022 amending Annexes IV and V to Regulation (EU) 2019/1021</a>#<a href=""http://data.europa.eu/eli/reg_del/2023/866/oj"">Commission Delegated Regulation (EU) 2023/866 of 24 February 2023 amending Regulation (EU) 2019/1021 of the European Parliament and of the Council as regards perfluorooctanoic acid (PFOA), its salts and PFOA-related compounds</a>","Annex I, part A#Annex IV",12-Nov-2020
"Heptanoic acid, 2,2,3,3,4,4,5,5,6,7,7,7-dodecafluoro-6-(trifluoromethyl)-;Heptanoic acid, 2,2,3,3,4,4,5,5,6,7,7,7-dodecafluoro-6-(trifluoromethyl)-",,-,15166-06-0,Yes,15-Jun-2020,"<a href=""https://eur-lex.europa.eu/eli/reg_del/2020/784/oj"">Commission Delegated Regulation (EU) 2020/784 of 8 April 2020 amending Annex I to Regulation (EU) 2019/1021 of the European Parliament and of the Council as regards the listing of perfluorooctanoic acid (PFOA), its salts and PFOA-related compounds</a>#<a href=""https://eur-lex.europa.eu/legal-content/EN/TXT/?uri=uriserv:OJ.L_.2020.220.01.0011.01.ENG&toc=OJ:L:2020:220:TOC"">Corrigendum to Commission Delegated Regulation (EU) 2020/784 of 8 April 2020 amending Annex I to Regulation (EU) 2019/1021</a>#<a href=""https://eur-lex.europa.eu/eli/reg_del/2021/115/oj"">Commission Delegated Regulation (EU) 2021/115 of 27 November 2020 amending Annex I to Regulation (EU) 2019/1021</a>#<a href=""http://data.europa.eu/eli/reg/2022/2400/oj"">Regulation (EU) 2022/2400 of the European Parliament and of the Council of 23 November 2022 amending Annexes IV and V to Regulation (EU) 2019/1021</a>#<a href=""http://data.europa.eu/eli/reg_del/2023/866/oj"">Commission Delegated Regulation (EU) 2023/866 of 24 February 2023 amending Regulation (EU) 2019/1021 of the European Parliament and of the Council as regards perfluorooctanoic acid (PFOA), its salts and PFOA-related compounds</a>","Annex I, part A#Annex IV",12-Nov-2020
"Octadecanoic acid, 3,3,4,4,5,5,6,6,7,7,8,8,9,9,10,10,10-heptadecafluorodecyl ester;Octadecanoic acid, 3,3,4,4,5,5,6,6,7,7,8,8,9,9,10,10,10-heptadecafluorodecyl ester",,-,99955-83-6,Yes,15-Jun-2020,"<a href=""https://eur-lex.europa.eu/eli/reg_del/2020/784/oj"">Commission Delegated Regulation (EU) 2020/784 of 8 April 2020 amending Annex I to Regulation (EU) 2019/1021 of the European Parliament and of the Council as regards the listing of perfluorooctanoic acid (PFOA), its salts and PFOA-related compounds</a>#<a href=""https://eur-lex.europa.eu/legal-content/EN/TXT/?uri=uriserv:OJ.L_.2020.220.01.0011.01.ENG&toc=OJ:L:2020:220:TOC"">Corrigendum to Commission Delegated Regulation (EU) 2020/784 of 8 April 2020 amending Annex I to Regulation (EU) 2019/1021</a>#<a href=""https://eur-lex.europa.eu/eli/reg_del/2021/115/oj"">Commission Delegated Regulation (EU) 2021/115 of 27 November 2020 amending Annex I to Regulation (EU) 2019/1021</a>#<a href=""http://data.europa.eu/eli/reg/2022/2400/oj"">Regulation (EU) 2022/2400 of the European Parliament and of the Council of 23 November 2022 amending Annexes IV and V to Regulation (EU) 2019/1021</a>#<a href=""http://data.europa.eu/eli/reg_del/2023/866/oj"">Commission Delegated Regulation (EU) 2023/866 of 24 February 2023 amending Regulation (EU) 2019/1021 of the European Parliament and of the Council as regards perfluorooctanoic acid (PFOA), its salts and PFOA-related compounds</a>","Annex I, part A#Annex IV",12-Nov-2020
"Pentanedioic acid, 3-[2-[(3,3,4,4,5,5,6,6,7,7,8,8,9,9,10,10,10-heptadecafluorodecyl)oxy]-2-oxoethyl]-3-hydroxy-, 1,5-bis(3,3,4,4,5,5,6,6,7,7,8,8,9,9,10,10,10-heptadecafluorodecyl) ester;Pentanedioic acid, 3-[2-[(3,3,4,4,5,5,6,6,7,7,8,8,9,9,10,10,10-heptadecafluorodecyl)oxy]-2-oxoethyl]-3-hydroxy-, 1,5-bis(3,3,4,4,5,5,6,6,7,7,8,8,9,9,10,10,10-heptadecafluorodecyl) ester",,-,302911-86-0,Yes,15-Jun-2020,"<a href=""https://eur-lex.europa.eu/eli/reg_del/2020/784/oj"">Commission Delegated Regulation (EU) 2020/784 of 8 April 2020 amending Annex I to Regulation (EU) 2019/1021 of the European Parliament and of the Council as regards the listing of perfluorooctanoic acid (PFOA), its salts and PFOA-related compounds</a>#<a href=""https://eur-lex.europa.eu/legal-content/EN/TXT/?uri=uriserv:OJ.L_.2020.220.01.0011.01.ENG&toc=OJ:L:2020:220:TOC"">Corrigendum to Commission Delegated Regulation (EU) 2020/784 of 8 April 2020 amending Annex I to Regulation (EU) 2019/1021</a>#<a href=""https://eur-lex.europa.eu/eli/reg_del/2021/115/oj"">Commission Delegated Regulation (EU) 2021/115 of 27 November 2020 amending Annex I to Regulation (EU) 2019/1021</a>#<a href=""http://data.europa.eu/eli/reg/2022/2400/oj"">Regulation (EU) 2022/2400 of the European Parliament and of the Council of 23 November 2022 amending Annexes IV and V to Regulation (EU) 2019/1021</a>#<a href=""http://data.europa.eu/eli/reg_del/2023/866/oj"">Commission Delegated Regulation (EU) 2023/866 of 24 February 2023 amending Regulation (EU) 2019/1021 of the European Parliament and of the Council as regards perfluorooctanoic acid (PFOA), its salts and PFOA-related compounds</a>","Annex I, part A#Annex IV",12-Nov-2020
"1,3-Propanediol, 2,2-bis[[(γ-ω-perfluoro-C4–10-alkyl)thio]methyl] derivatives, phosphates, ammonium salts",,-,148240-85-1,Yes,15-Jun-2020,"<a href=""https://eur-lex.europa.eu/eli/reg_del/2020/784/oj"">Commission Delegated Regulation (EU) 2020/784 of 8 April 2020 amending Annex I to Regulation (EU) 2019/1021 of the European Parliament and of the Council as regards the listing of perfluorooctanoic acid (PFOA), its salts and PFOA-related compounds</a>#<a href=""https://eur-lex.europa.eu/legal-content/EN/TXT/?uri=uriserv:OJ.L_.2020.220.01.0011.01.ENG&toc=OJ:L:2020:220:TOC"">Corrigendum to Commission Delegated Regulation (EU) 2020/784 of 8 April 2020 amending Annex I to Regulation (EU) 2019/1021</a>#<a href=""https://eur-lex.europa.eu/eli/reg_del/2021/115/oj"">Commission Delegated Regulation (EU) 2021/115 of 27 November 2020 amending Annex I to Regulation (EU) 2019/1021</a>#<a href=""http://data.europa.eu/eli/reg/2022/2400/oj"">Regulation (EU) 2022/2400 of the European Parliament and of the Council of 23 November 2022 amending Annexes IV and V to Regulation (EU) 2019/1021</a>#<a href=""http://data.europa.eu/eli/reg_del/2023/866/oj"">Commission Delegated Regulation (EU) 2023/866 of 24 February 2023 amending Regulation (EU) 2019/1021 of the European Parliament and of the Council as regards perfluorooctanoic acid (PFOA), its salts and PFOA-related compounds</a>","Annex I, part A#Annex IV",12-Nov-2020
"1,3-Propanediol, 2,2-bis[[(γ-ω-perfluoro-C6–12-alkyl)thio]methyl] derivatives, phosphates, ammonium salts",,-,148240-87-3,Yes,15-Jun-2020,"<a href=""https://eur-lex.europa.eu/eli/reg_del/2020/784/oj"">Commission Delegated Regulation (EU) 2020/784 of 8 April 2020 amending Annex I to Regulation (EU) 2019/1021 of the European Parliament and of the Council as regards the listing of perfluorooctanoic acid (PFOA), its salts and PFOA-related compounds</a>#<a href=""https://eur-lex.europa.eu/legal-content/EN/TXT/?uri=uriserv:OJ.L_.2020.220.01.0011.01.ENG&toc=OJ:L:2020:220:TOC"">Corrigendum to Commission Delegated Regulation (EU) 2020/784 of 8 April 2020 amending Annex I to Regulation (EU) 2019/1021</a>#<a href=""https://eur-lex.europa.eu/eli/reg_del/2021/115/oj"">Commission Delegated Regulation (EU) 2021/115 of 27 November 2020 amending Annex I to Regulation (EU) 2019/1021</a>#<a href=""http://data.europa.eu/eli/reg/2022/2400/oj"">Regulation (EU) 2022/2400 of the European Parliament and of the Council of 23 November 2022 amending Annexes IV and V to Regulation (EU) 2019/1021</a>#<a href=""http://data.europa.eu/eli/reg_del/2023/866/oj"">Commission Delegated Regulation (EU) 2023/866 of 24 February 2023 amending Regulation (EU) 2019/1021 of the European Parliament and of the Council as regards perfluorooctanoic acid (PFOA), its salts and PFOA-related compounds</a>","Annex I, part A#Annex IV",12-Nov-2020
"1,3-Propanediol, 2,2-bis[[(γ-ω-perfluoro-C10-20-alkyl)thio]methyl] derivs., phosphates, ammonium salts;1,3-Propanediol, 2,2-bis[[(γ-ω-perfluoro-C10-20-alkyl)thio]methyl] derivs., phosphates, ammonium salts",,-,148240-89-5,Yes,15-Jun-2020,"<a href=""https://eur-lex.europa.eu/eli/reg_del/2020/784/oj"">Commission Delegated Regulation (EU) 2020/784 of 8 April 2020 amending Annex I to Regulation (EU) 2019/1021 of the European Parliament and of the Council as regards the listing of perfluorooctanoic acid (PFOA), its salts and PFOA-related compounds</a>#<a href=""https://eur-lex.europa.eu/legal-content/EN/TXT/?uri=uriserv:OJ.L_.2020.220.01.0011.01.ENG&toc=OJ:L:2020:220:TOC"">Corrigendum to Commission Delegated Regulation (EU) 2020/784 of 8 April 2020 amending Annex I to Regulation (EU) 2019/1021</a>#<a href=""https://eur-lex.europa.eu/eli/reg_del/2021/115/oj"">Commission Delegated Regulation (EU) 2021/115 of 27 November 2020 amending Annex I to Regulation (EU) 2019/1021</a>#<a href=""http://data.europa.eu/eli/reg/2022/2400/oj"">Regulation (EU) 2022/2400 of the European Parliament and of the Council of 23 November 2022 amending Annexes IV and V to Regulation (EU) 2019/1021</a>#<a href=""http://data.europa.eu/eli/reg_del/2023/866/oj"">Commission Delegated Regulation (EU) 2023/866 of 24 February 2023 amending Regulation (EU) 2019/1021 of the European Parliament and of the Council as regards perfluorooctanoic acid (PFOA), its salts and PFOA-related compounds</a>","Annex I, part A#Annex IV",12-Nov-2020
"Oxirane, methyl-, polymer with oxirane, mono[2-hydroxy-3-[( γ-ω-perfluoro-C8-20-alkyl)thio]propyl] ethers",,-,183146-60-3,Yes,15-Jun-2020,"<a href=""https://eur-lex.europa.eu/eli/reg_del/2020/784/oj"">Commission Delegated Regulation (EU) 2020/784 of 8 April 2020 amending Annex I to Regulation (EU) 2019/1021 of the European Parliament and of the Council as regards the listing of perfluorooctanoic acid (PFOA), its salts and PFOA-related compounds</a>#<a href=""https://eur-lex.europa.eu/legal-content/EN/TXT/?uri=uriserv:OJ.L_.2020.220.01.0011.01.ENG&toc=OJ:L:2020:220:TOC"">Corrigendum to Commission Delegated Regulation (EU) 2020/784 of 8 April 2020 amending Annex I to Regulation (EU) 2019/1021</a>#<a href=""https://eur-lex.europa.eu/eli/reg_del/2021/115/oj"">Commission Delegated Regulation (EU) 2021/115 of 27 November 2020 amending Annex I to Regulation (EU) 2019/1021</a>#<a href=""http://data.europa.eu/eli/reg/2022/2400/oj"">Regulation (EU) 2022/2400 of the European Parliament and of the Council of 23 November 2022 amending Annexes IV and V to Regulation (EU) 2019/1021</a>#<a href=""http://data.europa.eu/eli/reg_del/2023/866/oj"">Commission Delegated Regulation (EU) 2023/866 of 24 February 2023 amending Regulation (EU) 2019/1021 of the European Parliament and of the Council as regards perfluorooctanoic acid (PFOA), its salts and PFOA-related compounds</a>","Annex I, part A#Annex IV",12-Nov-2020
"Pentanoic acid, 4,4-bis[(γ-ω-perfluoro-C8-20-alkyl)thio]derivs., compds. with diethanolamine",,-,71608-61-2,Yes,15-Jun-2020,"<a href=""https://eur-lex.europa.eu/eli/reg_del/2020/784/oj"">Commission Delegated Regulation (EU) 2020/784 of 8 April 2020 amending Annex I to Regulation (EU) 2019/1021 of the European Parliament and of the Council as regards the listing of perfluorooctanoic acid (PFOA), its salts and PFOA-related compounds</a>#<a href=""https://eur-lex.europa.eu/legal-content/EN/TXT/?uri=uriserv:OJ.L_.2020.220.01.0011.01.ENG&toc=OJ:L:2020:220:TOC"">Corrigendum to Commission Delegated Regulation (EU) 2020/784 of 8 April 2020 amending Annex I to Regulation (EU) 2019/1021</a>#<a href=""https://eur-lex.europa.eu/eli/reg_del/2021/115/oj"">Commission Delegated Regulation (EU) 2021/115 of 27 November 2020 amending Annex I to Regulation (EU) 2019/1021</a>#<a href=""http://data.europa.eu/eli/reg/2022/2400/oj"">Regulation (EU) 2022/2400 of the European Parliament and of the Council of 23 November 2022 amending Annexes IV and V to Regulation (EU) 2019/1021</a>#<a href=""http://data.europa.eu/eli/reg_del/2023/866/oj"">Commission Delegated Regulation (EU) 2023/866 of 24 February 2023 amending Regulation (EU) 2019/1021 of the European Parliament and of the Council as regards perfluorooctanoic acid (PFOA), its salts and PFOA-related compounds</a>","Annex I, part A#Annex IV",12-Nov-2020
"2-Propenoic acid, 2-methyl-, C10-16-alkyl esters, polymers with 2-hydroxyethyl methacrylate, Me methacrylate and γ-ω-perfluoro-C8-14-alkyl acrylate;2-Propenoic acid, 2-methyl-, C10-16-alkyl esters, polymers with 2-hydroxyethyl methacrylate, Me methacrylate and γ-ω-perfluoro-C8-14-alkyl acrylate",,-,129783-45-5,Yes,15-Jun-2020,"<a href=""https://eur-lex.europa.eu/eli/reg_del/2020/784/oj"">Commission Delegated Regulation (EU) 2020/784 of 8 April 2020 amending Annex I to Regulation (EU) 2019/1021 of the European Parliament and of the Council as regards the listing of perfluorooctanoic acid (PFOA), its salts and PFOA-related compounds</a>#<a href=""https://eur-lex.europa.eu/legal-content/EN/TXT/?uri=uriserv:OJ.L_.2020.220.01.0011.01.ENG&toc=OJ:L:2020:220:TOC"">Corrigendum to Commission Delegated Regulation (EU) 2020/784 of 8 April 2020 amending Annex I to Regulation (EU) 2019/1021</a>#<a href=""https://eur-lex.europa.eu/eli/reg_del/2021/115/oj"">Commission Delegated Regulation (EU) 2021/115 of 27 November 2020 amending Annex I to Regulation (EU) 2019/1021</a>#<a href=""http://data.europa.eu/eli/reg/2022/2400/oj"">Regulation (EU) 2022/2400 of the European Parliament and of the Council of 23 November 2022 amending Annexes IV and V to Regulation (EU) 2019/1021</a>#<a href=""http://data.europa.eu/eli/reg_del/2023/866/oj"">Commission Delegated Regulation (EU) 2023/866 of 24 February 2023 amending Regulation (EU) 2019/1021 of the European Parliament and of the Council as regards perfluorooctanoic acid (PFOA), its salts and PFOA-related compounds</a>","Annex I, part A#Annex IV",12-Nov-2020
"2-Propenoic acid, dodecyl ester, polymers with Bu (1-oxo-2-propenyl)carbamate and γ-ω-perfluoro-C8-14-alkyl acrylate;2-Propenoic acid, dodecyl ester, polymers with Bu (1-oxo-2-propenyl)carbamate and γ-ω-perfluoro-C8-14-alkyl acrylate",,-,144031-01-6,Yes,15-Jun-2020,"<a href=""https://eur-lex.europa.eu/eli/reg_del/2020/784/oj"">Commission Delegated Regulation (EU) 2020/784 of 8 April 2020 amending Annex I to Regulation (EU) 2019/1021 of the European Parliament and of the Council as regards the listing of perfluorooctanoic acid (PFOA), its salts and PFOA-related compounds</a>#<a href=""https://eur-lex.europa.eu/legal-content/EN/TXT/?uri=uriserv:OJ.L_.2020.220.01.0011.01.ENG&toc=OJ:L:2020:220:TOC"">Corrigendum to Commission Delegated Regulation (EU) 2020/784 of 8 April 2020 amending Annex I to Regulation (EU) 2019/1021</a>#<a href=""https://eur-lex.europa.eu/eli/reg_del/2021/115/oj"">Commission Delegated Regulation (EU) 2021/115 of 27 November 2020 amending Annex I to Regulation (EU) 2019/1021</a>#<a href=""http://data.europa.eu/eli/reg/2022/2400/oj"">Regulation (EU) 2022/2400 of the European Parliament and of the Council of 23 November 2022 amending Annexes IV and V to Regulation (EU) 2019/1021</a>#<a href=""http://data.europa.eu/eli/reg_del/2023/866/oj"">Commission Delegated Regulation (EU) 2023/866 of 24 February 2023 amending Regulation (EU) 2019/1021 of the European Parliament and of the Council as regards perfluorooctanoic acid (PFOA), its salts and PFOA-related compounds</a>","Annex I, part A#Annex IV",12-Nov-2020
"2-Propenoic acid, 3,3,4,4,5,5,6,6,7,7,8,8,9,9,10,10,10-heptadecafluorodecyl ester, homopolymer;2-Propenoic acid, 3,3,4,4,5,5,6,6,7,7,8,8,9,9,10,10,10-heptadecafluorodecyl ester, homopolymer;2-Propenoic acid, 3,3,4,4,5,5,6,6,7,7,8,8,9,9,10,10,10-heptadecafluorodecyl ester, homopolymer;2-Propenoic acid, 3,3,4,4,5,5,6,6,7,7,8,8,9,9,10,10,10-heptadecafluorodecyl ester, homopolymer",,-,74049-08-4,Yes,15-Jun-2020,"<a href=""https://eur-lex.europa.eu/eli/reg_del/2020/784/oj"">Commission Delegated Regulation (EU) 2020/784 of 8 April 2020 amending Annex I to Regulation (EU) 2019/1021 of the European Parliament and of the Council as regards the listing of perfluorooctanoic acid (PFOA), its salts and PFOA-related compounds</a>#<a href=""https://eur-lex.europa.eu/legal-content/EN/TXT/?uri=uriserv:OJ.L_.2020.220.01.0011.01.ENG&toc=OJ:L:2020:220:TOC"">Corrigendum to Commission Delegated Regulation (EU) 2020/784 of 8 April 2020 amending Annex I to Regulation (EU) 2019/1021</a>#<a href=""https://eur-lex.europa.eu/eli/reg_del/2021/115/oj"">Commission Delegated Regulation (EU) 2021/115 of 27 November 2020 amending Annex I to Regulation (EU) 2019/1021</a>#<a href=""http://data.europa.eu/eli/reg/2022/2400/oj"">Regulation (EU) 2022/2400 of the European Parliament and of the Council of 23 November 2022 amending Annexes IV and V to Regulation (EU) 2019/1021</a>#<a href=""http://data.europa.eu/eli/reg_del/2023/866/oj"">Commission Delegated Regulation (EU) 2023/866 of 24 February 2023 amending Regulation (EU) 2019/1021 of the European Parliament and of the Council as regards perfluorooctanoic acid (PFOA), its salts and PFOA-related compounds</a>","Annex I, part A#Annex IV",12-Nov-2020
"2-Propenoic acid, 2-methyl-, 3,3,4,4,5,5,6,6,7,7,8,8,9,9,10,10,11,11,12,12,12-heneicosafluorododecyl ester, polymer with 3,3,4,4,5,5,6,6,7,7,8,8,9,9, 10,10,10-heptadecafluorodecyl 2-methyl-2-propenoate, methyl 2-methyl-2-propenoate,3,3,4,4,5,5,6,6,7,7,8,8,9,9,10,10,11,11,12,12,13,13,14,14,14-pentacosafluorotetradecyl 2-methyl-2-propenoate and 3,3,4,4,5,5,6,6, 7,7,8,8,8-tridecafluorooctyl 2-methyl-2-propenoate;2-Propenoic acid, 2-methyl-, 3,3,4,4,5,5,6,6,7,7,8,8,9,9,10,10,11,11,12,12,12-heneicosafluorododecyl ester, polymer with 3,3,4,4,5,5,6,6,7,7,8,8,9,9, 10,10,10-heptadecafluorodecyl 2-methyl-2-propenoate, methyl 2-methyl-2-propenoate,3,3,4,4,5,5,6,6,7,7,8,8,9,9,10,10,11,11,12,12,13,13,14,14,14-pentacosafluorotetradecyl 2-methyl-2-propenoate and 3,3,4,4,5,5,6,6, 7,7,8,8,8-tridecafluorooctyl 2-methyl-2-propenoate",,-,65104-45-2,Yes,15-Jun-2020,"<a href=""https://eur-lex.europa.eu/eli/reg_del/2020/784/oj"">Commission Delegated Regulation (EU) 2020/784 of 8 April 2020 amending Annex I to Regulation (EU) 2019/1021 of the European Parliament and of the Council as regards the listing of perfluorooctanoic acid (PFOA), its salts and PFOA-related compounds</a>#<a href=""https://eur-lex.europa.eu/legal-content/EN/TXT/?uri=uriserv:OJ.L_.2020.220.01.0011.01.ENG&toc=OJ:L:2020:220:TOC"">Corrigendum to Commission Delegated Regulation (EU) 2020/784 of 8 April 2020 amending Annex I to Regulation (EU) 2019/1021</a>#<a href=""https://eur-lex.europa.eu/eli/reg_del/2021/115/oj"">Commission Delegated Regulation (EU) 2021/115 of 27 November 2020 amending Annex I to Regulation (EU) 2019/1021</a>#<a href=""http://data.europa.eu/eli/reg/2022/2400/oj"">Regulation (EU) 2022/2400 of the European Parliament and of the Council of 23 November 2022 amending Annexes IV and V to Regulation (EU) 2019/1021</a>#<a href=""http://data.europa.eu/eli/reg_del/2023/866/oj"">Commission Delegated Regulation (EU) 2023/866 of 24 February 2023 amending Regulation (EU) 2019/1021 of the European Parliament and of the Council as regards perfluorooctanoic acid (PFOA), its salts and PFOA-related compounds</a>","Annex I, part A#Annex IV",12-Nov-2020
"2-Propenoic acid, 2-methyl-, 2,2,3,3,4,4,5,5,6,6,7,7,8,8,8-pentadecafluorooctyl ester, polymer with 2-propenoic acid;2-Propenoic acid, 2-methyl-, 2,2,3,3,4,4,5,5,6,6,7,7,8,8,8-pentadecafluorooctyl ester, polymer with 2-propenoic acid",,-,53515-73-4,Yes,15-Jun-2020,"<a href=""https://eur-lex.europa.eu/eli/reg_del/2020/784/oj"">Commission Delegated Regulation (EU) 2020/784 of 8 April 2020 amending Annex I to Regulation (EU) 2019/1021 of the European Parliament and of the Council as regards the listing of perfluorooctanoic acid (PFOA), its salts and PFOA-related compounds</a>#<a href=""https://eur-lex.europa.eu/legal-content/EN/TXT/?uri=uriserv:OJ.L_.2020.220.01.0011.01.ENG&toc=OJ:L:2020:220:TOC"">Corrigendum to Commission Delegated Regulation (EU) 2020/784 of 8 April 2020 amending Annex I to Regulation (EU) 2019/1021</a>#<a href=""https://eur-lex.europa.eu/eli/reg_del/2021/115/oj"">Commission Delegated Regulation (EU) 2021/115 of 27 November 2020 amending Annex I to Regulation (EU) 2019/1021</a>#<a href=""http://data.europa.eu/eli/reg/2022/2400/oj"">Regulation (EU) 2022/2400 of the European Parliament and of the Council of 23 November 2022 amending Annexes IV and V to Regulation (EU) 2019/1021</a>#<a href=""http://data.europa.eu/eli/reg_del/2023/866/oj"">Commission Delegated Regulation (EU) 2023/866 of 24 February 2023 amending Regulation (EU) 2019/1021 of the European Parliament and of the Council as regards perfluorooctanoic acid (PFOA), its salts and PFOA-related compounds</a>","Annex I, part A#Annex IV",12-Nov-2020
"Hexanoic acid, 2,2,3,4,5,5,6,6,6-nonafluoro-3,4-bis(trifluoromethyl)-;Hexanoic acid, 2,2,3,4,5,5,6,6,6-nonafluoro-3,4-bis(trifluoromethyl)-",,-,1882109-81-0,Yes,15-Jun-2020,"<a href=""https://eur-lex.europa.eu/eli/reg_del/2020/784/oj"">Commission Delegated Regulation (EU) 2020/784 of 8 April 2020 amending Annex I to Regulation (EU) 2019/1021 of the European Parliament and of the Council as regards the listing of perfluorooctanoic acid (PFOA), its salts and PFOA-related compounds</a>#<a href=""https://eur-lex.europa.eu/legal-content/EN/TXT/?uri=uriserv:OJ.L_.2020.220.01.0011.01.ENG&toc=OJ:L:2020:220:TOC"">Corrigendum to Commission Delegated Regulation (EU) 2020/784 of 8 April 2020 amending Annex I to Regulation (EU) 2019/1021</a>#<a href=""https://eur-lex.europa.eu/eli/reg_del/2021/115/oj"">Commission Delegated Regulation (EU) 2021/115 of 27 November 2020 amending Annex I to Regulation (EU) 2019/1021</a>#<a href=""http://data.europa.eu/eli/reg/2022/2400/oj"">Regulation (EU) 2022/2400 of the European Parliament and of the Council of 23 November 2022 amending Annexes IV and V to Regulation (EU) 2019/1021</a>#<a href=""http://data.europa.eu/eli/reg_del/2023/866/oj"">Commission Delegated Regulation (EU) 2023/866 of 24 February 2023 amending Regulation (EU) 2019/1021 of the European Parliament and of the Council as regards perfluorooctanoic acid (PFOA), its salts and PFOA-related compounds</a>","Annex I, part A#Annex IV",12-Nov-2020
"Hexanoic acid, 2,2,3,3,4,5,5,6,6,6-decafluoro-4-(1,1,2,2,2-pentafluoroethyl)-;Hexanoic acid, 2,2,3,3,4,5,5,6,6,6-decafluoro-4-(1,1,2,2,2-pentafluoroethyl)-",,-,1882109-79-6,Yes,15-Jun-2020,"<a href=""https://eur-lex.europa.eu/eli/reg_del/2020/784/oj"">Commission Delegated Regulation (EU) 2020/784 of 8 April 2020 amending Annex I to Regulation (EU) 2019/1021 of the European Parliament and of the Council as regards the listing of perfluorooctanoic acid (PFOA), its salts and PFOA-related compounds</a>#<a href=""https://eur-lex.europa.eu/legal-content/EN/TXT/?uri=uriserv:OJ.L_.2020.220.01.0011.01.ENG&toc=OJ:L:2020:220:TOC"">Corrigendum to Commission Delegated Regulation (EU) 2020/784 of 8 April 2020 amending Annex I to Regulation (EU) 2019/1021</a>#<a href=""https://eur-lex.europa.eu/eli/reg_del/2021/115/oj"">Commission Delegated Regulation (EU) 2021/115 of 27 November 2020 amending Annex I to Regulation (EU) 2019/1021</a>#<a href=""http://data.europa.eu/eli/reg/2022/2400/oj"">Regulation (EU) 2022/2400 of the European Parliament and of the Council of 23 November 2022 amending Annexes IV and V to Regulation (EU) 2019/1021</a>#<a href=""http://data.europa.eu/eli/reg_del/2023/866/oj"">Commission Delegated Regulation (EU) 2023/866 of 24 February 2023 amending Regulation (EU) 2019/1021 of the European Parliament and of the Council as regards perfluorooctanoic acid (PFOA), its salts and PFOA-related compounds</a>","Annex I, part A#Annex IV",12-Nov-2020
"Hexanoic acid, 2,2,3,4,4,5,5,6,6,6-decafluoro-3-(1,1,2,2,2-pentafluoroethyl)-;Hexanoic acid, 2,2,3,4,4,5,5,6,6,6-decafluoro-3-(1,1,2,2,2-pentafluoroethyl)-",,-,1882109-78-5,Yes,15-Jun-2020,"<a href=""https://eur-lex.europa.eu/eli/reg_del/2020/784/oj"">Commission Delegated Regulation (EU) 2020/784 of 8 April 2020 amending Annex I to Regulation (EU) 2019/1021 of the European Parliament and of the Council as regards the listing of perfluorooctanoic acid (PFOA), its salts and PFOA-related compounds</a>#<a href=""https://eur-lex.europa.eu/legal-content/EN/TXT/?uri=uriserv:OJ.L_.2020.220.01.0011.01.ENG&toc=OJ:L:2020:220:TOC"">Corrigendum to Commission Delegated Regulation (EU) 2020/784 of 8 April 2020 amending Annex I to Regulation (EU) 2019/1021</a>#<a href=""https://eur-lex.europa.eu/eli/reg_del/2021/115/oj"">Commission Delegated Regulation (EU) 2021/115 of 27 November 2020 amending Annex I to Regulation (EU) 2019/1021</a>#<a href=""http://data.europa.eu/eli/reg/2022/2400/oj"">Regulation (EU) 2022/2400 of the European Parliament and of the Council of 23 November 2022 amending Annexes IV and V to Regulation (EU) 2019/1021</a>#<a href=""http://data.europa.eu/eli/reg_del/2023/866/oj"">Commission Delegated Regulation (EU) 2023/866 of 24 February 2023 amending Regulation (EU) 2019/1021 of the European Parliament and of the Council as regards perfluorooctanoic acid (PFOA), its salts and PFOA-related compounds</a>","Annex I, part A#Annex IV",12-Nov-2020
"Pentanoic acid, 2,3,3,4,4,5,5,5-octafluoro-2-(1,1,2,2,3,3,3-heptafluoropropyl)-;Pentanoic acid, 2,3,3,4,4,5,5,5-octafluoro-2-(1,1,2,2,3,3,3-heptafluoropropyl)-",,-,1882109-77-4,Yes,15-Jun-2020,"<a href=""https://eur-lex.europa.eu/eli/reg_del/2020/784/oj"">Commission Delegated Regulation (EU) 2020/784 of 8 April 2020 amending Annex I to Regulation (EU) 2019/1021 of the European Parliament and of the Council as regards the listing of perfluorooctanoic acid (PFOA), its salts and PFOA-related compounds</a>#<a href=""https://eur-lex.europa.eu/legal-content/EN/TXT/?uri=uriserv:OJ.L_.2020.220.01.0011.01.ENG&toc=OJ:L:2020:220:TOC"">Corrigendum to Commission Delegated Regulation (EU) 2020/784 of 8 April 2020 amending Annex I to Regulation (EU) 2019/1021</a>#<a href=""https://eur-lex.europa.eu/eli/reg_del/2021/115/oj"">Commission Delegated Regulation (EU) 2021/115 of 27 November 2020 amending Annex I to Regulation (EU) 2019/1021</a>#<a href=""http://data.europa.eu/eli/reg/2022/2400/oj"">Regulation (EU) 2022/2400 of the European Parliament and of the Council of 23 November 2022 amending Annexes IV and V to Regulation (EU) 2019/1021</a>#<a href=""http://data.europa.eu/eli/reg_del/2023/866/oj"">Commission Delegated Regulation (EU) 2023/866 of 24 February 2023 amending Regulation (EU) 2019/1021 of the European Parliament and of the Council as regards perfluorooctanoic acid (PFOA), its salts and PFOA-related compounds</a>","Annex I, part A#Annex IV",12-Nov-2020
"Pentanoic acid, 2,3,3,4,4,5,5,5-octafluoro-2-[1,2,2,2-tetrafluoro-1-(trifluoromethyl)ethyl]-;Pentanoic acid, 2,3,3,4,4,5,5,5-octafluoro-2-[1,2,2,2-tetrafluoro-1-(trifluoromethyl)ethyl]-",,-,1882109-76-3,Yes,15-Jun-2020,"<a href=""https://eur-lex.europa.eu/eli/reg_del/2020/784/oj"">Commission Delegated Regulation (EU) 2020/784 of 8 April 2020 amending Annex I to Regulation (EU) 2019/1021 of the European Parliament and of the Council as regards the listing of perfluorooctanoic acid (PFOA), its salts and PFOA-related compounds</a>#<a href=""https://eur-lex.europa.eu/legal-content/EN/TXT/?uri=uriserv:OJ.L_.2020.220.01.0011.01.ENG&toc=OJ:L:2020:220:TOC"">Corrigendum to Commission Delegated Regulation (EU) 2020/784 of 8 April 2020 amending Annex I to Regulation (EU) 2019/1021</a>#<a href=""https://eur-lex.europa.eu/eli/reg_del/2021/115/oj"">Commission Delegated Regulation (EU) 2021/115 of 27 November 2020 amending Annex I to Regulation (EU) 2019/1021</a>#<a href=""http://data.europa.eu/eli/reg/2022/2400/oj"">Regulation (EU) 2022/2400 of the European Parliament and of the Council of 23 November 2022 amending Annexes IV and V to Regulation (EU) 2019/1021</a>#<a href=""http://data.europa.eu/eli/reg_del/2023/866/oj"">Commission Delegated Regulation (EU) 2023/866 of 24 February 2023 amending Regulation (EU) 2019/1021 of the European Parliament and of the Council as regards perfluorooctanoic acid (PFOA), its salts and PFOA-related compounds</a>","Annex I, part A#Annex IV",12-Nov-2020
"Pentanoic acid, 2,2,3,5,5,5-hexafluoro-3,4,4-tris(trifluoromethyl)-;Pentanoic acid, 2,2,3,5,5,5-hexafluoro-3,4,4-tris(trifluoromethyl)-",,-,1882109-75-2,Yes,15-Jun-2020,"<a href=""https://eur-lex.europa.eu/eli/reg_del/2020/784/oj"">Commission Delegated Regulation (EU) 2020/784 of 8 April 2020 amending Annex I to Regulation (EU) 2019/1021 of the European Parliament and of the Council as regards the listing of perfluorooctanoic acid (PFOA), its salts and PFOA-related compounds</a>#<a href=""https://eur-lex.europa.eu/legal-content/EN/TXT/?uri=uriserv:OJ.L_.2020.220.01.0011.01.ENG&toc=OJ:L:2020:220:TOC"">Corrigendum to Commission Delegated Regulation (EU) 2020/784 of 8 April 2020 amending Annex I to Regulation (EU) 2019/1021</a>#<a href=""https://eur-lex.europa.eu/eli/reg_del/2021/115/oj"">Commission Delegated Regulation (EU) 2021/115 of 27 November 2020 amending Annex I to Regulation (EU) 2019/1021</a>#<a href=""http://data.europa.eu/eli/reg/2022/2400/oj"">Regulation (EU) 2022/2400 of the European Parliament and of the Council of 23 November 2022 amending Annexes IV and V to Regulation (EU) 2019/1021</a>#<a href=""http://data.europa.eu/eli/reg_del/2023/866/oj"">Commission Delegated Regulation (EU) 2023/866 of 24 February 2023 amending Regulation (EU) 2019/1021 of the European Parliament and of the Council as regards perfluorooctanoic acid (PFOA), its salts and PFOA-related compounds</a>","Annex I, part A#Annex IV",12-Nov-2020
"Pentanoic acid, 2,2,4,5,5,5-hexafluoro-3,3,4-tris(trifluoromethyl)-;Pentanoic acid, 2,2,4,5,5,5-hexafluoro-3,3,4-tris(trifluoromethyl)-",,-,1882109-74-1,Yes,15-Jun-2020,"<a href=""https://eur-lex.europa.eu/eli/reg_del/2020/784/oj"">Commission Delegated Regulation (EU) 2020/784 of 8 April 2020 amending Annex I to Regulation (EU) 2019/1021 of the European Parliament and of the Council as regards the listing of perfluorooctanoic acid (PFOA), its salts and PFOA-related compounds</a>#<a href=""https://eur-lex.europa.eu/legal-content/EN/TXT/?uri=uriserv:OJ.L_.2020.220.01.0011.01.ENG&toc=OJ:L:2020:220:TOC"">Corrigendum to Commission Delegated Regulation (EU) 2020/784 of 8 April 2020 amending Annex I to Regulation (EU) 2019/1021</a>#<a href=""https://eur-lex.europa.eu/eli/reg_del/2021/115/oj"">Commission Delegated Regulation (EU) 2021/115 of 27 November 2020 amending Annex I to Regulation (EU) 2019/1021</a>#<a href=""http://data.europa.eu/eli/reg/2022/2400/oj"">Regulation (EU) 2022/2400 of the European Parliament and of the Council of 23 November 2022 amending Annexes IV and V to Regulation (EU) 2019/1021</a>#<a href=""http://data.europa.eu/eli/reg_del/2023/866/oj"">Commission Delegated Regulation (EU) 2023/866 of 24 February 2023 amending Regulation (EU) 2019/1021 of the European Parliament and of the Council as regards perfluorooctanoic acid (PFOA), its salts and PFOA-related compounds</a>","Annex I, part A#Annex IV",12-Nov-2020
"Pentanoic acid, 2,3,3,5,5,5-hexafluoro-2,4,4-tris(trifluoromethyl)-;Pentanoic acid, 2,3,3,5,5,5-hexafluoro-2,4,4-tris(trifluoromethyl)-",,-,1882109-73-0,Yes,15-Jun-2020,"<a href=""https://eur-lex.europa.eu/eli/reg_del/2020/784/oj"">Commission Delegated Regulation (EU) 2020/784 of 8 April 2020 amending Annex I to Regulation (EU) 2019/1021 of the European Parliament and of the Council as regards the listing of perfluorooctanoic acid (PFOA), its salts and PFOA-related compounds</a>#<a href=""https://eur-lex.europa.eu/legal-content/EN/TXT/?uri=uriserv:OJ.L_.2020.220.01.0011.01.ENG&toc=OJ:L:2020:220:TOC"">Corrigendum to Commission Delegated Regulation (EU) 2020/784 of 8 April 2020 amending Annex I to Regulation (EU) 2019/1021</a>#<a href=""https://eur-lex.europa.eu/eli/reg_del/2021/115/oj"">Commission Delegated Regulation (EU) 2021/115 of 27 November 2020 amending Annex I to Regulation (EU) 2019/1021</a>#<a href=""http://data.europa.eu/eli/reg/2022/2400/oj"">Regulation (EU) 2022/2400 of the European Parliament and of the Council of 23 November 2022 amending Annexes IV and V to Regulation (EU) 2019/1021</a>#<a href=""http://data.europa.eu/eli/reg_del/2023/866/oj"">Commission Delegated Regulation (EU) 2023/866 of 24 February 2023 amending Regulation (EU) 2019/1021 of the European Parliament and of the Council as regards perfluorooctanoic acid (PFOA), its salts and PFOA-related compounds</a>","Annex I, part A#Annex IV",12-Nov-2020
"Pentanoic acid, 2,3,4,5,5,5-hexafluoro-2,3,4-tris(trifluoromethyl)-;Pentanoic acid, 2,3,4,5,5,5-hexafluoro-2,3,4-tris(trifluoromethyl)-",,-,1882109-72-9,Yes,15-Jun-2020,"<a href=""https://eur-lex.europa.eu/eli/reg_del/2020/784/oj"">Commission Delegated Regulation (EU) 2020/784 of 8 April 2020 amending Annex I to Regulation (EU) 2019/1021 of the European Parliament and of the Council as regards the listing of perfluorooctanoic acid (PFOA), its salts and PFOA-related compounds</a>#<a href=""https://eur-lex.europa.eu/legal-content/EN/TXT/?uri=uriserv:OJ.L_.2020.220.01.0011.01.ENG&toc=OJ:L:2020:220:TOC"">Corrigendum to Commission Delegated Regulation (EU) 2020/784 of 8 April 2020 amending Annex I to Regulation (EU) 2019/1021</a>#<a href=""https://eur-lex.europa.eu/eli/reg_del/2021/115/oj"">Commission Delegated Regulation (EU) 2021/115 of 27 November 2020 amending Annex I to Regulation (EU) 2019/1021</a>#<a href=""http://data.europa.eu/eli/reg/2022/2400/oj"">Regulation (EU) 2022/2400 of the European Parliament and of the Council of 23 November 2022 amending Annexes IV and V to Regulation (EU) 2019/1021</a>#<a href=""http://data.europa.eu/eli/reg_del/2023/866/oj"">Commission Delegated Regulation (EU) 2023/866 of 24 February 2023 amending Regulation (EU) 2019/1021 of the European Parliament and of the Council as regards perfluorooctanoic acid (PFOA), its salts and PFOA-related compounds</a>","Annex I, part A#Annex IV",12-Nov-2020
"Pentanoic acid, 2,4,4,5,5,5-hexafluoro-2,3,3-tris(trifluoromethyl)-;Pentanoic acid, 2,4,4,5,5,5-hexafluoro-2,3,3-tris(trifluoromethyl)-",,-,1882109-71-8,Yes,15-Jun-2020,"<a href=""https://eur-lex.europa.eu/eli/reg_del/2020/784/oj"">Commission Delegated Regulation (EU) 2020/784 of 8 April 2020 amending Annex I to Regulation (EU) 2019/1021 of the European Parliament and of the Council as regards the listing of perfluorooctanoic acid (PFOA), its salts and PFOA-related compounds</a>#<a href=""https://eur-lex.europa.eu/legal-content/EN/TXT/?uri=uriserv:OJ.L_.2020.220.01.0011.01.ENG&toc=OJ:L:2020:220:TOC"">Corrigendum to Commission Delegated Regulation (EU) 2020/784 of 8 April 2020 amending Annex I to Regulation (EU) 2019/1021</a>#<a href=""https://eur-lex.europa.eu/eli/reg_del/2021/115/oj"">Commission Delegated Regulation (EU) 2021/115 of 27 November 2020 amending Annex I to Regulation (EU) 2019/1021</a>#<a href=""http://data.europa.eu/eli/reg/2022/2400/oj"">Regulation (EU) 2022/2400 of the European Parliament and of the Council of 23 November 2022 amending Annexes IV and V to Regulation (EU) 2019/1021</a>#<a href=""http://data.europa.eu/eli/reg_del/2023/866/oj"">Commission Delegated Regulation (EU) 2023/866 of 24 February 2023 amending Regulation (EU) 2019/1021 of the European Parliament and of the Council as regards perfluorooctanoic acid (PFOA), its salts and PFOA-related compounds</a>","Annex I, part A#Annex IV",12-Nov-2020
"Pentanoic acid, 3,3,4,5,5,5-hexafluoro-2,2,4-tris(trifluoromethyl)-;Pentanoic acid, 3,3,4,5,5,5-hexafluoro-2,2,4-tris(trifluoromethyl)-",,-,1882109-70-7,Yes,15-Jun-2020,"<a href=""https://eur-lex.europa.eu/eli/reg_del/2020/784/oj"">Commission Delegated Regulation (EU) 2020/784 of 8 April 2020 amending Annex I to Regulation (EU) 2019/1021 of the European Parliament and of the Council as regards the listing of perfluorooctanoic acid (PFOA), its salts and PFOA-related compounds</a>#<a href=""https://eur-lex.europa.eu/legal-content/EN/TXT/?uri=uriserv:OJ.L_.2020.220.01.0011.01.ENG&toc=OJ:L:2020:220:TOC"">Corrigendum to Commission Delegated Regulation (EU) 2020/784 of 8 April 2020 amending Annex I to Regulation (EU) 2019/1021</a>#<a href=""https://eur-lex.europa.eu/eli/reg_del/2021/115/oj"">Commission Delegated Regulation (EU) 2021/115 of 27 November 2020 amending Annex I to Regulation (EU) 2019/1021</a>#<a href=""http://data.europa.eu/eli/reg/2022/2400/oj"">Regulation (EU) 2022/2400 of the European Parliament and of the Council of 23 November 2022 amending Annexes IV and V to Regulation (EU) 2019/1021</a>#<a href=""http://data.europa.eu/eli/reg_del/2023/866/oj"">Commission Delegated Regulation (EU) 2023/866 of 24 February 2023 amending Regulation (EU) 2019/1021 of the European Parliament and of the Council as regards perfluorooctanoic acid (PFOA), its salts and PFOA-related compounds</a>","Annex I, part A#Annex IV",12-Nov-2020
"Pentanoic acid, 2,2,3,4,5,5,5-heptafluoro-3-(1,1,2,2,2-pentafluoroethyl)-4-(trifluoromethyl)-;Pentanoic acid, 2,2,3,4,5,5,5-heptafluoro-3-(1,1,2,2,2-pentafluoroethyl)-4-(trifluoromethyl)-",,-,1882109-68-3,Yes,15-Jun-2020,"<a href=""https://eur-lex.europa.eu/eli/reg_del/2020/784/oj"">Commission Delegated Regulation (EU) 2020/784 of 8 April 2020 amending Annex I to Regulation (EU) 2019/1021 of the European Parliament and of the Council as regards the listing of perfluorooctanoic acid (PFOA), its salts and PFOA-related compounds</a>#<a href=""https://eur-lex.europa.eu/legal-content/EN/TXT/?uri=uriserv:OJ.L_.2020.220.01.0011.01.ENG&toc=OJ:L:2020:220:TOC"">Corrigendum to Commission Delegated Regulation (EU) 2020/784 of 8 April 2020 amending Annex I to Regulation (EU) 2019/1021</a>#<a href=""https://eur-lex.europa.eu/eli/reg_del/2021/115/oj"">Commission Delegated Regulation (EU) 2021/115 of 27 November 2020 amending Annex I to Regulation (EU) 2019/1021</a>#<a href=""http://data.europa.eu/eli/reg/2022/2400/oj"">Regulation (EU) 2022/2400 of the European Parliament and of the Council of 23 November 2022 amending Annexes IV and V to Regulation (EU) 2019/1021</a>#<a href=""http://data.europa.eu/eli/reg_del/2023/866/oj"">Commission Delegated Regulation (EU) 2023/866 of 24 February 2023 amending Regulation (EU) 2019/1021 of the European Parliament and of the Council as regards perfluorooctanoic acid (PFOA), its salts and PFOA-related compounds</a>","Annex I, part A#Annex IV",12-Nov-2020
"Pentanoic acid, 2,2,4,4,5,5,5-heptafluoro-3-(1,1,2,2,2-pentafluoroethyl)-3-(trifluoromethyl)-;Pentanoic acid, 2,2,4,4,5,5,5-heptafluoro-3-(1,1,2,2,2-pentafluoroethyl)-3-(trifluoromethyl)-",,-,1882109-67-2,Yes,15-Jun-2020,"<a href=""https://eur-lex.europa.eu/eli/reg_del/2020/784/oj"">Commission Delegated Regulation (EU) 2020/784 of 8 April 2020 amending Annex I to Regulation (EU) 2019/1021 of the European Parliament and of the Council as regards the listing of perfluorooctanoic acid (PFOA), its salts and PFOA-related compounds</a>#<a href=""https://eur-lex.europa.eu/legal-content/EN/TXT/?uri=uriserv:OJ.L_.2020.220.01.0011.01.ENG&toc=OJ:L:2020:220:TOC"">Corrigendum to Commission Delegated Regulation (EU) 2020/784 of 8 April 2020 amending Annex I to Regulation (EU) 2019/1021</a>#<a href=""https://eur-lex.europa.eu/eli/reg_del/2021/115/oj"">Commission Delegated Regulation (EU) 2021/115 of 27 November 2020 amending Annex I to Regulation (EU) 2019/1021</a>#<a href=""http://data.europa.eu/eli/reg/2022/2400/oj"">Regulation (EU) 2022/2400 of the European Parliament and of the Council of 23 November 2022 amending Annexes IV and V to Regulation (EU) 2019/1021</a>#<a href=""http://data.europa.eu/eli/reg_del/2023/866/oj"">Commission Delegated Regulation (EU) 2023/866 of 24 February 2023 amending Regulation (EU) 2019/1021 of the European Parliament and of the Council as regards perfluorooctanoic acid (PFOA), its salts and PFOA-related compounds</a>","Annex I, part A#Annex IV",12-Nov-2020
"Pentanoic acid, 2,3,4,4,5,5,5-heptafluoro-3-(1,1,2,2,2-pentafluoroethyl)-2-(trifluoromethyl)-;Pentanoic acid, 2,3,4,4,5,5,5-heptafluoro-3-(1,1,2,2,2-pentafluoroethyl)-2-(trifluoromethyl)-",,-,1882109-66-1,Yes,15-Jun-2020,"<a href=""https://eur-lex.europa.eu/eli/reg_del/2020/784/oj"">Commission Delegated Regulation (EU) 2020/784 of 8 April 2020 amending Annex I to Regulation (EU) 2019/1021 of the European Parliament and of the Council as regards the listing of perfluorooctanoic acid (PFOA), its salts and PFOA-related compounds</a>#<a href=""https://eur-lex.europa.eu/legal-content/EN/TXT/?uri=uriserv:OJ.L_.2020.220.01.0011.01.ENG&toc=OJ:L:2020:220:TOC"">Corrigendum to Commission Delegated Regulation (EU) 2020/784 of 8 April 2020 amending Annex I to Regulation (EU) 2019/1021</a>#<a href=""https://eur-lex.europa.eu/eli/reg_del/2021/115/oj"">Commission Delegated Regulation (EU) 2021/115 of 27 November 2020 amending Annex I to Regulation (EU) 2019/1021</a>#<a href=""http://data.europa.eu/eli/reg/2022/2400/oj"">Regulation (EU) 2022/2400 of the European Parliament and of the Council of 23 November 2022 amending Annexes IV and V to Regulation (EU) 2019/1021</a>#<a href=""http://data.europa.eu/eli/reg_del/2023/866/oj"">Commission Delegated Regulation (EU) 2023/866 of 24 February 2023 amending Regulation (EU) 2019/1021 of the European Parliament and of the Council as regards perfluorooctanoic acid (PFOA), its salts and PFOA-related compounds</a>","Annex I, part A#Annex IV",12-Nov-2020
"Pentanoic acid, 2,3,3,4,5,5,5-heptafluoro-2-(1,1,2,2,2-pentafluoroethyl)-4-(trifluoromethyl)-;Pentanoic acid, 2,3,3,4,5,5,5-heptafluoro-2-(1,1,2,2,2-pentafluoroethyl)-4-(trifluoromethyl)-",,-,1882109-65-0,Yes,15-Jun-2020,"<a href=""https://eur-lex.europa.eu/eli/reg_del/2020/784/oj"">Commission Delegated Regulation (EU) 2020/784 of 8 April 2020 amending Annex I to Regulation (EU) 2019/1021 of the European Parliament and of the Council as regards the listing of perfluorooctanoic acid (PFOA), its salts and PFOA-related compounds</a>#<a href=""https://eur-lex.europa.eu/legal-content/EN/TXT/?uri=uriserv:OJ.L_.2020.220.01.0011.01.ENG&toc=OJ:L:2020:220:TOC"">Corrigendum to Commission Delegated Regulation (EU) 2020/784 of 8 April 2020 amending Annex I to Regulation (EU) 2019/1021</a>#<a href=""https://eur-lex.europa.eu/eli/reg_del/2021/115/oj"">Commission Delegated Regulation (EU) 2021/115 of 27 November 2020 amending Annex I to Regulation (EU) 2019/1021</a>#<a href=""http://data.europa.eu/eli/reg/2022/2400/oj"">Regulation (EU) 2022/2400 of the European Parliament and of the Council of 23 November 2022 amending Annexes IV and V to Regulation (EU) 2019/1021</a>#<a href=""http://data.europa.eu/eli/reg_del/2023/866/oj"">Commission Delegated Regulation (EU) 2023/866 of 24 February 2023 amending Regulation (EU) 2019/1021 of the European Parliament and of the Council as regards perfluorooctanoic acid (PFOA), its salts and PFOA-related compounds</a>","Annex I, part A#Annex IV",12-Nov-2020
"Pentanoic acid, 2,3,4,4,5,5,5-heptafluoro-2-(1,1,2,2,2-pentafluoroethyl)-3-(trifluoromethyl)-;Pentanoic acid, 2,3,4,4,5,5,5-heptafluoro-2-(1,1,2,2,2-pentafluoroethyl)-3-(trifluoromethyl)-",,-,1882109-64-9,Yes,15-Jun-2020,"<a href=""https://eur-lex.europa.eu/eli/reg_del/2020/784/oj"">Commission Delegated Regulation (EU) 2020/784 of 8 April 2020 amending Annex I to Regulation (EU) 2019/1021 of the European Parliament and of the Council as regards the listing of perfluorooctanoic acid (PFOA), its salts and PFOA-related compounds</a>#<a href=""https://eur-lex.europa.eu/legal-content/EN/TXT/?uri=uriserv:OJ.L_.2020.220.01.0011.01.ENG&toc=OJ:L:2020:220:TOC"">Corrigendum to Commission Delegated Regulation (EU) 2020/784 of 8 April 2020 amending Annex I to Regulation (EU) 2019/1021</a>#<a href=""https://eur-lex.europa.eu/eli/reg_del/2021/115/oj"">Commission Delegated Regulation (EU) 2021/115 of 27 November 2020 amending Annex I to Regulation (EU) 2019/1021</a>#<a href=""http://data.europa.eu/eli/reg/2022/2400/oj"">Regulation (EU) 2022/2400 of the European Parliament and of the Council of 23 November 2022 amending Annexes IV and V to Regulation (EU) 2019/1021</a>#<a href=""http://data.europa.eu/eli/reg_del/2023/866/oj"">Commission Delegated Regulation (EU) 2023/866 of 24 February 2023 amending Regulation (EU) 2019/1021 of the European Parliament and of the Council as regards perfluorooctanoic acid (PFOA), its salts and PFOA-related compounds</a>","Annex I, part A#Annex IV",12-Nov-2020
"Pentanoic acid, 3,3,4,4,5,5,5-heptafluoro-2-(1,1,2,2,2-pentafluoroethyl)-2-(trifluoromethyl)-;Pentanoic acid, 3,3,4,4,5,5,5-heptafluoro-2-(1,1,2,2,2-pentafluoroethyl)-2-(trifluoromethyl)-",,-,1882109-63-8,Yes,15-Jun-2020,"<a href=""https://eur-lex.europa.eu/eli/reg_del/2020/784/oj"">Commission Delegated Regulation (EU) 2020/784 of 8 April 2020 amending Annex I to Regulation (EU) 2019/1021 of the European Parliament and of the Council as regards the listing of perfluorooctanoic acid (PFOA), its salts and PFOA-related compounds</a>#<a href=""https://eur-lex.europa.eu/legal-content/EN/TXT/?uri=uriserv:OJ.L_.2020.220.01.0011.01.ENG&toc=OJ:L:2020:220:TOC"">Corrigendum to Commission Delegated Regulation (EU) 2020/784 of 8 April 2020 amending Annex I to Regulation (EU) 2019/1021</a>#<a href=""https://eur-lex.europa.eu/eli/reg_del/2021/115/oj"">Commission Delegated Regulation (EU) 2021/115 of 27 November 2020 amending Annex I to Regulation (EU) 2019/1021</a>#<a href=""http://data.europa.eu/eli/reg/2022/2400/oj"">Regulation (EU) 2022/2400 of the European Parliament and of the Council of 23 November 2022 amending Annexes IV and V to Regulation (EU) 2019/1021</a>#<a href=""http://data.europa.eu/eli/reg_del/2023/866/oj"">Commission Delegated Regulation (EU) 2023/866 of 24 February 2023 amending Regulation (EU) 2019/1021 of the European Parliament and of the Council as regards perfluorooctanoic acid (PFOA), its salts and PFOA-related compounds</a>","Annex I, part A#Annex IV",12-Nov-2020
"Pentanoic acid, 3,4,4,5,5,5-hexafluoro-2,2,3-(trifluoromethyl)-;Pentanoic acid, 3,4,4,5,5,5-hexafluoro-2,2,3-(trifluoromethyl)-",,-,1882109-69-4,Yes,15-Jun-2020,"<a href=""https://eur-lex.europa.eu/eli/reg_del/2020/784/oj"">Commission Delegated Regulation (EU) 2020/784 of 8 April 2020 amending Annex I to Regulation (EU) 2019/1021 of the European Parliament and of the Council as regards the listing of perfluorooctanoic acid (PFOA), its salts and PFOA-related compounds</a>#<a href=""https://eur-lex.europa.eu/legal-content/EN/TXT/?uri=uriserv:OJ.L_.2020.220.01.0011.01.ENG&toc=OJ:L:2020:220:TOC"">Corrigendum to Commission Delegated Regulation (EU) 2020/784 of 8 April 2020 amending Annex I to Regulation (EU) 2019/1021</a>#<a href=""https://eur-lex.europa.eu/eli/reg_del/2021/115/oj"">Commission Delegated Regulation (EU) 2021/115 of 27 November 2020 amending Annex I to Regulation (EU) 2019/1021</a>#<a href=""http://data.europa.eu/eli/reg/2022/2400/oj"">Regulation (EU) 2022/2400 of the European Parliament and of the Council of 23 November 2022 amending Annexes IV and V to Regulation (EU) 2019/1021</a>#<a href=""http://data.europa.eu/eli/reg_del/2023/866/oj"">Commission Delegated Regulation (EU) 2023/866 of 24 February 2023 amending Regulation (EU) 2019/1021 of the European Parliament and of the Council as regards perfluorooctanoic acid (PFOA), its salts and PFOA-related compounds</a>","Annex I, part A#Annex IV",12-Nov-2020
"Butanoic acid, 4,4,4-trifluoro-2,2,3,3-tetrakis(trifluoromethyl)-;Butanoic acid, 4,4,4-trifluoro-2,2,3,3-tetrakis(trifluoromethyl)-",,-,1882109-62-7,Yes,15-Jun-2020,"<a href=""https://eur-lex.europa.eu/eli/reg_del/2020/784/oj"">Commission Delegated Regulation (EU) 2020/784 of 8 April 2020 amending Annex I to Regulation (EU) 2019/1021 of the European Parliament and of the Council as regards the listing of perfluorooctanoic acid (PFOA), its salts and PFOA-related compounds</a>#<a href=""https://eur-lex.europa.eu/legal-content/EN/TXT/?uri=uriserv:OJ.L_.2020.220.01.0011.01.ENG&toc=OJ:L:2020:220:TOC"">Corrigendum to Commission Delegated Regulation (EU) 2020/784 of 8 April 2020 amending Annex I to Regulation (EU) 2019/1021</a>#<a href=""https://eur-lex.europa.eu/eli/reg_del/2021/115/oj"">Commission Delegated Regulation (EU) 2021/115 of 27 November 2020 amending Annex I to Regulation (EU) 2019/1021</a>#<a href=""http://data.europa.eu/eli/reg/2022/2400/oj"">Regulation (EU) 2022/2400 of the European Parliament and of the Council of 23 November 2022 amending Annexes IV and V to Regulation (EU) 2019/1021</a>#<a href=""http://data.europa.eu/eli/reg_del/2023/866/oj"">Commission Delegated Regulation (EU) 2023/866 of 24 February 2023 amending Regulation (EU) 2019/1021 of the European Parliament and of the Council as regards perfluorooctanoic acid (PFOA), its salts and PFOA-related compounds</a>","Annex I, part A#Annex IV",12-Nov-2020
"Butanoic acid, 2,3,4,4,4-pentafluoro-2-[1,2,2,2-tetrafluoro-1-(trifluoromethyl)ethyl]-3-(trifluoromethyl)-;Butanoic acid, 2,3,4,4,4-pentafluoro-2-[1,2,2,2-tetrafluoro-1-(trifluoromethyl)ethyl]-3-(trifluoromethyl)-",,-,1882109-61-6,Yes,15-Jun-2020,"<a href=""https://eur-lex.europa.eu/eli/reg_del/2020/784/oj"">Commission Delegated Regulation (EU) 2020/784 of 8 April 2020 amending Annex I to Regulation (EU) 2019/1021 of the European Parliament and of the Council as regards the listing of perfluorooctanoic acid (PFOA), its salts and PFOA-related compounds</a>#<a href=""https://eur-lex.europa.eu/legal-content/EN/TXT/?uri=uriserv:OJ.L_.2020.220.01.0011.01.ENG&toc=OJ:L:2020:220:TOC"">Corrigendum to Commission Delegated Regulation (EU) 2020/784 of 8 April 2020 amending Annex I to Regulation (EU) 2019/1021</a>#<a href=""https://eur-lex.europa.eu/eli/reg_del/2021/115/oj"">Commission Delegated Regulation (EU) 2021/115 of 27 November 2020 amending Annex I to Regulation (EU) 2019/1021</a>#<a href=""http://data.europa.eu/eli/reg/2022/2400/oj"">Regulation (EU) 2022/2400 of the European Parliament and of the Council of 23 November 2022 amending Annexes IV and V to Regulation (EU) 2019/1021</a>#<a href=""http://data.europa.eu/eli/reg_del/2023/866/oj"">Commission Delegated Regulation (EU) 2023/866 of 24 February 2023 amending Regulation (EU) 2019/1021 of the European Parliament and of the Council as regards perfluorooctanoic acid (PFOA), its salts and PFOA-related compounds</a>","Annex I, part A#Annex IV",12-Nov-2020
"Butanoic acid, 2,3,3,4,4,4-hexafluoro-2-[2,2,2-trifluoro-1,1-bis(trifluoromethyl)ethyl]-;Butanoic acid, 2,3,3,4,4,4-hexafluoro-2-[2,2,2-trifluoro-1,1-bis(trifluoromethyl)ethyl]-",,-,1882109-60-5,Yes,15-Jun-2020,"<a href=""https://eur-lex.europa.eu/eli/reg_del/2020/784/oj"">Commission Delegated Regulation (EU) 2020/784 of 8 April 2020 amending Annex I to Regulation (EU) 2019/1021 of the European Parliament and of the Council as regards the listing of perfluorooctanoic acid (PFOA), its salts and PFOA-related compounds</a>#<a href=""https://eur-lex.europa.eu/legal-content/EN/TXT/?uri=uriserv:OJ.L_.2020.220.01.0011.01.ENG&toc=OJ:L:2020:220:TOC"">Corrigendum to Commission Delegated Regulation (EU) 2020/784 of 8 April 2020 amending Annex I to Regulation (EU) 2019/1021</a>#<a href=""https://eur-lex.europa.eu/eli/reg_del/2021/115/oj"">Commission Delegated Regulation (EU) 2021/115 of 27 November 2020 amending Annex I to Regulation (EU) 2019/1021</a>#<a href=""http://data.europa.eu/eli/reg/2022/2400/oj"">Regulation (EU) 2022/2400 of the European Parliament and of the Council of 23 November 2022 amending Annexes IV and V to Regulation (EU) 2019/1021</a>#<a href=""http://data.europa.eu/eli/reg_del/2023/866/oj"">Commission Delegated Regulation (EU) 2023/866 of 24 February 2023 amending Regulation (EU) 2019/1021 of the European Parliament and of the Council as regards perfluorooctanoic acid (PFOA), its salts and PFOA-related compounds</a>","Annex I, part A#Annex IV",12-Nov-2020
"Hexanoic acid, 2,3,3,4,4,5,5,6,6,6-decafluoro-2-(1,1,2,2,2- pentafluoroethyl)-, ammonium salt (1:1);Hexanoic acid, 2,3,3,4,4,5,5,6,6,6-decafluoro-2-(1,1,2,2,2- pentafluoroethyl)-, ammonium salt (1:1)",,-,13058-06-5,Yes,15-Jun-2020,"<a href=""https://eur-lex.europa.eu/eli/reg_del/2020/784/oj"">Commission Delegated Regulation (EU) 2020/784 of 8 April 2020 amending Annex I to Regulation (EU) 2019/1021 of the European Parliament and of the Council as regards the listing of perfluorooctanoic acid (PFOA), its salts and PFOA-related compounds</a>#<a href=""https://eur-lex.europa.eu/legal-content/EN/TXT/?uri=uriserv:OJ.L_.2020.220.01.0011.01.ENG&toc=OJ:L:2020:220:TOC"">Corrigendum to Commission Delegated Regulation (EU) 2020/784 of 8 April 2020 amending Annex I to Regulation (EU) 2019/1021</a>#<a href=""https://eur-lex.europa.eu/eli/reg_del/2021/115/oj"">Commission Delegated Regulation (EU) 2021/115 of 27 November 2020 amending Annex I to Regulation (EU) 2019/1021</a>#<a href=""http://data.europa.eu/eli/reg/2022/2400/oj"">Regulation (EU) 2022/2400 of the European Parliament and of the Council of 23 November 2022 amending Annexes IV and V to Regulation (EU) 2019/1021</a>#<a href=""http://data.europa.eu/eli/reg_del/2023/866/oj"">Commission Delegated Regulation (EU) 2023/866 of 24 February 2023 amending Regulation (EU) 2019/1021 of the European Parliament and of the Council as regards perfluorooctanoic acid (PFOA), its salts and PFOA-related compounds</a>","Annex I, part A#Annex IV",12-Nov-2020
"Hexanoic acid, 2,3,3,4,4,5,5,6,6,6-decafluoro-2-(1,1,2,2,2-pentafluoroethyl)-, sodium salt (1:1);Hexanoic acid, 2,3,3,4,4,5,5,6,6,6-decafluoro-2-(1,1,2,2,2-pentafluoroethyl)-, sodium salt (1:1)",,-,1195164-59-0,Yes,15-Jun-2020,"<a href=""https://eur-lex.europa.eu/eli/reg_del/2020/784/oj"">Commission Delegated Regulation (EU) 2020/784 of 8 April 2020 amending Annex I to Regulation (EU) 2019/1021 of the European Parliament and of the Council as regards the listing of perfluorooctanoic acid (PFOA), its salts and PFOA-related compounds</a>#<a href=""https://eur-lex.europa.eu/legal-content/EN/TXT/?uri=uriserv:OJ.L_.2020.220.01.0011.01.ENG&toc=OJ:L:2020:220:TOC"">Corrigendum to Commission Delegated Regulation (EU) 2020/784 of 8 April 2020 amending Annex I to Regulation (EU) 2019/1021</a>#<a href=""https://eur-lex.europa.eu/eli/reg_del/2021/115/oj"">Commission Delegated Regulation (EU) 2021/115 of 27 November 2020 amending Annex I to Regulation (EU) 2019/1021</a>#<a href=""http://data.europa.eu/eli/reg/2022/2400/oj"">Regulation (EU) 2022/2400 of the European Parliament and of the Council of 23 November 2022 amending Annexes IV and V to Regulation (EU) 2019/1021</a>#<a href=""http://data.europa.eu/eli/reg_del/2023/866/oj"">Commission Delegated Regulation (EU) 2023/866 of 24 February 2023 amending Regulation (EU) 2019/1021 of the European Parliament and of the Council as regards perfluorooctanoic acid (PFOA), its salts and PFOA-related compounds</a>","Annex I, part A#Annex IV",12-Nov-2020
"Heptanoic acid, 2,2,3,3,4,4,5,5,6,7,7,7-dodecafluoro-6-(trifluoromethyl)-, ammonium salt (1:1);Heptanoic acid, 2,2,3,3,4,4,5,5,6,7,7,7-dodecafluoro-6-(trifluoromethyl)-, ammonium salt (1:1)",,-,19742-57-5,Yes,15-Jun-2020,"<a href=""https://eur-lex.europa.eu/eli/reg_del/2020/784/oj"">Commission Delegated Regulation (EU) 2020/784 of 8 April 2020 amending Annex I to Regulation (EU) 2019/1021 of the European Parliament and of the Council as regards the listing of perfluorooctanoic acid (PFOA), its salts and PFOA-related compounds</a>#<a href=""https://eur-lex.europa.eu/legal-content/EN/TXT/?uri=uriserv:OJ.L_.2020.220.01.0011.01.ENG&toc=OJ:L:2020:220:TOC"">Corrigendum to Commission Delegated Regulation (EU) 2020/784 of 8 April 2020 amending Annex I to Regulation (EU) 2019/1021</a>#<a href=""https://eur-lex.europa.eu/eli/reg_del/2021/115/oj"">Commission Delegated Regulation (EU) 2021/115 of 27 November 2020 amending Annex I to Regulation (EU) 2019/1021</a>#<a href=""http://data.europa.eu/eli/reg/2022/2400/oj"">Regulation (EU) 2022/2400 of the European Parliament and of the Council of 23 November 2022 amending Annexes IV and V to Regulation (EU) 2019/1021</a>#<a href=""http://data.europa.eu/eli/reg_del/2023/866/oj"">Commission Delegated Regulation (EU) 2023/866 of 24 February 2023 amending Regulation (EU) 2019/1021 of the European Parliament and of the Council as regards perfluorooctanoic acid (PFOA), its salts and PFOA-related compounds</a>","Annex I, part A#Annex IV",12-Nov-2020
"Heptanoic acid, 2,2,3,3,4,4,5,5,6,7,7,7-dodecafluoro-6-(trifluoromethyl)-, iron salt (1:x);Heptanoic acid, 2,2,3,3,4,4,5,5,6,7,7,7-dodecafluoro-6-(trifluoromethyl)-, iron salt (1:x)",,-,61436-04-2,Yes,15-Jun-2020,"<a href=""https://eur-lex.europa.eu/eli/reg_del/2020/784/oj"">Commission Delegated Regulation (EU) 2020/784 of 8 April 2020 amending Annex I to Regulation (EU) 2019/1021 of the European Parliament and of the Council as regards the listing of perfluorooctanoic acid (PFOA), its salts and PFOA-related compounds</a>#<a href=""https://eur-lex.europa.eu/legal-content/EN/TXT/?uri=uriserv:OJ.L_.2020.220.01.0011.01.ENG&toc=OJ:L:2020:220:TOC"">Corrigendum to Commission Delegated Regulation (EU) 2020/784 of 8 April 2020 amending Annex I to Regulation (EU) 2019/1021</a>#<a href=""https://eur-lex.europa.eu/eli/reg_del/2021/115/oj"">Commission Delegated Regulation (EU) 2021/115 of 27 November 2020 amending Annex I to Regulation (EU) 2019/1021</a>#<a href=""http://data.europa.eu/eli/reg/2022/2400/oj"">Regulation (EU) 2022/2400 of the European Parliament and of the Council of 23 November 2022 amending Annexes IV and V to Regulation (EU) 2019/1021</a>#<a href=""http://data.europa.eu/eli/reg_del/2023/866/oj"">Commission Delegated Regulation (EU) 2023/866 of 24 February 2023 amending Regulation (EU) 2019/1021 of the European Parliament and of the Council as regards perfluorooctanoic acid (PFOA), its salts and PFOA-related compounds</a>","Annex I, part A#Annex IV",12-Nov-2020
"Heptanoic acid, 2,2,3,3,4,4,5,5,6,7,7,7-dodecafluoro-6-(trifluoromethyl)-, potassium salt (1:1);Heptanoic acid, 2,2,3,3,4,4,5,5,6,7,7,7-dodecafluoro-6-(trifluoromethyl)-, potassium salt (1:1)",,-,29457-73-6,Yes,15-Jun-2020,"<a href=""https://eur-lex.europa.eu/eli/reg_del/2020/784/oj"">Commission Delegated Regulation (EU) 2020/784 of 8 April 2020 amending Annex I to Regulation (EU) 2019/1021 of the European Parliament and of the Council as regards the listing of perfluorooctanoic acid (PFOA), its salts and PFOA-related compounds</a>#<a href=""https://eur-lex.europa.eu/legal-content/EN/TXT/?uri=uriserv:OJ.L_.2020.220.01.0011.01.ENG&toc=OJ:L:2020:220:TOC"">Corrigendum to Commission Delegated Regulation (EU) 2020/784 of 8 April 2020 amending Annex I to Regulation (EU) 2019/1021</a>#<a href=""https://eur-lex.europa.eu/eli/reg_del/2021/115/oj"">Commission Delegated Regulation (EU) 2021/115 of 27 November 2020 amending Annex I to Regulation (EU) 2019/1021</a>#<a href=""http://data.europa.eu/eli/reg/2022/2400/oj"">Regulation (EU) 2022/2400 of the European Parliament and of the Council of 23 November 2022 amending Annexes IV and V to Regulation (EU) 2019/1021</a>#<a href=""http://data.europa.eu/eli/reg_del/2023/866/oj"">Commission Delegated Regulation (EU) 2023/866 of 24 February 2023 amending Regulation (EU) 2019/1021 of the European Parliament and of the Council as regards perfluorooctanoic acid (PFOA), its salts and PFOA-related compounds</a>","Annex I, part A#Annex IV",12-Nov-2020
"Heptanoic acid, 2,2,3,3,4,4,5,5,6,7,7,7-dodecafluoro-6-(trifluoromethyl)- , sodium salt (1:1);Heptanoic acid, 2,2,3,3,4,4,5,5,6,7,7,7-dodecafluoro-6-(trifluoromethyl)- , sodium salt (1:1)",,-,18017-22-6,Yes,15-Jun-2020,"<a href=""https://eur-lex.europa.eu/eli/reg_del/2020/784/oj"">Commission Delegated Regulation (EU) 2020/784 of 8 April 2020 amending Annex I to Regulation (EU) 2019/1021 of the European Parliament and of the Council as regards the listing of perfluorooctanoic acid (PFOA), its salts and PFOA-related compounds</a>#<a href=""https://eur-lex.europa.eu/legal-content/EN/TXT/?uri=uriserv:OJ.L_.2020.220.01.0011.01.ENG&toc=OJ:L:2020:220:TOC"">Corrigendum to Commission Delegated Regulation (EU) 2020/784 of 8 April 2020 amending Annex I to Regulation (EU) 2019/1021</a>#<a href=""https://eur-lex.europa.eu/eli/reg_del/2021/115/oj"">Commission Delegated Regulation (EU) 2021/115 of 27 November 2020 amending Annex I to Regulation (EU) 2019/1021</a>#<a href=""http://data.europa.eu/eli/reg/2022/2400/oj"">Regulation (EU) 2022/2400 of the European Parliament and of the Council of 23 November 2022 amending Annexes IV and V to Regulation (EU) 2019/1021</a>#<a href=""http://data.europa.eu/eli/reg_del/2023/866/oj"">Commission Delegated Regulation (EU) 2023/866 of 24 February 2023 amending Regulation (EU) 2019/1021 of the European Parliament and of the Council as regards perfluorooctanoic acid (PFOA), its salts and PFOA-related compounds</a>","Annex I, part A#Annex IV",12-Nov-2020
"Heptanoic acid, 2,2,3,3,4,4,5,5,6,7,7,7-dodecafluoro-6-(trifluoromethyl)-, chromium salt (1:x);Heptanoic acid, 2,2,3,3,4,4,5,5,6,7,7,7-dodecafluoro-6-(trifluoromethyl)-, chromium salt (1:x)",,-,15739-82-9,Yes,15-Jun-2020,"<a href=""https://eur-lex.europa.eu/eli/reg_del/2020/784/oj"">Commission Delegated Regulation (EU) 2020/784 of 8 April 2020 amending Annex I to Regulation (EU) 2019/1021 of the European Parliament and of the Council as regards the listing of perfluorooctanoic acid (PFOA), its salts and PFOA-related compounds</a>#<a href=""https://eur-lex.europa.eu/legal-content/EN/TXT/?uri=uriserv:OJ.L_.2020.220.01.0011.01.ENG&toc=OJ:L:2020:220:TOC"">Corrigendum to Commission Delegated Regulation (EU) 2020/784 of 8 April 2020 amending Annex I to Regulation (EU) 2019/1021</a>#<a href=""https://eur-lex.europa.eu/eli/reg_del/2021/115/oj"">Commission Delegated Regulation (EU) 2021/115 of 27 November 2020 amending Annex I to Regulation (EU) 2019/1021</a>#<a href=""http://data.europa.eu/eli/reg/2022/2400/oj"">Regulation (EU) 2022/2400 of the European Parliament and of the Council of 23 November 2022 amending Annexes IV and V to Regulation (EU) 2019/1021</a>#<a href=""http://data.europa.eu/eli/reg_del/2023/866/oj"">Commission Delegated Regulation (EU) 2023/866 of 24 February 2023 amending Regulation (EU) 2019/1021 of the European Parliament and of the Council as regards perfluorooctanoic acid (PFOA), its salts and PFOA-related compounds</a>","Annex I, part A#Annex IV",12-Nov-2020
"Heptanoic acid, 2,2,3,3,4,4,5,5,6,7,7,7-dodecafluoro-6-(trifluoromethyl)-, aluminum salt (3:1);Heptanoic acid, 2,2,3,3,4,4,5,5,6,7,7,7-dodecafluoro-6-(trifluoromethyl)-, aluminum salt (3:1)",,-,15715-47-6,Yes,15-Jun-2020,"<a href=""https://eur-lex.europa.eu/eli/reg_del/2020/784/oj"">Commission Delegated Regulation (EU) 2020/784 of 8 April 2020 amending Annex I to Regulation (EU) 2019/1021 of the European Parliament and of the Council as regards the listing of perfluorooctanoic acid (PFOA), its salts and PFOA-related compounds</a>#<a href=""https://eur-lex.europa.eu/legal-content/EN/TXT/?uri=uriserv:OJ.L_.2020.220.01.0011.01.ENG&toc=OJ:L:2020:220:TOC"">Corrigendum to Commission Delegated Regulation (EU) 2020/784 of 8 April 2020 amending Annex I to Regulation (EU) 2019/1021</a>#<a href=""https://eur-lex.europa.eu/eli/reg_del/2021/115/oj"">Commission Delegated Regulation (EU) 2021/115 of 27 November 2020 amending Annex I to Regulation (EU) 2019/1021</a>#<a href=""http://data.europa.eu/eli/reg/2022/2400/oj"">Regulation (EU) 2022/2400 of the European Parliament and of the Council of 23 November 2022 amending Annexes IV and V to Regulation (EU) 2019/1021</a>#<a href=""http://data.europa.eu/eli/reg_del/2023/866/oj"">Commission Delegated Regulation (EU) 2023/866 of 24 February 2023 amending Regulation (EU) 2019/1021 of the European Parliament and of the Council as regards perfluorooctanoic acid (PFOA), its salts and PFOA-related compounds</a>","Annex I, part A#Annex IV",12-Nov-2020
Bis(perfluorooctyl)phosphinic acid;Bis(perfluorooctyl)phosphinic acid,,-,40143-79-1,Yes,15-Jun-2020,"<a href=""https://eur-lex.europa.eu/eli/reg_del/2020/784/oj"">Commission Delegated Regulation (EU) 2020/784 of 8 April 2020 amending Annex I to Regulation (EU) 2019/1021 of the European Parliament and of the Council as regards the listing of perfluorooctanoic acid (PFOA), its salts and PFOA-related compounds</a>#<a href=""https://eur-lex.europa.eu/legal-content/EN/TXT/?uri=uriserv:OJ.L_.2020.220.01.0011.01.ENG&toc=OJ:L:2020:220:TOC"">Corrigendum to Commission Delegated Regulation (EU) 2020/784 of 8 April 2020 amending Annex I to Regulation (EU) 2019/1021</a>#<a href=""https://eur-lex.europa.eu/eli/reg_del/2021/115/oj"">Commission Delegated Regulation (EU) 2021/115 of 27 November 2020 amending Annex I to Regulation (EU) 2019/1021</a>#<a href=""http://data.europa.eu/eli/reg/2022/2400/oj"">Regulation (EU) 2022/2400 of the European Parliament and of the Council of 23 November 2022 amending Annexes IV and V to Regulation (EU) 2019/1021</a>#<a href=""http://data.europa.eu/eli/reg_del/2023/866/oj"">Commission Delegated Regulation (EU) 2023/866 of 24 February 2023 amending Regulation (EU) 2019/1021 of the European Parliament and of the Council as regards perfluorooctanoic acid (PFOA), its salts and PFOA-related compounds</a>","Annex I, part A#Annex IV",12-Nov-2020
Perfluorohexylperfluorooctyl phosphinate;Perfluorohexylperfluorooctyl phosphinate,,-,610800-34-5,Yes,15-Jun-2020,"<a href=""https://eur-lex.europa.eu/eli/reg_del/2020/784/oj"">Commission Delegated Regulation (EU) 2020/784 of 8 April 2020 amending Annex I to Regulation (EU) 2019/1021 of the European Parliament and of the Council as regards the listing of perfluorooctanoic acid (PFOA), its salts and PFOA-related compounds</a>#<a href=""https://eur-lex.europa.eu/legal-content/EN/TXT/?uri=uriserv:OJ.L_.2020.220.01.0011.01.ENG&toc=OJ:L:2020:220:TOC"">Corrigendum to Commission Delegated Regulation (EU) 2020/784 of 8 April 2020 amending Annex I to Regulation (EU) 2019/1021</a>#<a href=""https://eur-lex.europa.eu/eli/reg_del/2021/115/oj"">Commission Delegated Regulation (EU) 2021/115 of 27 November 2020 amending Annex I to Regulation (EU) 2019/1021</a>#<a href=""http://data.europa.eu/eli/reg/2022/2400/oj"">Regulation (EU) 2022/2400 of the European Parliament and of the Council of 23 November 2022 amending Annexes IV and V to Regulation (EU) 2019/1021</a>#<a href=""http://data.europa.eu/eli/reg_del/2023/866/oj"">Commission Delegated Regulation (EU) 2023/866 of 24 February 2023 amending Regulation (EU) 2019/1021 of the European Parliament and of the Council as regards perfluorooctanoic acid (PFOA), its salts and PFOA-related compounds</a>","Annex I, part A#Annex IV",12-Nov-2020
"Undecane, 1,1,1,2,2,3,3,4,4,5,5,6,6,7,7,8,8,9,9,10,10,11,11-tricosafluoro-11-iodo-",,-,307-50-6,Yes,15-Jun-2020,"<a href=""https://eur-lex.europa.eu/eli/reg_del/2020/784/oj"">Commission Delegated Regulation (EU) 2020/784 of 8 April 2020 amending Annex I to Regulation (EU) 2019/1021 of the European Parliament and of the Council as regards the listing of perfluorooctanoic acid (PFOA), its salts and PFOA-related compounds</a>#<a href=""https://eur-lex.europa.eu/legal-content/EN/TXT/?uri=uriserv:OJ.L_.2020.220.01.0011.01.ENG&toc=OJ:L:2020:220:TOC"">Corrigendum to Commission Delegated Regulation (EU) 2020/784 of 8 April 2020 amending Annex I to Regulation (EU) 2019/1021</a>#<a href=""https://eur-lex.europa.eu/eli/reg_del/2021/115/oj"">Commission Delegated Regulation (EU) 2021/115 of 27 November 2020 amending Annex I to Regulation (EU) 2019/1021</a>#<a href=""http://data.europa.eu/eli/reg/2022/2400/oj"">Regulation (EU) 2022/2400 of the European Parliament and of the Council of 23 November 2022 amending Annexes IV and V to Regulation (EU) 2019/1021</a>#<a href=""http://data.europa.eu/eli/reg_del/2023/866/oj"">Commission Delegated Regulation (EU) 2023/866 of 24 February 2023 amending Regulation (EU) 2019/1021 of the European Parliament and of the Council as regards perfluorooctanoic acid (PFOA), its salts and PFOA-related compounds</a>","Annex I, part A#Annex IV",12-Nov-2020
"Pentadecane, 1,1,1,2,2,3,3,4,4,5,5,6,6,7,7,8,8,9,9,10,10,11,11,12,12,13,13,14,14,15,15-hentriacontafluoro-15-iodo-",,-,335-79-5,Yes,15-Jun-2020,"<a href=""https://eur-lex.europa.eu/eli/reg_del/2020/784/oj"">Commission Delegated Regulation (EU) 2020/784 of 8 April 2020 amending Annex I to Regulation (EU) 2019/1021 of the European Parliament and of the Council as regards the listing of perfluorooctanoic acid (PFOA), its salts and PFOA-related compounds</a>#<a href=""https://eur-lex.europa.eu/legal-content/EN/TXT/?uri=uriserv:OJ.L_.2020.220.01.0011.01.ENG&toc=OJ:L:2020:220:TOC"">Corrigendum to Commission Delegated Regulation (EU) 2020/784 of 8 April 2020 amending Annex I to Regulation (EU) 2019/1021</a>#<a href=""https://eur-lex.europa.eu/eli/reg_del/2021/115/oj"">Commission Delegated Regulation (EU) 2021/115 of 27 November 2020 amending Annex I to Regulation (EU) 2019/1021</a>#<a href=""http://data.europa.eu/eli/reg/2022/2400/oj"">Regulation (EU) 2022/2400 of the European Parliament and of the Council of 23 November 2022 amending Annexes IV and V to Regulation (EU) 2019/1021</a>#<a href=""http://data.europa.eu/eli/reg_del/2023/866/oj"">Commission Delegated Regulation (EU) 2023/866 of 24 February 2023 amending Regulation (EU) 2019/1021 of the European Parliament and of the Council as regards perfluorooctanoic acid (PFOA), its salts and PFOA-related compounds</a>","Annex I, part A#Annex IV",12-Nov-2020
"Tridecane, 1,1,1,2,2,3,3,4,4,5,5,6,6,7,7,8,8,9,9,10,10,11,11,12,12,13,13-heptacosafluoro-13-iodo-;Tridecane, 1,1,1,2,2,3,3,4,4,5,5,6,6,7,7,8,8,9,9,10,10,11,11,12,12,13,13-heptacosafluoro-13-iodo-",,-,376-04-5,Yes,15-Jun-2020,"<a href=""https://eur-lex.europa.eu/eli/reg_del/2020/784/oj"">Commission Delegated Regulation (EU) 2020/784 of 8 April 2020 amending Annex I to Regulation (EU) 2019/1021 of the European Parliament and of the Council as regards the listing of perfluorooctanoic acid (PFOA), its salts and PFOA-related compounds</a>#<a href=""https://eur-lex.europa.eu/legal-content/EN/TXT/?uri=uriserv:OJ.L_.2020.220.01.0011.01.ENG&toc=OJ:L:2020:220:TOC"">Corrigendum to Commission Delegated Regulation (EU) 2020/784 of 8 April 2020 amending Annex I to Regulation (EU) 2019/1021</a>#<a href=""https://eur-lex.europa.eu/eli/reg_del/2021/115/oj"">Commission Delegated Regulation (EU) 2021/115 of 27 November 2020 amending Annex I to Regulation (EU) 2019/1021</a>#<a href=""http://data.europa.eu/eli/reg/2022/2400/oj"">Regulation (EU) 2022/2400 of the European Parliament and of the Council of 23 November 2022 amending Annexes IV and V to Regulation (EU) 2019/1021</a>#<a href=""http://data.europa.eu/eli/reg_del/2023/866/oj"">Commission Delegated Regulation (EU) 2023/866 of 24 February 2023 amending Regulation (EU) 2019/1021 of the European Parliament and of the Council as regards perfluorooctanoic acid (PFOA), its salts and PFOA-related compounds</a>","Annex I, part A#Annex IV",12-Nov-2020
"Alkyl iodides, C10-12, γ-ω-perfluoro;Alkyl iodides, C10-12, γ-ω-perfluoro",,-,68390-33-0,Yes,15-Jun-2020,"<a href=""https://eur-lex.europa.eu/eli/reg_del/2020/784/oj"">Commission Delegated Regulation (EU) 2020/784 of 8 April 2020 amending Annex I to Regulation (EU) 2019/1021 of the European Parliament and of the Council as regards the listing of perfluorooctanoic acid (PFOA), its salts and PFOA-related compounds</a>#<a href=""https://eur-lex.europa.eu/legal-content/EN/TXT/?uri=uriserv:OJ.L_.2020.220.01.0011.01.ENG&toc=OJ:L:2020:220:TOC"">Corrigendum to Commission Delegated Regulation (EU) 2020/784 of 8 April 2020 amending Annex I to Regulation (EU) 2019/1021</a>#<a href=""https://eur-lex.europa.eu/eli/reg_del/2021/115/oj"">Commission Delegated Regulation (EU) 2021/115 of 27 November 2020 amending Annex I to Regulation (EU) 2019/1021</a>#<a href=""http://data.europa.eu/eli/reg/2022/2400/oj"">Regulation (EU) 2022/2400 of the European Parliament and of the Council of 23 November 2022 amending Annexes IV and V to Regulation (EU) 2019/1021</a>#<a href=""http://data.europa.eu/eli/reg_del/2023/866/oj"">Commission Delegated Regulation (EU) 2023/866 of 24 February 2023 amending Regulation (EU) 2019/1021 of the European Parliament and of the Council as regards perfluorooctanoic acid (PFOA), its salts and PFOA-related compounds</a>","Annex I, part A#Annex IV",12-Nov-2020
"2-Dodecenoic acid, 3,4,4,5,5,6,6,7,7,8,8,9,9,10,10,11,11,12,12,12-eicosafluoro-;2-Dodecenoic acid, 3,4,4,5,5,6,6,7,7,8,8,9,9,10,10,11,11,12,12,12-eicosafluoro-",,-,70887-94-4,Yes,15-Jun-2020,"<a href=""https://eur-lex.europa.eu/eli/reg_del/2020/784/oj"">Commission Delegated Regulation (EU) 2020/784 of 8 April 2020 amending Annex I to Regulation (EU) 2019/1021 of the European Parliament and of the Council as regards the listing of perfluorooctanoic acid (PFOA), its salts and PFOA-related compounds</a>#<a href=""https://eur-lex.europa.eu/legal-content/EN/TXT/?uri=uriserv:OJ.L_.2020.220.01.0011.01.ENG&toc=OJ:L:2020:220:TOC"">Corrigendum to Commission Delegated Regulation (EU) 2020/784 of 8 April 2020 amending Annex I to Regulation (EU) 2019/1021</a>#<a href=""https://eur-lex.europa.eu/eli/reg_del/2021/115/oj"">Commission Delegated Regulation (EU) 2021/115 of 27 November 2020 amending Annex I to Regulation (EU) 2019/1021</a>#<a href=""http://data.europa.eu/eli/reg/2022/2400/oj"">Regulation (EU) 2022/2400 of the European Parliament and of the Council of 23 November 2022 amending Annexes IV and V to Regulation (EU) 2019/1021</a>#<a href=""http://data.europa.eu/eli/reg_del/2023/866/oj"">Commission Delegated Regulation (EU) 2023/866 of 24 February 2023 amending Regulation (EU) 2019/1021 of the European Parliament and of the Council as regards perfluorooctanoic acid (PFOA), its salts and PFOA-related compounds</a>","Annex I, part A#Annex IV",12-Nov-2020
"Dodecanoic acid, 3,3,4,4,5,5,6,6,7,7,8,8,9,9,10,10,11,11,12,12,12-heneicosafluoro-;Dodecanoic acid, 3,3,4,4,5,5,6,6,7,7,8,8,9,9,10,10,11,11,12,12,12-heneicosafluoro-",,-,53826-13-4,Yes,15-Jun-2020,"<a href=""https://eur-lex.europa.eu/eli/reg_del/2020/784/oj"">Commission Delegated Regulation (EU) 2020/784 of 8 April 2020 amending Annex I to Regulation (EU) 2019/1021 of the European Parliament and of the Council as regards the listing of perfluorooctanoic acid (PFOA), its salts and PFOA-related compounds</a>#<a href=""https://eur-lex.europa.eu/legal-content/EN/TXT/?uri=uriserv:OJ.L_.2020.220.01.0011.01.ENG&toc=OJ:L:2020:220:TOC"">Corrigendum to Commission Delegated Regulation (EU) 2020/784 of 8 April 2020 amending Annex I to Regulation (EU) 2019/1021</a>#<a href=""https://eur-lex.europa.eu/eli/reg_del/2021/115/oj"">Commission Delegated Regulation (EU) 2021/115 of 27 November 2020 amending Annex I to Regulation (EU) 2019/1021</a>#<a href=""http://data.europa.eu/eli/reg/2022/2400/oj"">Regulation (EU) 2022/2400 of the European Parliament and of the Council of 23 November 2022 amending Annexes IV and V to Regulation (EU) 2019/1021</a>#<a href=""http://data.europa.eu/eli/reg_del/2023/866/oj"">Commission Delegated Regulation (EU) 2023/866 of 24 February 2023 amending Regulation (EU) 2019/1021 of the European Parliament and of the Council as regards perfluorooctanoic acid (PFOA), its salts and PFOA-related compounds</a>","Annex I, part A#Annex IV",12-Nov-2020
"2-Propenoic acid, 3,3,4,4,5,5,6,6,7,7,8,8,9,9,10,10,11,11,12,12,12-heneicosafluorododecyl ester, polymer with 3,3,4,4,5,5,6,6,7,7,8,8,9,9,10,10,10-heptadecafluorodecyl 2-propenoate, hexadecyl 2-propenoate, N-(hydroxymethyl)-2-propenamide, octadecyl 2-propenoate, 3,3,4,4,5,5,6,6,7,7,8,8,9,9,10,10,11,11,12,12,13,13,14,14,14-pentacosafluorotetradecyl 2-propenoate and 3,3,4,4,5,5,6,6,7,7,8,8,8-tridecafluorooctyl 2-propenoate",,-,115592-83-1,Yes,15-Jun-2020,"<a href=""https://eur-lex.europa.eu/eli/reg_del/2020/784/oj"">Commission Delegated Regulation (EU) 2020/784 of 8 April 2020 amending Annex I to Regulation (EU) 2019/1021 of the European Parliament and of the Council as regards the listing of perfluorooctanoic acid (PFOA), its salts and PFOA-related compounds</a>#<a href=""https://eur-lex.europa.eu/legal-content/EN/TXT/?uri=uriserv:OJ.L_.2020.220.01.0011.01.ENG&toc=OJ:L:2020:220:TOC"">Corrigendum to Commission Delegated Regulation (EU) 2020/784 of 8 April 2020 amending Annex I to Regulation (EU) 2019/1021</a>#<a href=""https://eur-lex.europa.eu/eli/reg_del/2021/115/oj"">Commission Delegated Regulation (EU) 2021/115 of 27 November 2020 amending Annex I to Regulation (EU) 2019/1021</a>#<a href=""http://data.europa.eu/eli/reg/2022/2400/oj"">Regulation (EU) 2022/2400 of the European Parliament and of the Council of 23 November 2022 amending Annexes IV and V to Regulation (EU) 2019/1021</a>#<a href=""http://data.europa.eu/eli/reg_del/2023/866/oj"">Commission Delegated Regulation (EU) 2023/866 of 24 February 2023 amending Regulation (EU) 2019/1021 of the European Parliament and of the Council as regards perfluorooctanoic acid (PFOA), its salts and PFOA-related compounds</a>","Annex I, part A#Annex IV",12-Nov-2020
"2-Propenoic acid, 3,3,4,4,5,5,6,6,7,7,8,8,9,9,10,10,11,11,12,12,12-heneicosafluorododecyl ester, polymer with 3,3,4,4,5,5,6,6,7,7,8,8,9,9, 10,10,10-heptadecafluorodecyl 2-propenoate, α-(2-methyl-1-oxo-2-propenyl)-ω-[(2-methyl-1-oxo-2-propenyl)oxy]poly(oxy-1,2-ethanediyl), 3,3,4,4,5,5,6,6,7,7,8,8,9,9,10,10,11,11,12,12,13,13,14,14,15,15,16,16,16-nonacosafluorohexadecyl 2-propenoate, octadecyl 2-propenoate, 3,3,4,4,5,5,6,6,7,7,8,8,9,9,10,10,11,11,12,12,13,13,14,14,14-pentacosafluorotetradecyl 2-propenoate and 3,3,4,4,5,5,6,6,7,7,8,8,9,9,10,10,11,11,12,12,13,13,14,14,15,15,16,16,17,17,18,18,18-tritriacontafluorooctadecyl 2-propenoate",,-,116984-14-6,Yes,15-Jun-2020,"<a href=""https://eur-lex.europa.eu/eli/reg_del/2020/784/oj"">Commission Delegated Regulation (EU) 2020/784 of 8 April 2020 amending Annex I to Regulation (EU) 2019/1021 of the European Parliament and of the Council as regards the listing of perfluorooctanoic acid (PFOA), its salts and PFOA-related compounds</a>#<a href=""https://eur-lex.europa.eu/legal-content/EN/TXT/?uri=uriserv:OJ.L_.2020.220.01.0011.01.ENG&toc=OJ:L:2020:220:TOC"">Corrigendum to Commission Delegated Regulation (EU) 2020/784 of 8 April 2020 amending Annex I to Regulation (EU) 2019/1021</a>#<a href=""https://eur-lex.europa.eu/eli/reg_del/2021/115/oj"">Commission Delegated Regulation (EU) 2021/115 of 27 November 2020 amending Annex I to Regulation (EU) 2019/1021</a>#<a href=""http://data.europa.eu/eli/reg/2022/2400/oj"">Regulation (EU) 2022/2400 of the European Parliament and of the Council of 23 November 2022 amending Annexes IV and V to Regulation (EU) 2019/1021</a>#<a href=""http://data.europa.eu/eli/reg_del/2023/866/oj"">Commission Delegated Regulation (EU) 2023/866 of 24 February 2023 amending Regulation (EU) 2019/1021 of the European Parliament and of the Council as regards perfluorooctanoic acid (PFOA), its salts and PFOA-related compounds</a>","Annex I, part A#Annex IV",12-Nov-2020
"2-Propenoic acid, 2-methyl-, C10-16-alkyl esters, polymers with 2-hydroxyethyl methacrylate, Me methacrylate and perfluoro-C8-14-alkyl acrylate",,-,125328-29-2,Yes,15-Jun-2020,"<a href=""https://eur-lex.europa.eu/eli/reg_del/2020/784/oj"">Commission Delegated Regulation (EU) 2020/784 of 8 April 2020 amending Annex I to Regulation (EU) 2019/1021 of the European Parliament and of the Council as regards the listing of perfluorooctanoic acid (PFOA), its salts and PFOA-related compounds</a>#<a href=""https://eur-lex.europa.eu/legal-content/EN/TXT/?uri=uriserv:OJ.L_.2020.220.01.0011.01.ENG&toc=OJ:L:2020:220:TOC"">Corrigendum to Commission Delegated Regulation (EU) 2020/784 of 8 April 2020 amending Annex I to Regulation (EU) 2019/1021</a>#<a href=""https://eur-lex.europa.eu/eli/reg_del/2021/115/oj"">Commission Delegated Regulation (EU) 2021/115 of 27 November 2020 amending Annex I to Regulation (EU) 2019/1021</a>#<a href=""http://data.europa.eu/eli/reg/2022/2400/oj"">Regulation (EU) 2022/2400 of the European Parliament and of the Council of 23 November 2022 amending Annexes IV and V to Regulation (EU) 2019/1021</a>#<a href=""http://data.europa.eu/eli/reg_del/2023/866/oj"">Commission Delegated Regulation (EU) 2023/866 of 24 February 2023 amending Regulation (EU) 2019/1021 of the European Parliament and of the Council as regards perfluorooctanoic acid (PFOA), its salts and PFOA-related compounds</a>","Annex I, part A#Annex IV",12-Nov-2020
"4,4,5,5,6,6,7,7,8,8,9,9,10,10,11,11,11-heptadecafluoroundecanoic acid",,252-108-4,34598-33-9,Yes,15-Jun-2020,"<a href=""https://eur-lex.europa.eu/eli/reg_del/2020/784/oj"">Commission Delegated Regulation (EU) 2020/784 of 8 April 2020 amending Annex I to Regulation (EU) 2019/1021 of the European Parliament and of the Council as regards the listing of perfluorooctanoic acid (PFOA), its salts and PFOA-related compounds</a>#<a href=""https://eur-lex.europa.eu/legal-content/EN/TXT/?uri=uriserv:OJ.L_.2020.220.01.0011.01.ENG&toc=OJ:L:2020:220:TOC"">Corrigendum to Commission Delegated Regulation (EU) 2020/784 of 8 April 2020 amending Annex I to Regulation (EU) 2019/1021</a>#<a href=""https://eur-lex.europa.eu/eli/reg_del/2021/115/oj"">Commission Delegated Regulation (EU) 2021/115 of 27 November 2020 amending Annex I to Regulation (EU) 2019/1021</a>#<a href=""http://data.europa.eu/eli/reg/2022/2400/oj"">Regulation (EU) 2022/2400 of the European Parliament and of the Council of 23 November 2022 amending Annexes IV and V to Regulation (EU) 2019/1021</a>#<a href=""http://data.europa.eu/eli/reg_del/2023/866/oj"">Commission Delegated Regulation (EU) 2023/866 of 24 February 2023 amending Regulation (EU) 2019/1021 of the European Parliament and of the Council as regards perfluorooctanoic acid (PFOA), its salts and PFOA-related compounds</a>","Annex I, part A#Annex IV",12-Nov-2020
Polychlorinated Biphenyls (PCB),,-,-,Yes,29-Apr-2004,"<a href=""https://eur-lex.europa.eu/legal-content/EN/TXT/?uri=uriserv:OJ.L_.2004.158.01.0007.01.ENG&toc=OJ:L:2004:158:TOC"">Regulation (EC) No 850/2004 of the European Parliament and of the Council on persistent organic pollutants</a>#<a href=""https://eur-lex.europa.eu/legal-content/EN/TXT/?uri=uriserv:OJ.L_.2014.363.01.0067.01.ENG&toc=OJ:L:2014:363:TOC"">Commission Regulation (EU) No 1342/2014 of 17 December 2014 amending Regulation (EC) No 850/2004  as regards Annexes IV and V</a>#<a href=""https://eur-lex.europa.eu/legal-content/EN/TXT/?uri=uriserv:OJ.L_.2019.169.01.0045.01.ENG&toc=OJ:L:2019:169:TOC"">Regulation (EU) 2019/1021 of the European Parliament and of the Council of 20 June 2019 on persistent organic pollutants</a>#<a href=""http://data.europa.eu/eli/reg/2022/2400/oj"">Regulation (EU) 2022/2400 of the European Parliament and of the Council of 23 November 2022 amending Annexes IV and V to Regulation (EU) 2019/1021</a>","Annex I, part A#Annex III, part A#Annex IV",12-Nov-2020
"1,1'-Biphenyl, chloro derivs.",,215-648-1,1336-36-3,Yes,29-Apr-2004,"<a href=""https://eur-lex.europa.eu/legal-content/EN/TXT/?uri=uriserv:OJ.L_.2004.158.01.0007.01.ENG&toc=OJ:L:2004:158:TOC"">Regulation (EC) No 850/2004 of the European Parliament and of the Council on persistent organic pollutants</a>#<a href=""https://eur-lex.europa.eu/legal-content/EN/TXT/?uri=uriserv:OJ.L_.2014.363.01.0067.01.ENG&toc=OJ:L:2014:363:TOC"">Commission Regulation (EU) No 1342/2014 of 17 December 2014 amending Regulation (EC) No 850/2004  as regards Annexes IV and V</a>#<a href=""https://eur-lex.europa.eu/legal-content/EN/TXT/?uri=uriserv:OJ.L_.2019.169.01.0045.01.ENG&toc=OJ:L:2019:169:TOC"">Regulation (EU) 2019/1021 of the European Parliament and of the Council of 20 June 2019 on persistent organic pollutants</a>#<a href=""http://data.europa.eu/eli/reg/2022/2400/oj"">Regulation (EU) 2022/2400 of the European Parliament and of the Council of 23 November 2022 amending Annexes IV and V to Regulation (EU) 2019/1021</a>","Annex I, part A#Annex III, part A#Annex IV",12-Nov-2020
"2,4-PCB",,684-162-3,34883-43-7,Yes,29-Apr-2004,"<a href=""https://eur-lex.europa.eu/legal-content/EN/TXT/?uri=uriserv:OJ.L_.2004.158.01.0007.01.ENG&toc=OJ:L:2004:158:TOC"">Regulation (EC) No 850/2004 of the European Parliament and of the Council on persistent organic pollutants</a>#<a href=""https://eur-lex.europa.eu/legal-content/EN/TXT/?uri=uriserv:OJ.L_.2014.363.01.0067.01.ENG&toc=OJ:L:2014:363:TOC"">Commission Regulation (EU) No 1342/2014 of 17 December 2014 amending Regulation (EC) No 850/2004  as regards Annexes IV and V</a>#<a href=""https://eur-lex.europa.eu/legal-content/EN/TXT/?uri=uriserv:OJ.L_.2019.169.01.0045.01.ENG&toc=OJ:L:2019:169:TOC"">Regulation (EU) 2019/1021 of the European Parliament and of the Council of 20 June 2019 on persistent organic pollutants</a>#<a href=""http://data.europa.eu/eli/reg/2022/2400/oj"">Regulation (EU) 2022/2400 of the European Parliament and of the Council of 23 November 2022 amending Annexes IV and V to Regulation (EU) 2019/1021</a>","Annex I, part A#Annex III, part A#Annex IV",12-Nov-2020
2-chlorobiphenyl,,218-125-6,2051-60-7,Yes,29-Apr-2004,"<a href=""https://eur-lex.europa.eu/legal-content/EN/TXT/?uri=uriserv:OJ.L_.2004.158.01.0007.01.ENG&toc=OJ:L:2004:158:TOC"">Regulation (EC) No 850/2004 of the European Parliament and of the Council on persistent organic pollutants</a>#<a href=""https://eur-lex.europa.eu/legal-content/EN/TXT/?uri=uriserv:OJ.L_.2014.363.01.0067.01.ENG&toc=OJ:L:2014:363:TOC"">Commission Regulation (EU) No 1342/2014 of 17 December 2014 amending Regulation (EC) No 850/2004  as regards Annexes IV and V</a>#<a href=""https://eur-lex.europa.eu/legal-content/EN/TXT/?uri=uriserv:OJ.L_.2019.169.01.0045.01.ENG&toc=OJ:L:2019:169:TOC"">Regulation (EU) 2019/1021 of the European Parliament and of the Council of 20 June 2019 on persistent organic pollutants</a>#<a href=""http://data.europa.eu/eli/reg/2022/2400/oj"">Regulation (EU) 2022/2400 of the European Parliament and of the Council of 23 November 2022 amending Annexes IV and V to Regulation (EU) 2019/1021</a>","Annex I, part A#Annex III, part A#Annex IV",12-Nov-2020
3-chlorobiphenyl,,218-126-1,2051-61-8,Yes,29-Apr-2004,"<a href=""https://eur-lex.europa.eu/legal-content/EN/TXT/?uri=uriserv:OJ.L_.2004.158.01.0007.01.ENG&toc=OJ:L:2004:158:TOC"">Regulation (EC) No 850/2004 of the European Parliament and of the Council on persistent organic pollutants</a>#<a href=""https://eur-lex.europa.eu/legal-content/EN/TXT/?uri=uriserv:OJ.L_.2014.363.01.0067.01.ENG&toc=OJ:L:2014:363:TOC"">Commission Regulation (EU) No 1342/2014 of 17 December 2014 amending Regulation (EC) No 850/2004  as regards Annexes IV and V</a>#<a href=""https://eur-lex.europa.eu/legal-content/EN/TXT/?uri=uriserv:OJ.L_.2019.169.01.0045.01.ENG&toc=OJ:L:2019:169:TOC"">Regulation (EU) 2019/1021 of the European Parliament and of the Council of 20 June 2019 on persistent organic pollutants</a>#<a href=""http://data.europa.eu/eli/reg/2022/2400/oj"">Regulation (EU) 2022/2400 of the European Parliament and of the Council of 23 November 2022 amending Annexes IV and V to Regulation (EU) 2019/1021</a>","Annex I, part A#Annex III, part A#Annex IV",12-Nov-2020
4-chlorobiphenyl,,218-127-7,2051-62-9,Yes,29-Apr-2004,"<a href=""https://eur-lex.europa.eu/legal-content/EN/TXT/?uri=uriserv:OJ.L_.2004.158.01.0007.01.ENG&toc=OJ:L:2004:158:TOC"">Regulation (EC) No 850/2004 of the European Parliament and of the Council on persistent organic pollutants</a>#<a href=""https://eur-lex.europa.eu/legal-content/EN/TXT/?uri=uriserv:OJ.L_.2014.363.01.0067.01.ENG&toc=OJ:L:2014:363:TOC"">Commission Regulation (EU) No 1342/2014 of 17 December 2014 amending Regulation (EC) No 850/2004  as regards Annexes IV and V</a>#<a href=""https://eur-lex.europa.eu/legal-content/EN/TXT/?uri=uriserv:OJ.L_.2019.169.01.0045.01.ENG&toc=OJ:L:2019:169:TOC"">Regulation (EU) 2019/1021 of the European Parliament and of the Council of 20 June 2019 on persistent organic pollutants</a>#<a href=""http://data.europa.eu/eli/reg/2022/2400/oj"">Regulation (EU) 2022/2400 of the European Parliament and of the Council of 23 November 2022 amending Annexes IV and V to Regulation (EU) 2019/1021</a>","Annex I, part A#Annex III, part A#Annex IV",12-Nov-2020
"2,4,4'-trichlorobiphenyl",,230-293-2,7012-37-5,Yes,29-Apr-2004,"<a href=""https://eur-lex.europa.eu/legal-content/EN/TXT/?uri=uriserv:OJ.L_.2004.158.01.0007.01.ENG&toc=OJ:L:2004:158:TOC"">Regulation (EC) No 850/2004 of the European Parliament and of the Council on persistent organic pollutants</a>#<a href=""https://eur-lex.europa.eu/legal-content/EN/TXT/?uri=uriserv:OJ.L_.2014.363.01.0067.01.ENG&toc=OJ:L:2014:363:TOC"">Commission Regulation (EU) No 1342/2014 of 17 December 2014 amending Regulation (EC) No 850/2004  as regards Annexes IV and V</a>#<a href=""https://eur-lex.europa.eu/legal-content/EN/TXT/?uri=uriserv:OJ.L_.2019.169.01.0045.01.ENG&toc=OJ:L:2019:169:TOC"">Regulation (EU) 2019/1021 of the European Parliament and of the Council of 20 June 2019 on persistent organic pollutants</a>#<a href=""http://data.europa.eu/eli/reg/2022/2400/oj"">Regulation (EU) 2022/2400 of the European Parliament and of the Council of 23 November 2022 amending Annexes IV and V to Regulation (EU) 2019/1021</a>","Annex I, part A#Annex III, part A#Annex IV",12-Nov-2020
"2,2',4,4'-tetrachlorobiphenyl",,219-444-3,2437-79-8,Yes,29-Apr-2004,"<a href=""https://eur-lex.europa.eu/legal-content/EN/TXT/?uri=uriserv:OJ.L_.2004.158.01.0007.01.ENG&toc=OJ:L:2004:158:TOC"">Regulation (EC) No 850/2004 of the European Parliament and of the Council on persistent organic pollutants</a>#<a href=""https://eur-lex.europa.eu/legal-content/EN/TXT/?uri=uriserv:OJ.L_.2014.363.01.0067.01.ENG&toc=OJ:L:2014:363:TOC"">Commission Regulation (EU) No 1342/2014 of 17 December 2014 amending Regulation (EC) No 850/2004  as regards Annexes IV and V</a>#<a href=""https://eur-lex.europa.eu/legal-content/EN/TXT/?uri=uriserv:OJ.L_.2019.169.01.0045.01.ENG&toc=OJ:L:2019:169:TOC"">Regulation (EU) 2019/1021 of the European Parliament and of the Council of 20 June 2019 on persistent organic pollutants</a>#<a href=""http://data.europa.eu/eli/reg/2022/2400/oj"">Regulation (EU) 2022/2400 of the European Parliament and of the Council of 23 November 2022 amending Annexes IV and V to Regulation (EU) 2019/1021</a>","Annex I, part A#Annex III, part A#Annex IV",12-Nov-2020
"Pentachloro[1,1'-biphenyl]",,246-974-2,25429-29-2,Yes,29-Apr-2004,"<a href=""https://eur-lex.europa.eu/legal-content/EN/TXT/?uri=uriserv:OJ.L_.2004.158.01.0007.01.ENG&toc=OJ:L:2004:158:TOC"">Regulation (EC) No 850/2004 of the European Parliament and of the Council on persistent organic pollutants</a>#<a href=""https://eur-lex.europa.eu/legal-content/EN/TXT/?uri=uriserv:OJ.L_.2014.363.01.0067.01.ENG&toc=OJ:L:2014:363:TOC"">Commission Regulation (EU) No 1342/2014 of 17 December 2014 amending Regulation (EC) No 850/2004  as regards Annexes IV and V</a>#<a href=""https://eur-lex.europa.eu/legal-content/EN/TXT/?uri=uriserv:OJ.L_.2019.169.01.0045.01.ENG&toc=OJ:L:2019:169:TOC"">Regulation (EU) 2019/1021 of the European Parliament and of the Council of 20 June 2019 on persistent organic pollutants</a>#<a href=""http://data.europa.eu/eli/reg/2022/2400/oj"">Regulation (EU) 2022/2400 of the European Parliament and of the Council of 23 November 2022 amending Annexes IV and V to Regulation (EU) 2019/1021</a>","Annex I, part A#Annex III, part A#Annex IV",12-Nov-2020
Dichlorobiphenyl,,247-061-1,25512-42-9,Yes,29-Apr-2004,"<a href=""https://eur-lex.europa.eu/legal-content/EN/TXT/?uri=uriserv:OJ.L_.2004.158.01.0007.01.ENG&toc=OJ:L:2004:158:TOC"">Regulation (EC) No 850/2004 of the European Parliament and of the Council on persistent organic pollutants</a>#<a href=""https://eur-lex.europa.eu/legal-content/EN/TXT/?uri=uriserv:OJ.L_.2014.363.01.0067.01.ENG&toc=OJ:L:2014:363:TOC"">Commission Regulation (EU) No 1342/2014 of 17 December 2014 amending Regulation (EC) No 850/2004  as regards Annexes IV and V</a>#<a href=""https://eur-lex.europa.eu/legal-content/EN/TXT/?uri=uriserv:OJ.L_.2019.169.01.0045.01.ENG&toc=OJ:L:2019:169:TOC"">Regulation (EU) 2019/1021 of the European Parliament and of the Council of 20 June 2019 on persistent organic pollutants</a>#<a href=""http://data.europa.eu/eli/reg/2022/2400/oj"">Regulation (EU) 2022/2400 of the European Parliament and of the Council of 23 November 2022 amending Annexes IV and V to Regulation (EU) 2019/1021</a>","Annex I, part A#Annex III, part A#Annex IV",12-Nov-2020
"Chloro-1,1'-biphenyl",,248-405-3,27323-18-8,Yes,29-Apr-2004,"<a href=""https://eur-lex.europa.eu/legal-content/EN/TXT/?uri=uriserv:OJ.L_.2004.158.01.0007.01.ENG&toc=OJ:L:2004:158:TOC"">Regulation (EC) No 850/2004 of the European Parliament and of the Council on persistent organic pollutants</a>#<a href=""https://eur-lex.europa.eu/legal-content/EN/TXT/?uri=uriserv:OJ.L_.2014.363.01.0067.01.ENG&toc=OJ:L:2014:363:TOC"">Commission Regulation (EU) No 1342/2014 of 17 December 2014 amending Regulation (EC) No 850/2004  as regards Annexes IV and V</a>#<a href=""https://eur-lex.europa.eu/legal-content/EN/TXT/?uri=uriserv:OJ.L_.2019.169.01.0045.01.ENG&toc=OJ:L:2019:169:TOC"">Regulation (EU) 2019/1021 of the European Parliament and of the Council of 20 June 2019 on persistent organic pollutants</a>#<a href=""http://data.europa.eu/eli/reg/2022/2400/oj"">Regulation (EU) 2022/2400 of the European Parliament and of the Council of 23 November 2022 amending Annexes IV and V to Regulation (EU) 2019/1021</a>","Annex I, part A#Annex III, part A#Annex IV",12-Nov-2020
"Heptachloro-1,1'-biphenyl",,249-129-6,28655-71-2,Yes,29-Apr-2004,"<a href=""https://eur-lex.europa.eu/legal-content/EN/TXT/?uri=uriserv:OJ.L_.2004.158.01.0007.01.ENG&toc=OJ:L:2004:158:TOC"">Regulation (EC) No 850/2004 of the European Parliament and of the Council on persistent organic pollutants</a>#<a href=""https://eur-lex.europa.eu/legal-content/EN/TXT/?uri=uriserv:OJ.L_.2014.363.01.0067.01.ENG&toc=OJ:L:2014:363:TOC"">Commission Regulation (EU) No 1342/2014 of 17 December 2014 amending Regulation (EC) No 850/2004  as regards Annexes IV and V</a>#<a href=""https://eur-lex.europa.eu/legal-content/EN/TXT/?uri=uriserv:OJ.L_.2019.169.01.0045.01.ENG&toc=OJ:L:2019:169:TOC"">Regulation (EU) 2019/1021 of the European Parliament and of the Council of 20 June 2019 on persistent organic pollutants</a>#<a href=""http://data.europa.eu/eli/reg/2022/2400/oj"">Regulation (EU) 2022/2400 of the European Parliament and of the Council of 23 November 2022 amending Annexes IV and V to Regulation (EU) 2019/1021</a>","Annex I, part A#Annex III, part A#Annex IV",12-Nov-2020
Tetrachloro(tetrachlorophenyl)benzene,,250-646-4,31472-83-0,Yes,29-Apr-2004,"<a href=""https://eur-lex.europa.eu/legal-content/EN/TXT/?uri=uriserv:OJ.L_.2004.158.01.0007.01.ENG&toc=OJ:L:2004:158:TOC"">Regulation (EC) No 850/2004 of the European Parliament and of the Council on persistent organic pollutants</a>#<a href=""https://eur-lex.europa.eu/legal-content/EN/TXT/?uri=uriserv:OJ.L_.2014.363.01.0067.01.ENG&toc=OJ:L:2014:363:TOC"">Commission Regulation (EU) No 1342/2014 of 17 December 2014 amending Regulation (EC) No 850/2004  as regards Annexes IV and V</a>#<a href=""https://eur-lex.europa.eu/legal-content/EN/TXT/?uri=uriserv:OJ.L_.2019.169.01.0045.01.ENG&toc=OJ:L:2019:169:TOC"">Regulation (EU) 2019/1021 of the European Parliament and of the Council of 20 June 2019 on persistent organic pollutants</a>#<a href=""http://data.europa.eu/eli/reg/2022/2400/oj"">Regulation (EU) 2022/2400 of the European Parliament and of the Council of 23 November 2022 amending Annexes IV and V to Regulation (EU) 2019/1021</a>","Annex I, part A#Annex III, part A#Annex IV",12-Nov-2020
"2,2',4,4',6,6'-hexachlorobiphenyl",,251-773-8,33979-03-2,Yes,29-Apr-2004,"<a href=""https://eur-lex.europa.eu/legal-content/EN/TXT/?uri=uriserv:OJ.L_.2004.158.01.0007.01.ENG&toc=OJ:L:2004:158:TOC"">Regulation (EC) No 850/2004 of the European Parliament and of the Council on persistent organic pollutants</a>#<a href=""https://eur-lex.europa.eu/legal-content/EN/TXT/?uri=uriserv:OJ.L_.2014.363.01.0067.01.ENG&toc=OJ:L:2014:363:TOC"">Commission Regulation (EU) No 1342/2014 of 17 December 2014 amending Regulation (EC) No 850/2004  as regards Annexes IV and V</a>#<a href=""https://eur-lex.europa.eu/legal-content/EN/TXT/?uri=uriserv:OJ.L_.2019.169.01.0045.01.ENG&toc=OJ:L:2019:169:TOC"">Regulation (EU) 2019/1021 of the European Parliament and of the Council of 20 June 2019 on persistent organic pollutants</a>#<a href=""http://data.europa.eu/eli/reg/2022/2400/oj"">Regulation (EU) 2022/2400 of the European Parliament and of the Council of 23 November 2022 amending Annexes IV and V to Regulation (EU) 2019/1021</a>","Annex I, part A#Annex III, part A#Annex IV",12-Nov-2020
"Nonachloro-1,1'-biphenyl",,258-738-6,53742-07-7,Yes,29-Apr-2004,"<a href=""https://eur-lex.europa.eu/legal-content/EN/TXT/?uri=uriserv:OJ.L_.2004.158.01.0007.01.ENG&toc=OJ:L:2004:158:TOC"">Regulation (EC) No 850/2004 of the European Parliament and of the Council on persistent organic pollutants</a>#<a href=""https://eur-lex.europa.eu/legal-content/EN/TXT/?uri=uriserv:OJ.L_.2014.363.01.0067.01.ENG&toc=OJ:L:2014:363:TOC"">Commission Regulation (EU) No 1342/2014 of 17 December 2014 amending Regulation (EC) No 850/2004  as regards Annexes IV and V</a>#<a href=""https://eur-lex.europa.eu/legal-content/EN/TXT/?uri=uriserv:OJ.L_.2019.169.01.0045.01.ENG&toc=OJ:L:2019:169:TOC"">Regulation (EU) 2019/1021 of the European Parliament and of the Council of 20 June 2019 on persistent organic pollutants</a>#<a href=""http://data.europa.eu/eli/reg/2022/2400/oj"">Regulation (EU) 2022/2400 of the European Parliament and of the Council of 23 November 2022 amending Annexes IV and V to Regulation (EU) 2019/1021</a>","Annex I, part A#Annex III, part A#Annex IV",12-Nov-2020
"2,3,3',4,4',5-Hexachlorobiphenyl",,620-601-7,38380-08-4,Yes,29-Apr-2004,"<a href=""https://eur-lex.europa.eu/legal-content/EN/TXT/?uri=uriserv:OJ.L_.2004.158.01.0007.01.ENG&toc=OJ:L:2004:158:TOC"">Regulation (EC) No 850/2004 of the European Parliament and of the Council on persistent organic pollutants</a>#<a href=""https://eur-lex.europa.eu/legal-content/EN/TXT/?uri=uriserv:OJ.L_.2014.363.01.0067.01.ENG&toc=OJ:L:2014:363:TOC"">Commission Regulation (EU) No 1342/2014 of 17 December 2014 amending Regulation (EC) No 850/2004  as regards Annexes IV and V</a>#<a href=""https://eur-lex.europa.eu/legal-content/EN/TXT/?uri=uriserv:OJ.L_.2019.169.01.0045.01.ENG&toc=OJ:L:2019:169:TOC"">Regulation (EU) 2019/1021 of the European Parliament and of the Council of 20 June 2019 on persistent organic pollutants</a>#<a href=""http://data.europa.eu/eli/reg/2022/2400/oj"">Regulation (EU) 2022/2400 of the European Parliament and of the Council of 23 November 2022 amending Annexes IV and V to Regulation (EU) 2019/1021</a>","Annex I, part A#Annex III, part A#Annex IV",12-Nov-2020
"3,3'-dichlorobiphenyl",,621-287-4,2050-67-1,Yes,29-Apr-2004,"<a href=""https://eur-lex.europa.eu/legal-content/EN/TXT/?uri=uriserv:OJ.L_.2004.158.01.0007.01.ENG&toc=OJ:L:2004:158:TOC"">Regulation (EC) No 850/2004 of the European Parliament and of the Council on persistent organic pollutants</a>#<a href=""https://eur-lex.europa.eu/legal-content/EN/TXT/?uri=uriserv:OJ.L_.2014.363.01.0067.01.ENG&toc=OJ:L:2014:363:TOC"">Commission Regulation (EU) No 1342/2014 of 17 December 2014 amending Regulation (EC) No 850/2004  as regards Annexes IV and V</a>#<a href=""https://eur-lex.europa.eu/legal-content/EN/TXT/?uri=uriserv:OJ.L_.2019.169.01.0045.01.ENG&toc=OJ:L:2019:169:TOC"">Regulation (EU) 2019/1021 of the European Parliament and of the Council of 20 June 2019 on persistent organic pollutants</a>#<a href=""http://data.europa.eu/eli/reg/2022/2400/oj"">Regulation (EU) 2022/2400 of the European Parliament and of the Council of 23 November 2022 amending Annexes IV and V to Regulation (EU) 2019/1021</a>","Annex I, part A#Annex III, part A#Annex IV",12-Nov-2020
"2,4',5-trichlorobiphenyl",,621-296-3,16606-02-3,Yes,29-Apr-2004,"<a href=""https://eur-lex.europa.eu/legal-content/EN/TXT/?uri=uriserv:OJ.L_.2004.158.01.0007.01.ENG&toc=OJ:L:2004:158:TOC"">Regulation (EC) No 850/2004 of the European Parliament and of the Council on persistent organic pollutants</a>#<a href=""https://eur-lex.europa.eu/legal-content/EN/TXT/?uri=uriserv:OJ.L_.2014.363.01.0067.01.ENG&toc=OJ:L:2014:363:TOC"">Commission Regulation (EU) No 1342/2014 of 17 December 2014 amending Regulation (EC) No 850/2004  as regards Annexes IV and V</a>#<a href=""https://eur-lex.europa.eu/legal-content/EN/TXT/?uri=uriserv:OJ.L_.2019.169.01.0045.01.ENG&toc=OJ:L:2019:169:TOC"">Regulation (EU) 2019/1021 of the European Parliament and of the Council of 20 June 2019 on persistent organic pollutants</a>#<a href=""http://data.europa.eu/eli/reg/2022/2400/oj"">Regulation (EU) 2022/2400 of the European Parliament and of the Council of 23 November 2022 amending Annexes IV and V to Regulation (EU) 2019/1021</a>","Annex I, part A#Annex III, part A#Annex IV",12-Nov-2020
"2,3',4,4',5-pentachlorobiphenyl",,621-375-2,31508-00-6,Yes,29-Apr-2004,"<a href=""https://eur-lex.europa.eu/legal-content/EN/TXT/?uri=uriserv:OJ.L_.2004.158.01.0007.01.ENG&toc=OJ:L:2004:158:TOC"">Regulation (EC) No 850/2004 of the European Parliament and of the Council on persistent organic pollutants</a>#<a href=""https://eur-lex.europa.eu/legal-content/EN/TXT/?uri=uriserv:OJ.L_.2014.363.01.0067.01.ENG&toc=OJ:L:2014:363:TOC"">Commission Regulation (EU) No 1342/2014 of 17 December 2014 amending Regulation (EC) No 850/2004  as regards Annexes IV and V</a>#<a href=""https://eur-lex.europa.eu/legal-content/EN/TXT/?uri=uriserv:OJ.L_.2019.169.01.0045.01.ENG&toc=OJ:L:2019:169:TOC"">Regulation (EU) 2019/1021 of the European Parliament and of the Council of 20 June 2019 on persistent organic pollutants</a>#<a href=""http://data.europa.eu/eli/reg/2022/2400/oj"">Regulation (EU) 2022/2400 of the European Parliament and of the Council of 23 November 2022 amending Annexes IV and V to Regulation (EU) 2019/1021</a>","Annex I, part A#Annex III, part A#Annex IV",12-Nov-2020
"2,2',3,4,4',5'-hexachlorobiphenyl",,621-377-3,35065-28-2,Yes,29-Apr-2004,"<a href=""https://eur-lex.europa.eu/legal-content/EN/TXT/?uri=uriserv:OJ.L_.2004.158.01.0007.01.ENG&toc=OJ:L:2004:158:TOC"">Regulation (EC) No 850/2004 of the European Parliament and of the Council on persistent organic pollutants</a>#<a href=""https://eur-lex.europa.eu/legal-content/EN/TXT/?uri=uriserv:OJ.L_.2014.363.01.0067.01.ENG&toc=OJ:L:2014:363:TOC"">Commission Regulation (EU) No 1342/2014 of 17 December 2014 amending Regulation (EC) No 850/2004  as regards Annexes IV and V</a>#<a href=""https://eur-lex.europa.eu/legal-content/EN/TXT/?uri=uriserv:OJ.L_.2019.169.01.0045.01.ENG&toc=OJ:L:2019:169:TOC"">Regulation (EU) 2019/1021 of the European Parliament and of the Council of 20 June 2019 on persistent organic pollutants</a>#<a href=""http://data.europa.eu/eli/reg/2022/2400/oj"">Regulation (EU) 2022/2400 of the European Parliament and of the Council of 23 November 2022 amending Annexes IV and V to Regulation (EU) 2019/1021</a>","Annex I, part A#Annex III, part A#Annex IV",12-Nov-2020
"2,2',3,4,4',5,5'-heptachlorobiphenyl",,621-378-9,35065-29-3,Yes,29-Apr-2004,"<a href=""https://eur-lex.europa.eu/legal-content/EN/TXT/?uri=uriserv:OJ.L_.2004.158.01.0007.01.ENG&toc=OJ:L:2004:158:TOC"">Regulation (EC) No 850/2004 of the European Parliament and of the Council on persistent organic pollutants</a>#<a href=""https://eur-lex.europa.eu/legal-content/EN/TXT/?uri=uriserv:OJ.L_.2014.363.01.0067.01.ENG&toc=OJ:L:2014:363:TOC"">Commission Regulation (EU) No 1342/2014 of 17 December 2014 amending Regulation (EC) No 850/2004  as regards Annexes IV and V</a>#<a href=""https://eur-lex.europa.eu/legal-content/EN/TXT/?uri=uriserv:OJ.L_.2019.169.01.0045.01.ENG&toc=OJ:L:2019:169:TOC"">Regulation (EU) 2019/1021 of the European Parliament and of the Council of 20 June 2019 on persistent organic pollutants</a>#<a href=""http://data.europa.eu/eli/reg/2022/2400/oj"">Regulation (EU) 2022/2400 of the European Parliament and of the Council of 23 November 2022 amending Annexes IV and V to Regulation (EU) 2019/1021</a>","Annex I, part A#Annex III, part A#Annex IV",12-Nov-2020
"2,2',4,5,5'-pentachlorobiphenyl",,621-393-0,37680-73-2,Yes,29-Apr-2004,"<a href=""https://eur-lex.europa.eu/legal-content/EN/TXT/?uri=uriserv:OJ.L_.2004.158.01.0007.01.ENG&toc=OJ:L:2004:158:TOC"">Regulation (EC) No 850/2004 of the European Parliament and of the Council on persistent organic pollutants</a>#<a href=""https://eur-lex.europa.eu/legal-content/EN/TXT/?uri=uriserv:OJ.L_.2014.363.01.0067.01.ENG&toc=OJ:L:2014:363:TOC"">Commission Regulation (EU) No 1342/2014 of 17 December 2014 amending Regulation (EC) No 850/2004  as regards Annexes IV and V</a>#<a href=""https://eur-lex.europa.eu/legal-content/EN/TXT/?uri=uriserv:OJ.L_.2019.169.01.0045.01.ENG&toc=OJ:L:2019:169:TOC"">Regulation (EU) 2019/1021 of the European Parliament and of the Council of 20 June 2019 on persistent organic pollutants</a>#<a href=""http://data.europa.eu/eli/reg/2022/2400/oj"">Regulation (EU) 2022/2400 of the European Parliament and of the Council of 23 November 2022 amending Annexes IV and V to Regulation (EU) 2019/1021</a>","Annex I, part A#Annex III, part A#Annex IV",12-Nov-2020
"2,4,6-Trichlorobiphenyl",,621-526-2,35693-92-6,Yes,29-Apr-2004,"<a href=""https://eur-lex.europa.eu/legal-content/EN/TXT/?uri=uriserv:OJ.L_.2004.158.01.0007.01.ENG&toc=OJ:L:2004:158:TOC"">Regulation (EC) No 850/2004 of the European Parliament and of the Council on persistent organic pollutants</a>#<a href=""https://eur-lex.europa.eu/legal-content/EN/TXT/?uri=uriserv:OJ.L_.2014.363.01.0067.01.ENG&toc=OJ:L:2014:363:TOC"">Commission Regulation (EU) No 1342/2014 of 17 December 2014 amending Regulation (EC) No 850/2004  as regards Annexes IV and V</a>#<a href=""https://eur-lex.europa.eu/legal-content/EN/TXT/?uri=uriserv:OJ.L_.2019.169.01.0045.01.ENG&toc=OJ:L:2019:169:TOC"">Regulation (EU) 2019/1021 of the European Parliament and of the Council of 20 June 2019 on persistent organic pollutants</a>#<a href=""http://data.europa.eu/eli/reg/2022/2400/oj"">Regulation (EU) 2022/2400 of the European Parliament and of the Council of 23 November 2022 amending Annexes IV and V to Regulation (EU) 2019/1021</a>","Annex I, part A#Annex III, part A#Annex IV",12-Nov-2020
"2,2',5,5'-tetrachlorobiphenyl",,621-615-6,35693-99-3,Yes,29-Apr-2004,"<a href=""https://eur-lex.europa.eu/legal-content/EN/TXT/?uri=uriserv:OJ.L_.2004.158.01.0007.01.ENG&toc=OJ:L:2004:158:TOC"">Regulation (EC) No 850/2004 of the European Parliament and of the Council on persistent organic pollutants</a>#<a href=""https://eur-lex.europa.eu/legal-content/EN/TXT/?uri=uriserv:OJ.L_.2014.363.01.0067.01.ENG&toc=OJ:L:2014:363:TOC"">Commission Regulation (EU) No 1342/2014 of 17 December 2014 amending Regulation (EC) No 850/2004  as regards Annexes IV and V</a>#<a href=""https://eur-lex.europa.eu/legal-content/EN/TXT/?uri=uriserv:OJ.L_.2019.169.01.0045.01.ENG&toc=OJ:L:2019:169:TOC"">Regulation (EU) 2019/1021 of the European Parliament and of the Council of 20 June 2019 on persistent organic pollutants</a>#<a href=""http://data.europa.eu/eli/reg/2022/2400/oj"">Regulation (EU) 2022/2400 of the European Parliament and of the Council of 23 November 2022 amending Annexes IV and V to Regulation (EU) 2019/1021</a>","Annex I, part A#Annex III, part A#Annex IV",12-Nov-2020
"2,4,5-trichloro-1,1'-biphenyl",,630-494-9,15862-07-4,Yes,29-Apr-2004,"<a href=""https://eur-lex.europa.eu/legal-content/EN/TXT/?uri=uriserv:OJ.L_.2004.158.01.0007.01.ENG&toc=OJ:L:2004:158:TOC"">Regulation (EC) No 850/2004 of the European Parliament and of the Council on persistent organic pollutants</a>#<a href=""https://eur-lex.europa.eu/legal-content/EN/TXT/?uri=uriserv:OJ.L_.2014.363.01.0067.01.ENG&toc=OJ:L:2014:363:TOC"">Commission Regulation (EU) No 1342/2014 of 17 December 2014 amending Regulation (EC) No 850/2004  as regards Annexes IV and V</a>#<a href=""https://eur-lex.europa.eu/legal-content/EN/TXT/?uri=uriserv:OJ.L_.2019.169.01.0045.01.ENG&toc=OJ:L:2019:169:TOC"">Regulation (EU) 2019/1021 of the European Parliament and of the Council of 20 June 2019 on persistent organic pollutants</a>#<a href=""http://data.europa.eu/eli/reg/2022/2400/oj"">Regulation (EU) 2022/2400 of the European Parliament and of the Council of 23 November 2022 amending Annexes IV and V to Regulation (EU) 2019/1021</a>","Annex I, part A#Annex III, part A#Annex IV",12-Nov-2020
"3,3',4,4'-tetrachloro-1,1'-biphenyl",,634-804-3,32598-13-3,Yes,29-Apr-2004,"<a href=""https://eur-lex.europa.eu/legal-content/EN/TXT/?uri=uriserv:OJ.L_.2004.158.01.0007.01.ENG&toc=OJ:L:2004:158:TOC"">Regulation (EC) No 850/2004 of the European Parliament and of the Council on persistent organic pollutants</a>#<a href=""https://eur-lex.europa.eu/legal-content/EN/TXT/?uri=uriserv:OJ.L_.2014.363.01.0067.01.ENG&toc=OJ:L:2014:363:TOC"">Commission Regulation (EU) No 1342/2014 of 17 December 2014 amending Regulation (EC) No 850/2004  as regards Annexes IV and V</a>#<a href=""https://eur-lex.europa.eu/legal-content/EN/TXT/?uri=uriserv:OJ.L_.2019.169.01.0045.01.ENG&toc=OJ:L:2019:169:TOC"">Regulation (EU) 2019/1021 of the European Parliament and of the Council of 20 June 2019 on persistent organic pollutants</a>#<a href=""http://data.europa.eu/eli/reg/2022/2400/oj"">Regulation (EU) 2022/2400 of the European Parliament and of the Council of 23 November 2022 amending Annexes IV and V to Regulation (EU) 2019/1021</a>","Annex I, part A#Annex III, part A#Annex IV",12-Nov-2020
"2,2',3,3',4,4',5-heptachlorobiphenyl",,634-856-7,35065-30-6,Yes,29-Apr-2004,"<a href=""https://eur-lex.europa.eu/legal-content/EN/TXT/?uri=uriserv:OJ.L_.2004.158.01.0007.01.ENG&toc=OJ:L:2004:158:TOC"">Regulation (EC) No 850/2004 of the European Parliament and of the Council on persistent organic pollutants</a>#<a href=""https://eur-lex.europa.eu/legal-content/EN/TXT/?uri=uriserv:OJ.L_.2014.363.01.0067.01.ENG&toc=OJ:L:2014:363:TOC"">Commission Regulation (EU) No 1342/2014 of 17 December 2014 amending Regulation (EC) No 850/2004  as regards Annexes IV and V</a>#<a href=""https://eur-lex.europa.eu/legal-content/EN/TXT/?uri=uriserv:OJ.L_.2019.169.01.0045.01.ENG&toc=OJ:L:2019:169:TOC"">Regulation (EU) 2019/1021 of the European Parliament and of the Council of 20 June 2019 on persistent organic pollutants</a>#<a href=""http://data.europa.eu/eli/reg/2022/2400/oj"">Regulation (EU) 2022/2400 of the European Parliament and of the Council of 23 November 2022 amending Annexes IV and V to Regulation (EU) 2019/1021</a>","Annex I, part A#Annex III, part A#Annex IV",12-Nov-2020
"4,4'-dichlorobiphenyl",,218-095-4,2050-68-2,Yes,29-Apr-2004,"<a href=""https://eur-lex.europa.eu/legal-content/EN/TXT/?uri=uriserv:OJ.L_.2004.158.01.0007.01.ENG&toc=OJ:L:2004:158:TOC"">Regulation (EC) No 850/2004 of the European Parliament and of the Council on persistent organic pollutants</a>#<a href=""https://eur-lex.europa.eu/legal-content/EN/TXT/?uri=uriserv:OJ.L_.2014.363.01.0067.01.ENG&toc=OJ:L:2014:363:TOC"">Commission Regulation (EU) No 1342/2014 of 17 December 2014 amending Regulation (EC) No 850/2004  as regards Annexes IV and V</a>#<a href=""https://eur-lex.europa.eu/legal-content/EN/TXT/?uri=uriserv:OJ.L_.2019.169.01.0045.01.ENG&toc=OJ:L:2019:169:TOC"">Regulation (EU) 2019/1021 of the European Parliament and of the Council of 20 June 2019 on persistent organic pollutants</a>#<a href=""http://data.europa.eu/eli/reg/2022/2400/oj"">Regulation (EU) 2022/2400 of the European Parliament and of the Council of 23 November 2022 amending Annexes IV and V to Regulation (EU) 2019/1021</a>","Annex I, part A#Annex III, part A#Annex IV",12-Nov-2020
"Decachloro-1,1'-biphenyl",,218-115-1,2051-24-3,Yes,29-Apr-2004,"<a href=""https://eur-lex.europa.eu/legal-content/EN/TXT/?uri=uriserv:OJ.L_.2004.158.01.0007.01.ENG&toc=OJ:L:2004:158:TOC"">Regulation (EC) No 850/2004 of the European Parliament and of the Council on persistent organic pollutants</a>#<a href=""https://eur-lex.europa.eu/legal-content/EN/TXT/?uri=uriserv:OJ.L_.2014.363.01.0067.01.ENG&toc=OJ:L:2014:363:TOC"">Commission Regulation (EU) No 1342/2014 of 17 December 2014 amending Regulation (EC) No 850/2004  as regards Annexes IV and V</a>#<a href=""https://eur-lex.europa.eu/legal-content/EN/TXT/?uri=uriserv:OJ.L_.2019.169.01.0045.01.ENG&toc=OJ:L:2019:169:TOC"">Regulation (EU) 2019/1021 of the European Parliament and of the Council of 20 June 2019 on persistent organic pollutants</a>#<a href=""http://data.europa.eu/eli/reg/2022/2400/oj"">Regulation (EU) 2022/2400 of the European Parliament and of the Council of 23 November 2022 amending Annexes IV and V to Regulation (EU) 2019/1021</a>","Annex I, part A#Annex III, part A#Annex IV",12-Nov-2020
Polychlorinated dibenzo-p-dioxins and dibenzofurans (PCDD/PCDF),,-,-,Yes,29-Apr-2004,"<a href=""https://eur-lex.europa.eu/legal-content/EN/TXT/?uri=uriserv:OJ.L_.2004.158.01.0007.01.ENG&toc=OJ:L:2004:158:TOC"">Regulation (EC) No 850/2004 of the European Parliament and of the Council on persistent organic pollutants</a>#<a href=""https://eur-lex.europa.eu/legal-content/EN/TXT/?uri=uriserv:OJ.L_.2006.217.01.0001.01.ENG&toc=OJ:L:2006:217:TOC"">Council Regulation (EC) No 1195/2006 of 18 July 2006 amending Annex IV to Regulation (EC) No 850/2004</a>#<a href=""https://eur-lex.europa.eu/legal-content/EN/TXT/?uri=uriserv:OJ.L_.2009.096.01.0033.01.ENG&toc=OJ:L:2009:096:TOC"">Commission Regulation (EC) No 304/2009 of 14 April 2009 amending Annexes IV and V to Regulation (EC) No 850/2004</a>#<a href=""https://eur-lex.europa.eu/legal-content/EN/TXT/?uri=uriserv:OJ.L_.2014.363.01.0067.01.ENG&toc=OJ:L:2014:363:TOC"">Commission Regulation (EU) No 1342/2014 of 17 December 2014 amending Regulation (EC) No 850/2004  as regards Annexes IV and V</a>#<a href=""https://eur-lex.europa.eu/legal-content/EN/TXT/?uri=uriserv:OJ.L_.2019.169.01.0045.01.ENG&toc=OJ:L:2019:169:TOC"">Regulation (EU) 2019/1021 of the European Parliament and of the Council of 20 June 2019 on persistent organic pollutants</a>#<a href=""http://data.europa.eu/eli/reg/2022/2400/oj"">Regulation (EU) 2022/2400 of the European Parliament and of the Council of 23 November 2022 amending Annexes IV and V to Regulation (EU) 2019/1021</a>","Annex III, part A#Annex IV",12-Nov-2020
Polychlorinated naphthalenes,,-,-,Yes,19-Jun-2012,"<a href=""https://eur-lex.europa.eu/legal-content/EN/TXT/?uri=uriserv:OJ.L_.2012.159.01.0001.01.ENG&toc=OJ:L:2012:159:TOC"">Commission Regulation (EU) No 519/2012 of 19 June 2012 amending Regulation (EC) No 850/2004 as regards as Annex I</a>#<a href=""https://eur-lex.europa.eu/legal-content/EN/TXT/?uri=uriserv:OJ.L_.2014.363.01.0067.01.ENG&toc=OJ:L:2014:363:TOC"">Commission Regulation (EU) No 1342/2014 of 17 December 2014 amending Regulation (EC) No 850/2004  as regards Annexes IV and V</a>#<a href=""https://eur-lex.europa.eu/legal-content/EN/TXT/?uri=uriserv:OJ.L_.2019.169.01.0045.01.ENG&toc=OJ:L:2019:169:TOC"">Regulation (EU) 2019/1021 of the European Parliament and of the Council of 20 June 2019 on persistent organic pollutants</a>","Annex I, part A#Annex III, part B#Annex IV",12-Nov-2020
[No public or meaningful name is available],,-,-,Yes,19-Jun-2012,"<a href=""https://eur-lex.europa.eu/legal-content/EN/TXT/?uri=uriserv:OJ.L_.2012.159.01.0001.01.ENG&toc=OJ:L:2012:159:TOC"">Commission Regulation (EU) No 519/2012 of 19 June 2012 amending Regulation (EC) No 850/2004 as regards as Annex I</a>#<a href=""https://eur-lex.europa.eu/legal-content/EN/TXT/?uri=uriserv:OJ.L_.2014.363.01.0067.01.ENG&toc=OJ:L:2014:363:TOC"">Commission Regulation (EU) No 1342/2014 of 17 December 2014 amending Regulation (EC) No 850/2004  as regards Annexes IV and V</a>#<a href=""https://eur-lex.europa.eu/legal-content/EN/TXT/?uri=uriserv:OJ.L_.2019.169.01.0045.01.ENG&toc=OJ:L:2019:169:TOC"">Regulation (EU) 2019/1021 of the European Parliament and of the Council of 20 June 2019 on persistent organic pollutants</a>","Annex I, part A#Annex III, part B#Annex IV",12-Nov-2020
"Naphthalene, 1,2,3,4,5-pentachloro-",,-,67922-25-2,Yes,19-Jun-2012,"<a href=""https://eur-lex.europa.eu/legal-content/EN/TXT/?uri=uriserv:OJ.L_.2012.159.01.0001.01.ENG&toc=OJ:L:2012:159:TOC"">Commission Regulation (EU) No 519/2012 of 19 June 2012 amending Regulation (EC) No 850/2004 as regards as Annex I</a>#<a href=""https://eur-lex.europa.eu/legal-content/EN/TXT/?uri=uriserv:OJ.L_.2014.363.01.0067.01.ENG&toc=OJ:L:2014:363:TOC"">Commission Regulation (EU) No 1342/2014 of 17 December 2014 amending Regulation (EC) No 850/2004  as regards Annexes IV and V</a>#<a href=""https://eur-lex.europa.eu/legal-content/EN/TXT/?uri=uriserv:OJ.L_.2019.169.01.0045.01.ENG&toc=OJ:L:2019:169:TOC"">Regulation (EU) 2019/1021 of the European Parliament and of the Council of 20 June 2019 on persistent organic pollutants</a>","Annex I, part A#Annex III, part B#Annex IV",12-Nov-2020
[No public or meaningful name is available],,-,-,Yes,19-Jun-2012,"<a href=""https://eur-lex.europa.eu/legal-content/EN/TXT/?uri=uriserv:OJ.L_.2012.159.01.0001.01.ENG&toc=OJ:L:2012:159:TOC"">Commission Regulation (EU) No 519/2012 of 19 June 2012 amending Regulation (EC) No 850/2004 as regards as Annex I</a>#<a href=""https://eur-lex.europa.eu/legal-content/EN/TXT/?uri=uriserv:OJ.L_.2014.363.01.0067.01.ENG&toc=OJ:L:2014:363:TOC"">Commission Regulation (EU) No 1342/2014 of 17 December 2014 amending Regulation (EC) No 850/2004  as regards Annexes IV and V</a>#<a href=""https://eur-lex.europa.eu/legal-content/EN/TXT/?uri=uriserv:OJ.L_.2019.169.01.0045.01.ENG&toc=OJ:L:2019:169:TOC"">Regulation (EU) 2019/1021 of the European Parliament and of the Council of 20 June 2019 on persistent organic pollutants</a>","Annex I, part A#Annex III, part B#Annex IV",12-Nov-2020
"1,2,3,4-tetrachloronaphthalene",,622-398-0,20020-02-4,Yes,19-Jun-2012,"<a href=""https://eur-lex.europa.eu/legal-content/EN/TXT/?uri=uriserv:OJ.L_.2012.159.01.0001.01.ENG&toc=OJ:L:2012:159:TOC"">Commission Regulation (EU) No 519/2012 of 19 June 2012 amending Regulation (EC) No 850/2004 as regards as Annex I</a>#<a href=""https://eur-lex.europa.eu/legal-content/EN/TXT/?uri=uriserv:OJ.L_.2014.363.01.0067.01.ENG&toc=OJ:L:2014:363:TOC"">Commission Regulation (EU) No 1342/2014 of 17 December 2014 amending Regulation (EC) No 850/2004  as regards Annexes IV and V</a>#<a href=""https://eur-lex.europa.eu/legal-content/EN/TXT/?uri=uriserv:OJ.L_.2019.169.01.0045.01.ENG&toc=OJ:L:2019:169:TOC"">Regulation (EU) 2019/1021 of the European Parliament and of the Council of 20 June 2019 on persistent organic pollutants</a>","Annex I, part A#Annex III, part B#Annex IV",12-Nov-2020
[No public or meaningful name is available],,-,-,Yes,19-Jun-2012,"<a href=""https://eur-lex.europa.eu/legal-content/EN/TXT/?uri=uriserv:OJ.L_.2012.159.01.0001.01.ENG&toc=OJ:L:2012:159:TOC"">Commission Regulation (EU) No 519/2012 of 19 June 2012 amending Regulation (EC) No 850/2004 as regards as Annex I</a>#<a href=""https://eur-lex.europa.eu/legal-content/EN/TXT/?uri=uriserv:OJ.L_.2014.363.01.0067.01.ENG&toc=OJ:L:2014:363:TOC"">Commission Regulation (EU) No 1342/2014 of 17 December 2014 amending Regulation (EC) No 850/2004  as regards Annexes IV and V</a>#<a href=""https://eur-lex.europa.eu/legal-content/EN/TXT/?uri=uriserv:OJ.L_.2019.169.01.0045.01.ENG&toc=OJ:L:2019:169:TOC"">Regulation (EU) 2019/1021 of the European Parliament and of the Council of 20 June 2019 on persistent organic pollutants</a>","Annex I, part A#Annex III, part B#Annex IV",12-Nov-2020
[No public or meaningful name is available],,-,-,Yes,19-Jun-2012,"<a href=""https://eur-lex.europa.eu/legal-content/EN/TXT/?uri=uriserv:OJ.L_.2012.159.01.0001.01.ENG&toc=OJ:L:2012:159:TOC"">Commission Regulation (EU) No 519/2012 of 19 June 2012 amending Regulation (EC) No 850/2004 as regards as Annex I</a>#<a href=""https://eur-lex.europa.eu/legal-content/EN/TXT/?uri=uriserv:OJ.L_.2014.363.01.0067.01.ENG&toc=OJ:L:2014:363:TOC"">Commission Regulation (EU) No 1342/2014 of 17 December 2014 amending Regulation (EC) No 850/2004  as regards Annexes IV and V</a>#<a href=""https://eur-lex.europa.eu/legal-content/EN/TXT/?uri=uriserv:OJ.L_.2019.169.01.0045.01.ENG&toc=OJ:L:2019:169:TOC"">Regulation (EU) 2019/1021 of the European Parliament and of the Council of 20 June 2019 on persistent organic pollutants</a>","Annex I, part A#Annex III, part B#Annex IV",12-Nov-2020
[No public or meaningful name is available],,-,-,Yes,19-Jun-2012,"<a href=""https://eur-lex.europa.eu/legal-content/EN/TXT/?uri=uriserv:OJ.L_.2012.159.01.0001.01.ENG&toc=OJ:L:2012:159:TOC"">Commission Regulation (EU) No 519/2012 of 19 June 2012 amending Regulation (EC) No 850/2004 as regards as Annex I</a>#<a href=""https://eur-lex.europa.eu/legal-content/EN/TXT/?uri=uriserv:OJ.L_.2014.363.01.0067.01.ENG&toc=OJ:L:2014:363:TOC"">Commission Regulation (EU) No 1342/2014 of 17 December 2014 amending Regulation (EC) No 850/2004  as regards Annexes IV and V</a>#<a href=""https://eur-lex.europa.eu/legal-content/EN/TXT/?uri=uriserv:OJ.L_.2019.169.01.0045.01.ENG&toc=OJ:L:2019:169:TOC"">Regulation (EU) 2019/1021 of the European Parliament and of the Council of 20 June 2019 on persistent organic pollutants</a>","Annex I, part A#Annex III, part B#Annex IV",12-Nov-2020
[No public or meaningful name is available],,-,-,Yes,19-Jun-2012,"<a href=""https://eur-lex.europa.eu/legal-content/EN/TXT/?uri=uriserv:OJ.L_.2012.159.01.0001.01.ENG&toc=OJ:L:2012:159:TOC"">Commission Regulation (EU) No 519/2012 of 19 June 2012 amending Regulation (EC) No 850/2004 as regards as Annex I</a>#<a href=""https://eur-lex.europa.eu/legal-content/EN/TXT/?uri=uriserv:OJ.L_.2014.363.01.0067.01.ENG&toc=OJ:L:2014:363:TOC"">Commission Regulation (EU) No 1342/2014 of 17 December 2014 amending Regulation (EC) No 850/2004  as regards Annexes IV and V</a>#<a href=""https://eur-lex.europa.eu/legal-content/EN/TXT/?uri=uriserv:OJ.L_.2019.169.01.0045.01.ENG&toc=OJ:L:2019:169:TOC"">Regulation (EU) 2019/1021 of the European Parliament and of the Council of 20 June 2019 on persistent organic pollutants</a>","Annex I, part A#Annex III, part B#Annex IV",12-Nov-2020
[No public or meaningful name is available],,-,-,Yes,19-Jun-2012,"<a href=""https://eur-lex.europa.eu/legal-content/EN/TXT/?uri=uriserv:OJ.L_.2012.159.01.0001.01.ENG&toc=OJ:L:2012:159:TOC"">Commission Regulation (EU) No 519/2012 of 19 June 2012 amending Regulation (EC) No 850/2004 as regards as Annex I</a>#<a href=""https://eur-lex.europa.eu/legal-content/EN/TXT/?uri=uriserv:OJ.L_.2014.363.01.0067.01.ENG&toc=OJ:L:2014:363:TOC"">Commission Regulation (EU) No 1342/2014 of 17 December 2014 amending Regulation (EC) No 850/2004  as regards Annexes IV and V</a>#<a href=""https://eur-lex.europa.eu/legal-content/EN/TXT/?uri=uriserv:OJ.L_.2019.169.01.0045.01.ENG&toc=OJ:L:2019:169:TOC"">Regulation (EU) 2019/1021 of the European Parliament and of the Council of 20 June 2019 on persistent organic pollutants</a>","Annex I, part A#Annex III, part B#Annex IV",12-Nov-2020
[No public or meaningful name is available],,-,-,Yes,19-Jun-2012,"<a href=""https://eur-lex.europa.eu/legal-content/EN/TXT/?uri=uriserv:OJ.L_.2012.159.01.0001.01.ENG&toc=OJ:L:2012:159:TOC"">Commission Regulation (EU) No 519/2012 of 19 June 2012 amending Regulation (EC) No 850/2004 as regards as Annex I</a>#<a href=""https://eur-lex.europa.eu/legal-content/EN/TXT/?uri=uriserv:OJ.L_.2014.363.01.0067.01.ENG&toc=OJ:L:2014:363:TOC"">Commission Regulation (EU) No 1342/2014 of 17 December 2014 amending Regulation (EC) No 850/2004  as regards Annexes IV and V</a>#<a href=""https://eur-lex.europa.eu/legal-content/EN/TXT/?uri=uriserv:OJ.L_.2019.169.01.0045.01.ENG&toc=OJ:L:2019:169:TOC"">Regulation (EU) 2019/1021 of the European Parliament and of the Council of 20 June 2019 on persistent organic pollutants</a>","Annex I, part A#Annex III, part B#Annex IV",12-Nov-2020
[No public or meaningful name is available],,-,-,Yes,19-Jun-2012,"<a href=""https://eur-lex.europa.eu/legal-content/EN/TXT/?uri=uriserv:OJ.L_.2012.159.01.0001.01.ENG&toc=OJ:L:2012:159:TOC"">Commission Regulation (EU) No 519/2012 of 19 June 2012 amending Regulation (EC) No 850/2004 as regards as Annex I</a>#<a href=""https://eur-lex.europa.eu/legal-content/EN/TXT/?uri=uriserv:OJ.L_.2014.363.01.0067.01.ENG&toc=OJ:L:2014:363:TOC"">Commission Regulation (EU) No 1342/2014 of 17 December 2014 amending Regulation (EC) No 850/2004  as regards Annexes IV and V</a>#<a href=""https://eur-lex.europa.eu/legal-content/EN/TXT/?uri=uriserv:OJ.L_.2019.169.01.0045.01.ENG&toc=OJ:L:2019:169:TOC"">Regulation (EU) 2019/1021 of the European Parliament and of the Council of 20 June 2019 on persistent organic pollutants</a>","Annex I, part A#Annex III, part B#Annex IV",12-Nov-2020
[No public or meaningful name is available],,-,-,Yes,19-Jun-2012,"<a href=""https://eur-lex.europa.eu/legal-content/EN/TXT/?uri=uriserv:OJ.L_.2012.159.01.0001.01.ENG&toc=OJ:L:2012:159:TOC"">Commission Regulation (EU) No 519/2012 of 19 June 2012 amending Regulation (EC) No 850/2004 as regards as Annex I</a>#<a href=""https://eur-lex.europa.eu/legal-content/EN/TXT/?uri=uriserv:OJ.L_.2014.363.01.0067.01.ENG&toc=OJ:L:2014:363:TOC"">Commission Regulation (EU) No 1342/2014 of 17 December 2014 amending Regulation (EC) No 850/2004  as regards Annexes IV and V</a>#<a href=""https://eur-lex.europa.eu/legal-content/EN/TXT/?uri=uriserv:OJ.L_.2019.169.01.0045.01.ENG&toc=OJ:L:2019:169:TOC"">Regulation (EU) 2019/1021 of the European Parliament and of the Council of 20 June 2019 on persistent organic pollutants</a>","Annex I, part A#Annex III, part B#Annex IV",12-Nov-2020
[No public or meaningful name is available],,-,-,Yes,19-Jun-2012,"<a href=""https://eur-lex.europa.eu/legal-content/EN/TXT/?uri=uriserv:OJ.L_.2012.159.01.0001.01.ENG&toc=OJ:L:2012:159:TOC"">Commission Regulation (EU) No 519/2012 of 19 June 2012 amending Regulation (EC) No 850/2004 as regards as Annex I</a>#<a href=""https://eur-lex.europa.eu/legal-content/EN/TXT/?uri=uriserv:OJ.L_.2014.363.01.0067.01.ENG&toc=OJ:L:2014:363:TOC"">Commission Regulation (EU) No 1342/2014 of 17 December 2014 amending Regulation (EC) No 850/2004  as regards Annexes IV and V</a>#<a href=""https://eur-lex.europa.eu/legal-content/EN/TXT/?uri=uriserv:OJ.L_.2019.169.01.0045.01.ENG&toc=OJ:L:2019:169:TOC"">Regulation (EU) 2019/1021 of the European Parliament and of the Council of 20 June 2019 on persistent organic pollutants</a>","Annex I, part A#Annex III, part B#Annex IV",12-Nov-2020
[No public or meaningful name is available],,-,-,Yes,19-Jun-2012,"<a href=""https://eur-lex.europa.eu/legal-content/EN/TXT/?uri=uriserv:OJ.L_.2012.159.01.0001.01.ENG&toc=OJ:L:2012:159:TOC"">Commission Regulation (EU) No 519/2012 of 19 June 2012 amending Regulation (EC) No 850/2004 as regards as Annex I</a>#<a href=""https://eur-lex.europa.eu/legal-content/EN/TXT/?uri=uriserv:OJ.L_.2014.363.01.0067.01.ENG&toc=OJ:L:2014:363:TOC"">Commission Regulation (EU) No 1342/2014 of 17 December 2014 amending Regulation (EC) No 850/2004  as regards Annexes IV and V</a>#<a href=""https://eur-lex.europa.eu/legal-content/EN/TXT/?uri=uriserv:OJ.L_.2019.169.01.0045.01.ENG&toc=OJ:L:2019:169:TOC"">Regulation (EU) 2019/1021 of the European Parliament and of the Council of 20 June 2019 on persistent organic pollutants</a>","Annex I, part A#Annex III, part B#Annex IV",12-Nov-2020
[No public or meaningful name is available],,-,-,Yes,19-Jun-2012,"<a href=""https://eur-lex.europa.eu/legal-content/EN/TXT/?uri=uriserv:OJ.L_.2012.159.01.0001.01.ENG&toc=OJ:L:2012:159:TOC"">Commission Regulation (EU) No 519/2012 of 19 June 2012 amending Regulation (EC) No 850/2004 as regards as Annex I</a>#<a href=""https://eur-lex.europa.eu/legal-content/EN/TXT/?uri=uriserv:OJ.L_.2014.363.01.0067.01.ENG&toc=OJ:L:2014:363:TOC"">Commission Regulation (EU) No 1342/2014 of 17 December 2014 amending Regulation (EC) No 850/2004  as regards Annexes IV and V</a>#<a href=""https://eur-lex.europa.eu/legal-content/EN/TXT/?uri=uriserv:OJ.L_.2019.169.01.0045.01.ENG&toc=OJ:L:2019:169:TOC"">Regulation (EU) 2019/1021 of the European Parliament and of the Council of 20 June 2019 on persistent organic pollutants</a>","Annex I, part A#Annex III, part B#Annex IV",12-Nov-2020
[No public or meaningful name is available],,-,-,Yes,19-Jun-2012,"<a href=""https://eur-lex.europa.eu/legal-content/EN/TXT/?uri=uriserv:OJ.L_.2012.159.01.0001.01.ENG&toc=OJ:L:2012:159:TOC"">Commission Regulation (EU) No 519/2012 of 19 June 2012 amending Regulation (EC) No 850/2004 as regards as Annex I</a>#<a href=""https://eur-lex.europa.eu/legal-content/EN/TXT/?uri=uriserv:OJ.L_.2014.363.01.0067.01.ENG&toc=OJ:L:2014:363:TOC"">Commission Regulation (EU) No 1342/2014 of 17 December 2014 amending Regulation (EC) No 850/2004  as regards Annexes IV and V</a>#<a href=""https://eur-lex.europa.eu/legal-content/EN/TXT/?uri=uriserv:OJ.L_.2019.169.01.0045.01.ENG&toc=OJ:L:2019:169:TOC"">Regulation (EU) 2019/1021 of the European Parliament and of the Council of 20 June 2019 on persistent organic pollutants</a>","Annex I, part A#Annex III, part B#Annex IV",12-Nov-2020
[No public or meaningful name is available],,-,-,Yes,19-Jun-2012,"<a href=""https://eur-lex.europa.eu/legal-content/EN/TXT/?uri=uriserv:OJ.L_.2012.159.01.0001.01.ENG&toc=OJ:L:2012:159:TOC"">Commission Regulation (EU) No 519/2012 of 19 June 2012 amending Regulation (EC) No 850/2004 as regards as Annex I</a>#<a href=""https://eur-lex.europa.eu/legal-content/EN/TXT/?uri=uriserv:OJ.L_.2014.363.01.0067.01.ENG&toc=OJ:L:2014:363:TOC"">Commission Regulation (EU) No 1342/2014 of 17 December 2014 amending Regulation (EC) No 850/2004  as regards Annexes IV and V</a>#<a href=""https://eur-lex.europa.eu/legal-content/EN/TXT/?uri=uriserv:OJ.L_.2019.169.01.0045.01.ENG&toc=OJ:L:2019:169:TOC"">Regulation (EU) 2019/1021 of the European Parliament and of the Council of 20 June 2019 on persistent organic pollutants</a>","Annex I, part A#Annex III, part B#Annex IV",12-Nov-2020
[No public or meaningful name is available],,-,-,Yes,19-Jun-2012,"<a href=""https://eur-lex.europa.eu/legal-content/EN/TXT/?uri=uriserv:OJ.L_.2012.159.01.0001.01.ENG&toc=OJ:L:2012:159:TOC"">Commission Regulation (EU) No 519/2012 of 19 June 2012 amending Regulation (EC) No 850/2004 as regards as Annex I</a>#<a href=""https://eur-lex.europa.eu/legal-content/EN/TXT/?uri=uriserv:OJ.L_.2014.363.01.0067.01.ENG&toc=OJ:L:2014:363:TOC"">Commission Regulation (EU) No 1342/2014 of 17 December 2014 amending Regulation (EC) No 850/2004  as regards Annexes IV and V</a>#<a href=""https://eur-lex.europa.eu/legal-content/EN/TXT/?uri=uriserv:OJ.L_.2019.169.01.0045.01.ENG&toc=OJ:L:2019:169:TOC"">Regulation (EU) 2019/1021 of the European Parliament and of the Council of 20 June 2019 on persistent organic pollutants</a>","Annex I, part A#Annex III, part B#Annex IV",12-Nov-2020
[No public or meaningful name is available],,-,-,Yes,19-Jun-2012,"<a href=""https://eur-lex.europa.eu/legal-content/EN/TXT/?uri=uriserv:OJ.L_.2012.159.01.0001.01.ENG&toc=OJ:L:2012:159:TOC"">Commission Regulation (EU) No 519/2012 of 19 June 2012 amending Regulation (EC) No 850/2004 as regards as Annex I</a>#<a href=""https://eur-lex.europa.eu/legal-content/EN/TXT/?uri=uriserv:OJ.L_.2014.363.01.0067.01.ENG&toc=OJ:L:2014:363:TOC"">Commission Regulation (EU) No 1342/2014 of 17 December 2014 amending Regulation (EC) No 850/2004  as regards Annexes IV and V</a>#<a href=""https://eur-lex.europa.eu/legal-content/EN/TXT/?uri=uriserv:OJ.L_.2019.169.01.0045.01.ENG&toc=OJ:L:2019:169:TOC"">Regulation (EU) 2019/1021 of the European Parliament and of the Council of 20 June 2019 on persistent organic pollutants</a>","Annex I, part A#Annex III, part B#Annex IV",12-Nov-2020
[No public or meaningful name is available],,-,-,Yes,19-Jun-2012,"<a href=""https://eur-lex.europa.eu/legal-content/EN/TXT/?uri=uriserv:OJ.L_.2012.159.01.0001.01.ENG&toc=OJ:L:2012:159:TOC"">Commission Regulation (EU) No 519/2012 of 19 June 2012 amending Regulation (EC) No 850/2004 as regards as Annex I</a>#<a href=""https://eur-lex.europa.eu/legal-content/EN/TXT/?uri=uriserv:OJ.L_.2014.363.01.0067.01.ENG&toc=OJ:L:2014:363:TOC"">Commission Regulation (EU) No 1342/2014 of 17 December 2014 amending Regulation (EC) No 850/2004  as regards Annexes IV and V</a>#<a href=""https://eur-lex.europa.eu/legal-content/EN/TXT/?uri=uriserv:OJ.L_.2019.169.01.0045.01.ENG&toc=OJ:L:2019:169:TOC"">Regulation (EU) 2019/1021 of the European Parliament and of the Council of 20 June 2019 on persistent organic pollutants</a>","Annex I, part A#Annex III, part B#Annex IV",12-Nov-2020
[No public or meaningful name is available],,-,-,Yes,19-Jun-2012,"<a href=""https://eur-lex.europa.eu/legal-content/EN/TXT/?uri=uriserv:OJ.L_.2012.159.01.0001.01.ENG&toc=OJ:L:2012:159:TOC"">Commission Regulation (EU) No 519/2012 of 19 June 2012 amending Regulation (EC) No 850/2004 as regards as Annex I</a>#<a href=""https://eur-lex.europa.eu/legal-content/EN/TXT/?uri=uriserv:OJ.L_.2014.363.01.0067.01.ENG&toc=OJ:L:2014:363:TOC"">Commission Regulation (EU) No 1342/2014 of 17 December 2014 amending Regulation (EC) No 850/2004  as regards Annexes IV and V</a>#<a href=""https://eur-lex.europa.eu/legal-content/EN/TXT/?uri=uriserv:OJ.L_.2019.169.01.0045.01.ENG&toc=OJ:L:2019:169:TOC"">Regulation (EU) 2019/1021 of the European Parliament and of the Council of 20 June 2019 on persistent organic pollutants</a>","Annex I, part A#Annex III, part B#Annex IV",12-Nov-2020
[No public or meaningful name is available],,-,-,Yes,19-Jun-2012,"<a href=""https://eur-lex.europa.eu/legal-content/EN/TXT/?uri=uriserv:OJ.L_.2012.159.01.0001.01.ENG&toc=OJ:L:2012:159:TOC"">Commission Regulation (EU) No 519/2012 of 19 June 2012 amending Regulation (EC) No 850/2004 as regards as Annex I</a>#<a href=""https://eur-lex.europa.eu/legal-content/EN/TXT/?uri=uriserv:OJ.L_.2014.363.01.0067.01.ENG&toc=OJ:L:2014:363:TOC"">Commission Regulation (EU) No 1342/2014 of 17 December 2014 amending Regulation (EC) No 850/2004  as regards Annexes IV and V</a>#<a href=""https://eur-lex.europa.eu/legal-content/EN/TXT/?uri=uriserv:OJ.L_.2019.169.01.0045.01.ENG&toc=OJ:L:2019:169:TOC"">Regulation (EU) 2019/1021 of the European Parliament and of the Council of 20 June 2019 on persistent organic pollutants</a>","Annex I, part A#Annex III, part B#Annex IV",12-Nov-2020
[No public or meaningful name is available],,-,-,Yes,19-Jun-2012,"<a href=""https://eur-lex.europa.eu/legal-content/EN/TXT/?uri=uriserv:OJ.L_.2012.159.01.0001.01.ENG&toc=OJ:L:2012:159:TOC"">Commission Regulation (EU) No 519/2012 of 19 June 2012 amending Regulation (EC) No 850/2004 as regards as Annex I</a>#<a href=""https://eur-lex.europa.eu/legal-content/EN/TXT/?uri=uriserv:OJ.L_.2014.363.01.0067.01.ENG&toc=OJ:L:2014:363:TOC"">Commission Regulation (EU) No 1342/2014 of 17 December 2014 amending Regulation (EC) No 850/2004  as regards Annexes IV and V</a>#<a href=""https://eur-lex.europa.eu/legal-content/EN/TXT/?uri=uriserv:OJ.L_.2019.169.01.0045.01.ENG&toc=OJ:L:2019:169:TOC"">Regulation (EU) 2019/1021 of the European Parliament and of the Council of 20 June 2019 on persistent organic pollutants</a>","Annex I, part A#Annex III, part B#Annex IV",12-Nov-2020
[No public or meaningful name is available],,-,-,Yes,19-Jun-2012,"<a href=""https://eur-lex.europa.eu/legal-content/EN/TXT/?uri=uriserv:OJ.L_.2012.159.01.0001.01.ENG&toc=OJ:L:2012:159:TOC"">Commission Regulation (EU) No 519/2012 of 19 June 2012 amending Regulation (EC) No 850/2004 as regards as Annex I</a>#<a href=""https://eur-lex.europa.eu/legal-content/EN/TXT/?uri=uriserv:OJ.L_.2014.363.01.0067.01.ENG&toc=OJ:L:2014:363:TOC"">Commission Regulation (EU) No 1342/2014 of 17 December 2014 amending Regulation (EC) No 850/2004  as regards Annexes IV and V</a>#<a href=""https://eur-lex.europa.eu/legal-content/EN/TXT/?uri=uriserv:OJ.L_.2019.169.01.0045.01.ENG&toc=OJ:L:2019:169:TOC"">Regulation (EU) 2019/1021 of the European Parliament and of the Council of 20 June 2019 on persistent organic pollutants</a>","Annex I, part A#Annex III, part B#Annex IV",12-Nov-2020
[No public or meaningful name is available],,-,-,Yes,19-Jun-2012,"<a href=""https://eur-lex.europa.eu/legal-content/EN/TXT/?uri=uriserv:OJ.L_.2012.159.01.0001.01.ENG&toc=OJ:L:2012:159:TOC"">Commission Regulation (EU) No 519/2012 of 19 June 2012 amending Regulation (EC) No 850/2004 as regards as Annex I</a>#<a href=""https://eur-lex.europa.eu/legal-content/EN/TXT/?uri=uriserv:OJ.L_.2014.363.01.0067.01.ENG&toc=OJ:L:2014:363:TOC"">Commission Regulation (EU) No 1342/2014 of 17 December 2014 amending Regulation (EC) No 850/2004  as regards Annexes IV and V</a>#<a href=""https://eur-lex.europa.eu/legal-content/EN/TXT/?uri=uriserv:OJ.L_.2019.169.01.0045.01.ENG&toc=OJ:L:2019:169:TOC"">Regulation (EU) 2019/1021 of the European Parliament and of the Council of 20 June 2019 on persistent organic pollutants</a>","Annex I, part A#Annex III, part B#Annex IV",12-Nov-2020
[No public or meaningful name is available],,-,-,Yes,19-Jun-2012,"<a href=""https://eur-lex.europa.eu/legal-content/EN/TXT/?uri=uriserv:OJ.L_.2012.159.01.0001.01.ENG&toc=OJ:L:2012:159:TOC"">Commission Regulation (EU) No 519/2012 of 19 June 2012 amending Regulation (EC) No 850/2004 as regards as Annex I</a>#<a href=""https://eur-lex.europa.eu/legal-content/EN/TXT/?uri=uriserv:OJ.L_.2014.363.01.0067.01.ENG&toc=OJ:L:2014:363:TOC"">Commission Regulation (EU) No 1342/2014 of 17 December 2014 amending Regulation (EC) No 850/2004  as regards Annexes IV and V</a>#<a href=""https://eur-lex.europa.eu/legal-content/EN/TXT/?uri=uriserv:OJ.L_.2019.169.01.0045.01.ENG&toc=OJ:L:2019:169:TOC"">Regulation (EU) 2019/1021 of the European Parliament and of the Council of 20 June 2019 on persistent organic pollutants</a>","Annex I, part A#Annex III, part B#Annex IV",12-Nov-2020
[No public or meaningful name is available],,-,-,Yes,19-Jun-2012,"<a href=""https://eur-lex.europa.eu/legal-content/EN/TXT/?uri=uriserv:OJ.L_.2012.159.01.0001.01.ENG&toc=OJ:L:2012:159:TOC"">Commission Regulation (EU) No 519/2012 of 19 June 2012 amending Regulation (EC) No 850/2004 as regards as Annex I</a>#<a href=""https://eur-lex.europa.eu/legal-content/EN/TXT/?uri=uriserv:OJ.L_.2014.363.01.0067.01.ENG&toc=OJ:L:2014:363:TOC"">Commission Regulation (EU) No 1342/2014 of 17 December 2014 amending Regulation (EC) No 850/2004  as regards Annexes IV and V</a>#<a href=""https://eur-lex.europa.eu/legal-content/EN/TXT/?uri=uriserv:OJ.L_.2019.169.01.0045.01.ENG&toc=OJ:L:2019:169:TOC"">Regulation (EU) 2019/1021 of the European Parliament and of the Council of 20 June 2019 on persistent organic pollutants</a>","Annex I, part A#Annex III, part B#Annex IV",12-Nov-2020
[No public or meaningful name is available],,-,-,Yes,19-Jun-2012,"<a href=""https://eur-lex.europa.eu/legal-content/EN/TXT/?uri=uriserv:OJ.L_.2012.159.01.0001.01.ENG&toc=OJ:L:2012:159:TOC"">Commission Regulation (EU) No 519/2012 of 19 June 2012 amending Regulation (EC) No 850/2004 as regards as Annex I</a>#<a href=""https://eur-lex.europa.eu/legal-content/EN/TXT/?uri=uriserv:OJ.L_.2014.363.01.0067.01.ENG&toc=OJ:L:2014:363:TOC"">Commission Regulation (EU) No 1342/2014 of 17 December 2014 amending Regulation (EC) No 850/2004  as regards Annexes IV and V</a>#<a href=""https://eur-lex.europa.eu/legal-content/EN/TXT/?uri=uriserv:OJ.L_.2019.169.01.0045.01.ENG&toc=OJ:L:2019:169:TOC"">Regulation (EU) 2019/1021 of the European Parliament and of the Council of 20 June 2019 on persistent organic pollutants</a>","Annex I, part A#Annex III, part B#Annex IV",12-Nov-2020
[No public or meaningful name is available],,-,-,Yes,19-Jun-2012,"<a href=""https://eur-lex.europa.eu/legal-content/EN/TXT/?uri=uriserv:OJ.L_.2012.159.01.0001.01.ENG&toc=OJ:L:2012:159:TOC"">Commission Regulation (EU) No 519/2012 of 19 June 2012 amending Regulation (EC) No 850/2004 as regards as Annex I</a>#<a href=""https://eur-lex.europa.eu/legal-content/EN/TXT/?uri=uriserv:OJ.L_.2014.363.01.0067.01.ENG&toc=OJ:L:2014:363:TOC"">Commission Regulation (EU) No 1342/2014 of 17 December 2014 amending Regulation (EC) No 850/2004  as regards Annexes IV and V</a>#<a href=""https://eur-lex.europa.eu/legal-content/EN/TXT/?uri=uriserv:OJ.L_.2019.169.01.0045.01.ENG&toc=OJ:L:2019:169:TOC"">Regulation (EU) 2019/1021 of the European Parliament and of the Council of 20 June 2019 on persistent organic pollutants</a>","Annex I, part A#Annex III, part B#Annex IV",12-Nov-2020
[No public or meaningful name is available],,-,-,Yes,19-Jun-2012,"<a href=""https://eur-lex.europa.eu/legal-content/EN/TXT/?uri=uriserv:OJ.L_.2012.159.01.0001.01.ENG&toc=OJ:L:2012:159:TOC"">Commission Regulation (EU) No 519/2012 of 19 June 2012 amending Regulation (EC) No 850/2004 as regards as Annex I</a>#<a href=""https://eur-lex.europa.eu/legal-content/EN/TXT/?uri=uriserv:OJ.L_.2014.363.01.0067.01.ENG&toc=OJ:L:2014:363:TOC"">Commission Regulation (EU) No 1342/2014 of 17 December 2014 amending Regulation (EC) No 850/2004  as regards Annexes IV and V</a>#<a href=""https://eur-lex.europa.eu/legal-content/EN/TXT/?uri=uriserv:OJ.L_.2019.169.01.0045.01.ENG&toc=OJ:L:2019:169:TOC"">Regulation (EU) 2019/1021 of the European Parliament and of the Council of 20 June 2019 on persistent organic pollutants</a>","Annex I, part A#Annex III, part B#Annex IV",12-Nov-2020
[No public or meaningful name is available],,-,-,Yes,19-Jun-2012,"<a href=""https://eur-lex.europa.eu/legal-content/EN/TXT/?uri=uriserv:OJ.L_.2012.159.01.0001.01.ENG&toc=OJ:L:2012:159:TOC"">Commission Regulation (EU) No 519/2012 of 19 June 2012 amending Regulation (EC) No 850/2004 as regards as Annex I</a>#<a href=""https://eur-lex.europa.eu/legal-content/EN/TXT/?uri=uriserv:OJ.L_.2014.363.01.0067.01.ENG&toc=OJ:L:2014:363:TOC"">Commission Regulation (EU) No 1342/2014 of 17 December 2014 amending Regulation (EC) No 850/2004  as regards Annexes IV and V</a>#<a href=""https://eur-lex.europa.eu/legal-content/EN/TXT/?uri=uriserv:OJ.L_.2019.169.01.0045.01.ENG&toc=OJ:L:2019:169:TOC"">Regulation (EU) 2019/1021 of the European Parliament and of the Council of 20 June 2019 on persistent organic pollutants</a>","Annex I, part A#Annex III, part B#Annex IV",12-Nov-2020
[No public or meaningful name is available],,-,-,Yes,19-Jun-2012,"<a href=""https://eur-lex.europa.eu/legal-content/EN/TXT/?uri=uriserv:OJ.L_.2012.159.01.0001.01.ENG&toc=OJ:L:2012:159:TOC"">Commission Regulation (EU) No 519/2012 of 19 June 2012 amending Regulation (EC) No 850/2004 as regards as Annex I</a>#<a href=""https://eur-lex.europa.eu/legal-content/EN/TXT/?uri=uriserv:OJ.L_.2014.363.01.0067.01.ENG&toc=OJ:L:2014:363:TOC"">Commission Regulation (EU) No 1342/2014 of 17 December 2014 amending Regulation (EC) No 850/2004  as regards Annexes IV and V</a>#<a href=""https://eur-lex.europa.eu/legal-content/EN/TXT/?uri=uriserv:OJ.L_.2019.169.01.0045.01.ENG&toc=OJ:L:2019:169:TOC"">Regulation (EU) 2019/1021 of the European Parliament and of the Council of 20 June 2019 on persistent organic pollutants</a>","Annex I, part A#Annex III, part B#Annex IV",12-Nov-2020
[No public or meaningful name is available],,-,-,Yes,19-Jun-2012,"<a href=""https://eur-lex.europa.eu/legal-content/EN/TXT/?uri=uriserv:OJ.L_.2012.159.01.0001.01.ENG&toc=OJ:L:2012:159:TOC"">Commission Regulation (EU) No 519/2012 of 19 June 2012 amending Regulation (EC) No 850/2004 as regards as Annex I</a>#<a href=""https://eur-lex.europa.eu/legal-content/EN/TXT/?uri=uriserv:OJ.L_.2014.363.01.0067.01.ENG&toc=OJ:L:2014:363:TOC"">Commission Regulation (EU) No 1342/2014 of 17 December 2014 amending Regulation (EC) No 850/2004  as regards Annexes IV and V</a>#<a href=""https://eur-lex.europa.eu/legal-content/EN/TXT/?uri=uriserv:OJ.L_.2019.169.01.0045.01.ENG&toc=OJ:L:2019:169:TOC"">Regulation (EU) 2019/1021 of the European Parliament and of the Council of 20 June 2019 on persistent organic pollutants</a>","Annex I, part A#Annex III, part B#Annex IV",12-Nov-2020
[No public or meaningful name is available],,-,-,Yes,19-Jun-2012,"<a href=""https://eur-lex.europa.eu/legal-content/EN/TXT/?uri=uriserv:OJ.L_.2012.159.01.0001.01.ENG&toc=OJ:L:2012:159:TOC"">Commission Regulation (EU) No 519/2012 of 19 June 2012 amending Regulation (EC) No 850/2004 as regards as Annex I</a>#<a href=""https://eur-lex.europa.eu/legal-content/EN/TXT/?uri=uriserv:OJ.L_.2014.363.01.0067.01.ENG&toc=OJ:L:2014:363:TOC"">Commission Regulation (EU) No 1342/2014 of 17 December 2014 amending Regulation (EC) No 850/2004  as regards Annexes IV and V</a>#<a href=""https://eur-lex.europa.eu/legal-content/EN/TXT/?uri=uriserv:OJ.L_.2019.169.01.0045.01.ENG&toc=OJ:L:2019:169:TOC"">Regulation (EU) 2019/1021 of the European Parliament and of the Council of 20 June 2019 on persistent organic pollutants</a>","Annex I, part A#Annex III, part B#Annex IV",12-Nov-2020
[No public or meaningful name is available],,-,-,Yes,19-Jun-2012,"<a href=""https://eur-lex.europa.eu/legal-content/EN/TXT/?uri=uriserv:OJ.L_.2012.159.01.0001.01.ENG&toc=OJ:L:2012:159:TOC"">Commission Regulation (EU) No 519/2012 of 19 June 2012 amending Regulation (EC) No 850/2004 as regards as Annex I</a>#<a href=""https://eur-lex.europa.eu/legal-content/EN/TXT/?uri=uriserv:OJ.L_.2014.363.01.0067.01.ENG&toc=OJ:L:2014:363:TOC"">Commission Regulation (EU) No 1342/2014 of 17 December 2014 amending Regulation (EC) No 850/2004  as regards Annexes IV and V</a>#<a href=""https://eur-lex.europa.eu/legal-content/EN/TXT/?uri=uriserv:OJ.L_.2019.169.01.0045.01.ENG&toc=OJ:L:2019:169:TOC"">Regulation (EU) 2019/1021 of the European Parliament and of the Council of 20 June 2019 on persistent organic pollutants</a>","Annex I, part A#Annex III, part B#Annex IV",12-Nov-2020
[No public or meaningful name is available],,-,-,Yes,19-Jun-2012,"<a href=""https://eur-lex.europa.eu/legal-content/EN/TXT/?uri=uriserv:OJ.L_.2012.159.01.0001.01.ENG&toc=OJ:L:2012:159:TOC"">Commission Regulation (EU) No 519/2012 of 19 June 2012 amending Regulation (EC) No 850/2004 as regards as Annex I</a>#<a href=""https://eur-lex.europa.eu/legal-content/EN/TXT/?uri=uriserv:OJ.L_.2014.363.01.0067.01.ENG&toc=OJ:L:2014:363:TOC"">Commission Regulation (EU) No 1342/2014 of 17 December 2014 amending Regulation (EC) No 850/2004  as regards Annexes IV and V</a>#<a href=""https://eur-lex.europa.eu/legal-content/EN/TXT/?uri=uriserv:OJ.L_.2019.169.01.0045.01.ENG&toc=OJ:L:2019:169:TOC"">Regulation (EU) 2019/1021 of the European Parliament and of the Council of 20 June 2019 on persistent organic pollutants</a>","Annex I, part A#Annex III, part B#Annex IV",12-Nov-2020
[No public or meaningful name is available],,-,-,Yes,19-Jun-2012,"<a href=""https://eur-lex.europa.eu/legal-content/EN/TXT/?uri=uriserv:OJ.L_.2012.159.01.0001.01.ENG&toc=OJ:L:2012:159:TOC"">Commission Regulation (EU) No 519/2012 of 19 June 2012 amending Regulation (EC) No 850/2004 as regards as Annex I</a>#<a href=""https://eur-lex.europa.eu/legal-content/EN/TXT/?uri=uriserv:OJ.L_.2014.363.01.0067.01.ENG&toc=OJ:L:2014:363:TOC"">Commission Regulation (EU) No 1342/2014 of 17 December 2014 amending Regulation (EC) No 850/2004  as regards Annexes IV and V</a>#<a href=""https://eur-lex.europa.eu/legal-content/EN/TXT/?uri=uriserv:OJ.L_.2019.169.01.0045.01.ENG&toc=OJ:L:2019:169:TOC"">Regulation (EU) 2019/1021 of the European Parliament and of the Council of 20 June 2019 on persistent organic pollutants</a>","Annex I, part A#Annex III, part B#Annex IV",12-Nov-2020
[No public or meaningful name is available],,-,-,Yes,19-Jun-2012,"<a href=""https://eur-lex.europa.eu/legal-content/EN/TXT/?uri=uriserv:OJ.L_.2012.159.01.0001.01.ENG&toc=OJ:L:2012:159:TOC"">Commission Regulation (EU) No 519/2012 of 19 June 2012 amending Regulation (EC) No 850/2004 as regards as Annex I</a>#<a href=""https://eur-lex.europa.eu/legal-content/EN/TXT/?uri=uriserv:OJ.L_.2014.363.01.0067.01.ENG&toc=OJ:L:2014:363:TOC"">Commission Regulation (EU) No 1342/2014 of 17 December 2014 amending Regulation (EC) No 850/2004  as regards Annexes IV and V</a>#<a href=""https://eur-lex.europa.eu/legal-content/EN/TXT/?uri=uriserv:OJ.L_.2019.169.01.0045.01.ENG&toc=OJ:L:2019:169:TOC"">Regulation (EU) 2019/1021 of the European Parliament and of the Council of 20 June 2019 on persistent organic pollutants</a>","Annex I, part A#Annex III, part B#Annex IV",12-Nov-2020
[No public or meaningful name is available],,-,-,Yes,19-Jun-2012,"<a href=""https://eur-lex.europa.eu/legal-content/EN/TXT/?uri=uriserv:OJ.L_.2012.159.01.0001.01.ENG&toc=OJ:L:2012:159:TOC"">Commission Regulation (EU) No 519/2012 of 19 June 2012 amending Regulation (EC) No 850/2004 as regards as Annex I</a>#<a href=""https://eur-lex.europa.eu/legal-content/EN/TXT/?uri=uriserv:OJ.L_.2014.363.01.0067.01.ENG&toc=OJ:L:2014:363:TOC"">Commission Regulation (EU) No 1342/2014 of 17 December 2014 amending Regulation (EC) No 850/2004  as regards Annexes IV and V</a>#<a href=""https://eur-lex.europa.eu/legal-content/EN/TXT/?uri=uriserv:OJ.L_.2019.169.01.0045.01.ENG&toc=OJ:L:2019:169:TOC"">Regulation (EU) 2019/1021 of the European Parliament and of the Council of 20 June 2019 on persistent organic pollutants</a>","Annex I, part A#Annex III, part B#Annex IV",12-Nov-2020
[No public or meaningful name is available],,-,-,Yes,19-Jun-2012,"<a href=""https://eur-lex.europa.eu/legal-content/EN/TXT/?uri=uriserv:OJ.L_.2012.159.01.0001.01.ENG&toc=OJ:L:2012:159:TOC"">Commission Regulation (EU) No 519/2012 of 19 June 2012 amending Regulation (EC) No 850/2004 as regards as Annex I</a>#<a href=""https://eur-lex.europa.eu/legal-content/EN/TXT/?uri=uriserv:OJ.L_.2014.363.01.0067.01.ENG&toc=OJ:L:2014:363:TOC"">Commission Regulation (EU) No 1342/2014 of 17 December 2014 amending Regulation (EC) No 850/2004  as regards Annexes IV and V</a>#<a href=""https://eur-lex.europa.eu/legal-content/EN/TXT/?uri=uriserv:OJ.L_.2019.169.01.0045.01.ENG&toc=OJ:L:2019:169:TOC"">Regulation (EU) 2019/1021 of the European Parliament and of the Council of 20 June 2019 on persistent organic pollutants</a>","Annex I, part A#Annex III, part B#Annex IV",12-Nov-2020
[No public or meaningful name is available],,-,-,Yes,19-Jun-2012,"<a href=""https://eur-lex.europa.eu/legal-content/EN/TXT/?uri=uriserv:OJ.L_.2012.159.01.0001.01.ENG&toc=OJ:L:2012:159:TOC"">Commission Regulation (EU) No 519/2012 of 19 June 2012 amending Regulation (EC) No 850/2004 as regards as Annex I</a>#<a href=""https://eur-lex.europa.eu/legal-content/EN/TXT/?uri=uriserv:OJ.L_.2014.363.01.0067.01.ENG&toc=OJ:L:2014:363:TOC"">Commission Regulation (EU) No 1342/2014 of 17 December 2014 amending Regulation (EC) No 850/2004  as regards Annexes IV and V</a>#<a href=""https://eur-lex.europa.eu/legal-content/EN/TXT/?uri=uriserv:OJ.L_.2019.169.01.0045.01.ENG&toc=OJ:L:2019:169:TOC"">Regulation (EU) 2019/1021 of the European Parliament and of the Council of 20 June 2019 on persistent organic pollutants</a>","Annex I, part A#Annex III, part B#Annex IV",12-Nov-2020
[No public or meaningful name is available],,-,-,Yes,19-Jun-2012,"<a href=""https://eur-lex.europa.eu/legal-content/EN/TXT/?uri=uriserv:OJ.L_.2012.159.01.0001.01.ENG&toc=OJ:L:2012:159:TOC"">Commission Regulation (EU) No 519/2012 of 19 June 2012 amending Regulation (EC) No 850/2004 as regards as Annex I</a>#<a href=""https://eur-lex.europa.eu/legal-content/EN/TXT/?uri=uriserv:OJ.L_.2014.363.01.0067.01.ENG&toc=OJ:L:2014:363:TOC"">Commission Regulation (EU) No 1342/2014 of 17 December 2014 amending Regulation (EC) No 850/2004  as regards Annexes IV and V</a>#<a href=""https://eur-lex.europa.eu/legal-content/EN/TXT/?uri=uriserv:OJ.L_.2019.169.01.0045.01.ENG&toc=OJ:L:2019:169:TOC"">Regulation (EU) 2019/1021 of the European Parliament and of the Council of 20 June 2019 on persistent organic pollutants</a>","Annex I, part A#Annex III, part B#Annex IV",12-Nov-2020
[No public or meaningful name is available],,-,-,Yes,19-Jun-2012,"<a href=""https://eur-lex.europa.eu/legal-content/EN/TXT/?uri=uriserv:OJ.L_.2012.159.01.0001.01.ENG&toc=OJ:L:2012:159:TOC"">Commission Regulation (EU) No 519/2012 of 19 June 2012 amending Regulation (EC) No 850/2004 as regards as Annex I</a>#<a href=""https://eur-lex.europa.eu/legal-content/EN/TXT/?uri=uriserv:OJ.L_.2014.363.01.0067.01.ENG&toc=OJ:L:2014:363:TOC"">Commission Regulation (EU) No 1342/2014 of 17 December 2014 amending Regulation (EC) No 850/2004  as regards Annexes IV and V</a>#<a href=""https://eur-lex.europa.eu/legal-content/EN/TXT/?uri=uriserv:OJ.L_.2019.169.01.0045.01.ENG&toc=OJ:L:2019:169:TOC"">Regulation (EU) 2019/1021 of the European Parliament and of the Council of 20 June 2019 on persistent organic pollutants</a>","Annex I, part A#Annex III, part B#Annex IV",12-Nov-2020
[No public or meaningful name is available],,-,-,Yes,19-Jun-2012,"<a href=""https://eur-lex.europa.eu/legal-content/EN/TXT/?uri=uriserv:OJ.L_.2012.159.01.0001.01.ENG&toc=OJ:L:2012:159:TOC"">Commission Regulation (EU) No 519/2012 of 19 June 2012 amending Regulation (EC) No 850/2004 as regards as Annex I</a>#<a href=""https://eur-lex.europa.eu/legal-content/EN/TXT/?uri=uriserv:OJ.L_.2014.363.01.0067.01.ENG&toc=OJ:L:2014:363:TOC"">Commission Regulation (EU) No 1342/2014 of 17 December 2014 amending Regulation (EC) No 850/2004  as regards Annexes IV and V</a>#<a href=""https://eur-lex.europa.eu/legal-content/EN/TXT/?uri=uriserv:OJ.L_.2019.169.01.0045.01.ENG&toc=OJ:L:2019:169:TOC"">Regulation (EU) 2019/1021 of the European Parliament and of the Council of 20 June 2019 on persistent organic pollutants</a>","Annex I, part A#Annex III, part B#Annex IV",12-Nov-2020
[No public or meaningful name is available],,-,-,Yes,19-Jun-2012,"<a href=""https://eur-lex.europa.eu/legal-content/EN/TXT/?uri=uriserv:OJ.L_.2012.159.01.0001.01.ENG&toc=OJ:L:2012:159:TOC"">Commission Regulation (EU) No 519/2012 of 19 June 2012 amending Regulation (EC) No 850/2004 as regards as Annex I</a>#<a href=""https://eur-lex.europa.eu/legal-content/EN/TXT/?uri=uriserv:OJ.L_.2014.363.01.0067.01.ENG&toc=OJ:L:2014:363:TOC"">Commission Regulation (EU) No 1342/2014 of 17 December 2014 amending Regulation (EC) No 850/2004  as regards Annexes IV and V</a>#<a href=""https://eur-lex.europa.eu/legal-content/EN/TXT/?uri=uriserv:OJ.L_.2019.169.01.0045.01.ENG&toc=OJ:L:2019:169:TOC"">Regulation (EU) 2019/1021 of the European Parliament and of the Council of 20 June 2019 on persistent organic pollutants</a>","Annex I, part A#Annex III, part B#Annex IV",12-Nov-2020
[No public or meaningful name is available],,-,-,Yes,19-Jun-2012,"<a href=""https://eur-lex.europa.eu/legal-content/EN/TXT/?uri=uriserv:OJ.L_.2012.159.01.0001.01.ENG&toc=OJ:L:2012:159:TOC"">Commission Regulation (EU) No 519/2012 of 19 June 2012 amending Regulation (EC) No 850/2004 as regards as Annex I</a>#<a href=""https://eur-lex.europa.eu/legal-content/EN/TXT/?uri=uriserv:OJ.L_.2014.363.01.0067.01.ENG&toc=OJ:L:2014:363:TOC"">Commission Regulation (EU) No 1342/2014 of 17 December 2014 amending Regulation (EC) No 850/2004  as regards Annexes IV and V</a>#<a href=""https://eur-lex.europa.eu/legal-content/EN/TXT/?uri=uriserv:OJ.L_.2019.169.01.0045.01.ENG&toc=OJ:L:2019:169:TOC"">Regulation (EU) 2019/1021 of the European Parliament and of the Council of 20 June 2019 on persistent organic pollutants</a>","Annex I, part A#Annex III, part B#Annex IV",12-Nov-2020
[No public or meaningful name is available],,-,-,Yes,19-Jun-2012,"<a href=""https://eur-lex.europa.eu/legal-content/EN/TXT/?uri=uriserv:OJ.L_.2012.159.01.0001.01.ENG&toc=OJ:L:2012:159:TOC"">Commission Regulation (EU) No 519/2012 of 19 June 2012 amending Regulation (EC) No 850/2004 as regards as Annex I</a>#<a href=""https://eur-lex.europa.eu/legal-content/EN/TXT/?uri=uriserv:OJ.L_.2014.363.01.0067.01.ENG&toc=OJ:L:2014:363:TOC"">Commission Regulation (EU) No 1342/2014 of 17 December 2014 amending Regulation (EC) No 850/2004  as regards Annexes IV and V</a>#<a href=""https://eur-lex.europa.eu/legal-content/EN/TXT/?uri=uriserv:OJ.L_.2019.169.01.0045.01.ENG&toc=OJ:L:2019:169:TOC"">Regulation (EU) 2019/1021 of the European Parliament and of the Council of 20 June 2019 on persistent organic pollutants</a>","Annex I, part A#Annex III, part B#Annex IV",12-Nov-2020
[No public or meaningful name is available],,-,-,Yes,19-Jun-2012,"<a href=""https://eur-lex.europa.eu/legal-content/EN/TXT/?uri=uriserv:OJ.L_.2012.159.01.0001.01.ENG&toc=OJ:L:2012:159:TOC"">Commission Regulation (EU) No 519/2012 of 19 June 2012 amending Regulation (EC) No 850/2004 as regards as Annex I</a>#<a href=""https://eur-lex.europa.eu/legal-content/EN/TXT/?uri=uriserv:OJ.L_.2014.363.01.0067.01.ENG&toc=OJ:L:2014:363:TOC"">Commission Regulation (EU) No 1342/2014 of 17 December 2014 amending Regulation (EC) No 850/2004  as regards Annexes IV and V</a>#<a href=""https://eur-lex.europa.eu/legal-content/EN/TXT/?uri=uriserv:OJ.L_.2019.169.01.0045.01.ENG&toc=OJ:L:2019:169:TOC"">Regulation (EU) 2019/1021 of the European Parliament and of the Council of 20 June 2019 on persistent organic pollutants</a>","Annex I, part A#Annex III, part B#Annex IV",12-Nov-2020
[No public or meaningful name is available],,-,-,Yes,19-Jun-2012,"<a href=""https://eur-lex.europa.eu/legal-content/EN/TXT/?uri=uriserv:OJ.L_.2012.159.01.0001.01.ENG&toc=OJ:L:2012:159:TOC"">Commission Regulation (EU) No 519/2012 of 19 June 2012 amending Regulation (EC) No 850/2004 as regards as Annex I</a>#<a href=""https://eur-lex.europa.eu/legal-content/EN/TXT/?uri=uriserv:OJ.L_.2014.363.01.0067.01.ENG&toc=OJ:L:2014:363:TOC"">Commission Regulation (EU) No 1342/2014 of 17 December 2014 amending Regulation (EC) No 850/2004  as regards Annexes IV and V</a>#<a href=""https://eur-lex.europa.eu/legal-content/EN/TXT/?uri=uriserv:OJ.L_.2019.169.01.0045.01.ENG&toc=OJ:L:2019:169:TOC"">Regulation (EU) 2019/1021 of the European Parliament and of the Council of 20 June 2019 on persistent organic pollutants</a>","Annex I, part A#Annex III, part B#Annex IV",12-Nov-2020
[No public or meaningful name is available],,-,-,Yes,19-Jun-2012,"<a href=""https://eur-lex.europa.eu/legal-content/EN/TXT/?uri=uriserv:OJ.L_.2012.159.01.0001.01.ENG&toc=OJ:L:2012:159:TOC"">Commission Regulation (EU) No 519/2012 of 19 June 2012 amending Regulation (EC) No 850/2004 as regards as Annex I</a>#<a href=""https://eur-lex.europa.eu/legal-content/EN/TXT/?uri=uriserv:OJ.L_.2014.363.01.0067.01.ENG&toc=OJ:L:2014:363:TOC"">Commission Regulation (EU) No 1342/2014 of 17 December 2014 amending Regulation (EC) No 850/2004  as regards Annexes IV and V</a>#<a href=""https://eur-lex.europa.eu/legal-content/EN/TXT/?uri=uriserv:OJ.L_.2019.169.01.0045.01.ENG&toc=OJ:L:2019:169:TOC"">Regulation (EU) 2019/1021 of the European Parliament and of the Council of 20 June 2019 on persistent organic pollutants</a>","Annex I, part A#Annex III, part B#Annex IV",12-Nov-2020
[No public or meaningful name is available],,-,-,Yes,19-Jun-2012,"<a href=""https://eur-lex.europa.eu/legal-content/EN/TXT/?uri=uriserv:OJ.L_.2012.159.01.0001.01.ENG&toc=OJ:L:2012:159:TOC"">Commission Regulation (EU) No 519/2012 of 19 June 2012 amending Regulation (EC) No 850/2004 as regards as Annex I</a>#<a href=""https://eur-lex.europa.eu/legal-content/EN/TXT/?uri=uriserv:OJ.L_.2014.363.01.0067.01.ENG&toc=OJ:L:2014:363:TOC"">Commission Regulation (EU) No 1342/2014 of 17 December 2014 amending Regulation (EC) No 850/2004  as regards Annexes IV and V</a>#<a href=""https://eur-lex.europa.eu/legal-content/EN/TXT/?uri=uriserv:OJ.L_.2019.169.01.0045.01.ENG&toc=OJ:L:2019:169:TOC"">Regulation (EU) 2019/1021 of the European Parliament and of the Council of 20 June 2019 on persistent organic pollutants</a>","Annex I, part A#Annex III, part B#Annex IV",12-Nov-2020
[No public or meaningful name is available],,-,-,Yes,19-Jun-2012,"<a href=""https://eur-lex.europa.eu/legal-content/EN/TXT/?uri=uriserv:OJ.L_.2012.159.01.0001.01.ENG&toc=OJ:L:2012:159:TOC"">Commission Regulation (EU) No 519/2012 of 19 June 2012 amending Regulation (EC) No 850/2004 as regards as Annex I</a>#<a href=""https://eur-lex.europa.eu/legal-content/EN/TXT/?uri=uriserv:OJ.L_.2014.363.01.0067.01.ENG&toc=OJ:L:2014:363:TOC"">Commission Regulation (EU) No 1342/2014 of 17 December 2014 amending Regulation (EC) No 850/2004  as regards Annexes IV and V</a>#<a href=""https://eur-lex.europa.eu/legal-content/EN/TXT/?uri=uriserv:OJ.L_.2019.169.01.0045.01.ENG&toc=OJ:L:2019:169:TOC"">Regulation (EU) 2019/1021 of the European Parliament and of the Council of 20 June 2019 on persistent organic pollutants</a>","Annex I, part A#Annex III, part B#Annex IV",12-Nov-2020
[No public or meaningful name is available],,-,-,Yes,19-Jun-2012,"<a href=""https://eur-lex.europa.eu/legal-content/EN/TXT/?uri=uriserv:OJ.L_.2012.159.01.0001.01.ENG&toc=OJ:L:2012:159:TOC"">Commission Regulation (EU) No 519/2012 of 19 June 2012 amending Regulation (EC) No 850/2004 as regards as Annex I</a>#<a href=""https://eur-lex.europa.eu/legal-content/EN/TXT/?uri=uriserv:OJ.L_.2014.363.01.0067.01.ENG&toc=OJ:L:2014:363:TOC"">Commission Regulation (EU) No 1342/2014 of 17 December 2014 amending Regulation (EC) No 850/2004  as regards Annexes IV and V</a>#<a href=""https://eur-lex.europa.eu/legal-content/EN/TXT/?uri=uriserv:OJ.L_.2019.169.01.0045.01.ENG&toc=OJ:L:2019:169:TOC"">Regulation (EU) 2019/1021 of the European Parliament and of the Council of 20 June 2019 on persistent organic pollutants</a>","Annex I, part A#Annex III, part B#Annex IV",12-Nov-2020
[No public or meaningful name is available],,-,-,Yes,19-Jun-2012,"<a href=""https://eur-lex.europa.eu/legal-content/EN/TXT/?uri=uriserv:OJ.L_.2012.159.01.0001.01.ENG&toc=OJ:L:2012:159:TOC"">Commission Regulation (EU) No 519/2012 of 19 June 2012 amending Regulation (EC) No 850/2004 as regards as Annex I</a>#<a href=""https://eur-lex.europa.eu/legal-content/EN/TXT/?uri=uriserv:OJ.L_.2014.363.01.0067.01.ENG&toc=OJ:L:2014:363:TOC"">Commission Regulation (EU) No 1342/2014 of 17 December 2014 amending Regulation (EC) No 850/2004  as regards Annexes IV and V</a>#<a href=""https://eur-lex.europa.eu/legal-content/EN/TXT/?uri=uriserv:OJ.L_.2019.169.01.0045.01.ENG&toc=OJ:L:2019:169:TOC"">Regulation (EU) 2019/1021 of the European Parliament and of the Council of 20 June 2019 on persistent organic pollutants</a>","Annex I, part A#Annex III, part B#Annex IV",12-Nov-2020
[No public or meaningful name is available],,-,-,Yes,19-Jun-2012,"<a href=""https://eur-lex.europa.eu/legal-content/EN/TXT/?uri=uriserv:OJ.L_.2012.159.01.0001.01.ENG&toc=OJ:L:2012:159:TOC"">Commission Regulation (EU) No 519/2012 of 19 June 2012 amending Regulation (EC) No 850/2004 as regards as Annex I</a>#<a href=""https://eur-lex.europa.eu/legal-content/EN/TXT/?uri=uriserv:OJ.L_.2014.363.01.0067.01.ENG&toc=OJ:L:2014:363:TOC"">Commission Regulation (EU) No 1342/2014 of 17 December 2014 amending Regulation (EC) No 850/2004  as regards Annexes IV and V</a>#<a href=""https://eur-lex.europa.eu/legal-content/EN/TXT/?uri=uriserv:OJ.L_.2019.169.01.0045.01.ENG&toc=OJ:L:2019:169:TOC"">Regulation (EU) 2019/1021 of the European Parliament and of the Council of 20 June 2019 on persistent organic pollutants</a>","Annex I, part A#Annex III, part B#Annex IV",12-Nov-2020
[No public or meaningful name is available],,-,-,Yes,19-Jun-2012,"<a href=""https://eur-lex.europa.eu/legal-content/EN/TXT/?uri=uriserv:OJ.L_.2012.159.01.0001.01.ENG&toc=OJ:L:2012:159:TOC"">Commission Regulation (EU) No 519/2012 of 19 June 2012 amending Regulation (EC) No 850/2004 as regards as Annex I</a>#<a href=""https://eur-lex.europa.eu/legal-content/EN/TXT/?uri=uriserv:OJ.L_.2014.363.01.0067.01.ENG&toc=OJ:L:2014:363:TOC"">Commission Regulation (EU) No 1342/2014 of 17 December 2014 amending Regulation (EC) No 850/2004  as regards Annexes IV and V</a>#<a href=""https://eur-lex.europa.eu/legal-content/EN/TXT/?uri=uriserv:OJ.L_.2019.169.01.0045.01.ENG&toc=OJ:L:2019:169:TOC"">Regulation (EU) 2019/1021 of the European Parliament and of the Council of 20 June 2019 on persistent organic pollutants</a>","Annex I, part A#Annex III, part B#Annex IV",12-Nov-2020
[No public or meaningful name is available],,-,-,Yes,19-Jun-2012,"<a href=""https://eur-lex.europa.eu/legal-content/EN/TXT/?uri=uriserv:OJ.L_.2012.159.01.0001.01.ENG&toc=OJ:L:2012:159:TOC"">Commission Regulation (EU) No 519/2012 of 19 June 2012 amending Regulation (EC) No 850/2004 as regards as Annex I</a>#<a href=""https://eur-lex.europa.eu/legal-content/EN/TXT/?uri=uriserv:OJ.L_.2014.363.01.0067.01.ENG&toc=OJ:L:2014:363:TOC"">Commission Regulation (EU) No 1342/2014 of 17 December 2014 amending Regulation (EC) No 850/2004  as regards Annexes IV and V</a>#<a href=""https://eur-lex.europa.eu/legal-content/EN/TXT/?uri=uriserv:OJ.L_.2019.169.01.0045.01.ENG&toc=OJ:L:2019:169:TOC"">Regulation (EU) 2019/1021 of the European Parliament and of the Council of 20 June 2019 on persistent organic pollutants</a>","Annex I, part A#Annex III, part B#Annex IV",12-Nov-2020
[No public or meaningful name is available],,-,-,Yes,19-Jun-2012,"<a href=""https://eur-lex.europa.eu/legal-content/EN/TXT/?uri=uriserv:OJ.L_.2012.159.01.0001.01.ENG&toc=OJ:L:2012:159:TOC"">Commission Regulation (EU) No 519/2012 of 19 June 2012 amending Regulation (EC) No 850/2004 as regards as Annex I</a>#<a href=""https://eur-lex.europa.eu/legal-content/EN/TXT/?uri=uriserv:OJ.L_.2014.363.01.0067.01.ENG&toc=OJ:L:2014:363:TOC"">Commission Regulation (EU) No 1342/2014 of 17 December 2014 amending Regulation (EC) No 850/2004  as regards Annexes IV and V</a>#<a href=""https://eur-lex.europa.eu/legal-content/EN/TXT/?uri=uriserv:OJ.L_.2019.169.01.0045.01.ENG&toc=OJ:L:2019:169:TOC"">Regulation (EU) 2019/1021 of the European Parliament and of the Council of 20 June 2019 on persistent organic pollutants</a>","Annex I, part A#Annex III, part B#Annex IV",12-Nov-2020
[No public or meaningful name is available],,-,-,Yes,19-Jun-2012,"<a href=""https://eur-lex.europa.eu/legal-content/EN/TXT/?uri=uriserv:OJ.L_.2012.159.01.0001.01.ENG&toc=OJ:L:2012:159:TOC"">Commission Regulation (EU) No 519/2012 of 19 June 2012 amending Regulation (EC) No 850/2004 as regards as Annex I</a>#<a href=""https://eur-lex.europa.eu/legal-content/EN/TXT/?uri=uriserv:OJ.L_.2014.363.01.0067.01.ENG&toc=OJ:L:2014:363:TOC"">Commission Regulation (EU) No 1342/2014 of 17 December 2014 amending Regulation (EC) No 850/2004  as regards Annexes IV and V</a>#<a href=""https://eur-lex.europa.eu/legal-content/EN/TXT/?uri=uriserv:OJ.L_.2019.169.01.0045.01.ENG&toc=OJ:L:2019:169:TOC"">Regulation (EU) 2019/1021 of the European Parliament and of the Council of 20 June 2019 on persistent organic pollutants</a>","Annex I, part A#Annex III, part B#Annex IV",12-Nov-2020
[No public or meaningful name is available],,-,-,Yes,19-Jun-2012,"<a href=""https://eur-lex.europa.eu/legal-content/EN/TXT/?uri=uriserv:OJ.L_.2012.159.01.0001.01.ENG&toc=OJ:L:2012:159:TOC"">Commission Regulation (EU) No 519/2012 of 19 June 2012 amending Regulation (EC) No 850/2004 as regards as Annex I</a>#<a href=""https://eur-lex.europa.eu/legal-content/EN/TXT/?uri=uriserv:OJ.L_.2014.363.01.0067.01.ENG&toc=OJ:L:2014:363:TOC"">Commission Regulation (EU) No 1342/2014 of 17 December 2014 amending Regulation (EC) No 850/2004  as regards Annexes IV and V</a>#<a href=""https://eur-lex.europa.eu/legal-content/EN/TXT/?uri=uriserv:OJ.L_.2019.169.01.0045.01.ENG&toc=OJ:L:2019:169:TOC"">Regulation (EU) 2019/1021 of the European Parliament and of the Council of 20 June 2019 on persistent organic pollutants</a>","Annex I, part A#Annex III, part B#Annex IV",12-Nov-2020
[No public or meaningful name is available],,-,-,Yes,19-Jun-2012,"<a href=""https://eur-lex.europa.eu/legal-content/EN/TXT/?uri=uriserv:OJ.L_.2012.159.01.0001.01.ENG&toc=OJ:L:2012:159:TOC"">Commission Regulation (EU) No 519/2012 of 19 June 2012 amending Regulation (EC) No 850/2004 as regards as Annex I</a>#<a href=""https://eur-lex.europa.eu/legal-content/EN/TXT/?uri=uriserv:OJ.L_.2014.363.01.0067.01.ENG&toc=OJ:L:2014:363:TOC"">Commission Regulation (EU) No 1342/2014 of 17 December 2014 amending Regulation (EC) No 850/2004  as regards Annexes IV and V</a>#<a href=""https://eur-lex.europa.eu/legal-content/EN/TXT/?uri=uriserv:OJ.L_.2019.169.01.0045.01.ENG&toc=OJ:L:2019:169:TOC"">Regulation (EU) 2019/1021 of the European Parliament and of the Council of 20 June 2019 on persistent organic pollutants</a>","Annex I, part A#Annex III, part B#Annex IV",12-Nov-2020
[No public or meaningful name is available],,-,-,Yes,19-Jun-2012,"<a href=""https://eur-lex.europa.eu/legal-content/EN/TXT/?uri=uriserv:OJ.L_.2012.159.01.0001.01.ENG&toc=OJ:L:2012:159:TOC"">Commission Regulation (EU) No 519/2012 of 19 June 2012 amending Regulation (EC) No 850/2004 as regards as Annex I</a>#<a href=""https://eur-lex.europa.eu/legal-content/EN/TXT/?uri=uriserv:OJ.L_.2014.363.01.0067.01.ENG&toc=OJ:L:2014:363:TOC"">Commission Regulation (EU) No 1342/2014 of 17 December 2014 amending Regulation (EC) No 850/2004  as regards Annexes IV and V</a>#<a href=""https://eur-lex.europa.eu/legal-content/EN/TXT/?uri=uriserv:OJ.L_.2019.169.01.0045.01.ENG&toc=OJ:L:2019:169:TOC"">Regulation (EU) 2019/1021 of the European Parliament and of the Council of 20 June 2019 on persistent organic pollutants</a>","Annex I, part A#Annex III, part B#Annex IV",12-Nov-2020
"Naphthalene, chloro derivs.",,274-864-4,70776-03-3,Yes,19-Jun-2012,"<a href=""https://eur-lex.europa.eu/legal-content/EN/TXT/?uri=uriserv:OJ.L_.2012.159.01.0001.01.ENG&toc=OJ:L:2012:159:TOC"">Commission Regulation (EU) No 519/2012 of 19 June 2012 amending Regulation (EC) No 850/2004 as regards as Annex I</a>#<a href=""https://eur-lex.europa.eu/legal-content/EN/TXT/?uri=uriserv:OJ.L_.2014.363.01.0067.01.ENG&toc=OJ:L:2014:363:TOC"">Commission Regulation (EU) No 1342/2014 of 17 December 2014 amending Regulation (EC) No 850/2004  as regards Annexes IV and V</a>#<a href=""https://eur-lex.europa.eu/legal-content/EN/TXT/?uri=uriserv:OJ.L_.2019.169.01.0045.01.ENG&toc=OJ:L:2019:169:TOC"">Regulation (EU) 2019/1021 of the European Parliament and of the Council of 20 June 2019 on persistent organic pollutants</a>","Annex I, part A#Annex III, part B#Annex IV",12-Nov-2020
"1,5-dichloronaphthalene",,217-364-3,1825-30-5,Yes,19-Jun-2012,"<a href=""https://eur-lex.europa.eu/legal-content/EN/TXT/?uri=uriserv:OJ.L_.2012.159.01.0001.01.ENG&toc=OJ:L:2012:159:TOC"">Commission Regulation (EU) No 519/2012 of 19 June 2012 amending Regulation (EC) No 850/2004 as regards as Annex I</a>#<a href=""https://eur-lex.europa.eu/legal-content/EN/TXT/?uri=uriserv:OJ.L_.2014.363.01.0067.01.ENG&toc=OJ:L:2014:363:TOC"">Commission Regulation (EU) No 1342/2014 of 17 December 2014 amending Regulation (EC) No 850/2004  as regards Annexes IV and V</a>#<a href=""https://eur-lex.europa.eu/legal-content/EN/TXT/?uri=uriserv:OJ.L_.2019.169.01.0045.01.ENG&toc=OJ:L:2019:169:TOC"">Regulation (EU) 2019/1021 of the European Parliament and of the Council of 20 June 2019 on persistent organic pollutants</a>","Annex I, part A#Annex III, part B#Annex IV",12-Nov-2020
"1,4-dichloronaphthalene",,217-365-9,1825-31-6,Yes,19-Jun-2012,"<a href=""https://eur-lex.europa.eu/legal-content/EN/TXT/?uri=uriserv:OJ.L_.2012.159.01.0001.01.ENG&toc=OJ:L:2012:159:TOC"">Commission Regulation (EU) No 519/2012 of 19 June 2012 amending Regulation (EC) No 850/2004 as regards as Annex I</a>#<a href=""https://eur-lex.europa.eu/legal-content/EN/TXT/?uri=uriserv:OJ.L_.2014.363.01.0067.01.ENG&toc=OJ:L:2014:363:TOC"">Commission Regulation (EU) No 1342/2014 of 17 December 2014 amending Regulation (EC) No 850/2004  as regards Annexes IV and V</a>#<a href=""https://eur-lex.europa.eu/legal-content/EN/TXT/?uri=uriserv:OJ.L_.2019.169.01.0045.01.ENG&toc=OJ:L:2019:169:TOC"">Regulation (EU) 2019/1021 of the European Parliament and of the Council of 20 June 2019 on persistent organic pollutants</a>","Annex I, part A#Annex III, part B#Annex IV",12-Nov-2020
"1,2-dichloronaphthalene",,218-097-5,2050-69-3,Yes,19-Jun-2012,"<a href=""https://eur-lex.europa.eu/legal-content/EN/TXT/?uri=uriserv:OJ.L_.2012.159.01.0001.01.ENG&toc=OJ:L:2012:159:TOC"">Commission Regulation (EU) No 519/2012 of 19 June 2012 amending Regulation (EC) No 850/2004 as regards as Annex I</a>#<a href=""https://eur-lex.europa.eu/legal-content/EN/TXT/?uri=uriserv:OJ.L_.2014.363.01.0067.01.ENG&toc=OJ:L:2014:363:TOC"">Commission Regulation (EU) No 1342/2014 of 17 December 2014 amending Regulation (EC) No 850/2004  as regards Annexes IV and V</a>#<a href=""https://eur-lex.europa.eu/legal-content/EN/TXT/?uri=uriserv:OJ.L_.2019.169.01.0045.01.ENG&toc=OJ:L:2019:169:TOC"">Regulation (EU) 2019/1021 of the European Parliament and of the Council of 20 June 2019 on persistent organic pollutants</a>","Annex I, part A#Annex III, part B#Annex IV",12-Nov-2020
"1,6-dichloronaphthalene",,218-098-0,2050-72-8,Yes,19-Jun-2012,"<a href=""https://eur-lex.europa.eu/legal-content/EN/TXT/?uri=uriserv:OJ.L_.2012.159.01.0001.01.ENG&toc=OJ:L:2012:159:TOC"">Commission Regulation (EU) No 519/2012 of 19 June 2012 amending Regulation (EC) No 850/2004 as regards as Annex I</a>#<a href=""https://eur-lex.europa.eu/legal-content/EN/TXT/?uri=uriserv:OJ.L_.2014.363.01.0067.01.ENG&toc=OJ:L:2014:363:TOC"">Commission Regulation (EU) No 1342/2014 of 17 December 2014 amending Regulation (EC) No 850/2004  as regards Annexes IV and V</a>#<a href=""https://eur-lex.europa.eu/legal-content/EN/TXT/?uri=uriserv:OJ.L_.2019.169.01.0045.01.ENG&toc=OJ:L:2019:169:TOC"">Regulation (EU) 2019/1021 of the European Parliament and of the Council of 20 June 2019 on persistent organic pollutants</a>","Annex I, part A#Annex III, part B#Annex IV",12-Nov-2020
"1,7-dichloronaphthalene",,218-099-6,2050-73-9,Yes,19-Jun-2012,"<a href=""https://eur-lex.europa.eu/legal-content/EN/TXT/?uri=uriserv:OJ.L_.2012.159.01.0001.01.ENG&toc=OJ:L:2012:159:TOC"">Commission Regulation (EU) No 519/2012 of 19 June 2012 amending Regulation (EC) No 850/2004 as regards as Annex I</a>#<a href=""https://eur-lex.europa.eu/legal-content/EN/TXT/?uri=uriserv:OJ.L_.2014.363.01.0067.01.ENG&toc=OJ:L:2014:363:TOC"">Commission Regulation (EU) No 1342/2014 of 17 December 2014 amending Regulation (EC) No 850/2004  as regards Annexes IV and V</a>#<a href=""https://eur-lex.europa.eu/legal-content/EN/TXT/?uri=uriserv:OJ.L_.2019.169.01.0045.01.ENG&toc=OJ:L:2019:169:TOC"">Regulation (EU) 2019/1021 of the European Parliament and of the Council of 20 June 2019 on persistent organic pollutants</a>","Annex I, part A#Annex III, part B#Annex IV",12-Nov-2020
"1,8-dichloronaphthalene",,218-101-5,2050-74-0,Yes,19-Jun-2012,"<a href=""https://eur-lex.europa.eu/legal-content/EN/TXT/?uri=uriserv:OJ.L_.2012.159.01.0001.01.ENG&toc=OJ:L:2012:159:TOC"">Commission Regulation (EU) No 519/2012 of 19 June 2012 amending Regulation (EC) No 850/2004 as regards as Annex I</a>#<a href=""https://eur-lex.europa.eu/legal-content/EN/TXT/?uri=uriserv:OJ.L_.2014.363.01.0067.01.ENG&toc=OJ:L:2014:363:TOC"">Commission Regulation (EU) No 1342/2014 of 17 December 2014 amending Regulation (EC) No 850/2004  as regards Annexes IV and V</a>#<a href=""https://eur-lex.europa.eu/legal-content/EN/TXT/?uri=uriserv:OJ.L_.2019.169.01.0045.01.ENG&toc=OJ:L:2019:169:TOC"">Regulation (EU) 2019/1021 of the European Parliament and of the Council of 20 June 2019 on persistent organic pollutants</a>","Annex I, part A#Annex III, part B#Annex IV",12-Nov-2020
"2,3-dichloronaphthalene",,218-102-0,2050-75-1,Yes,19-Jun-2012,"<a href=""https://eur-lex.europa.eu/legal-content/EN/TXT/?uri=uriserv:OJ.L_.2012.159.01.0001.01.ENG&toc=OJ:L:2012:159:TOC"">Commission Regulation (EU) No 519/2012 of 19 June 2012 amending Regulation (EC) No 850/2004 as regards as Annex I</a>#<a href=""https://eur-lex.europa.eu/legal-content/EN/TXT/?uri=uriserv:OJ.L_.2014.363.01.0067.01.ENG&toc=OJ:L:2014:363:TOC"">Commission Regulation (EU) No 1342/2014 of 17 December 2014 amending Regulation (EC) No 850/2004  as regards Annexes IV and V</a>#<a href=""https://eur-lex.europa.eu/legal-content/EN/TXT/?uri=uriserv:OJ.L_.2019.169.01.0045.01.ENG&toc=OJ:L:2019:169:TOC"">Regulation (EU) 2019/1021 of the European Parliament and of the Council of 20 June 2019 on persistent organic pollutants</a>","Annex I, part A#Annex III, part B#Annex IV",12-Nov-2020
"2,6-dichloronaphthalene",,218-180-6,2065-70-5,Yes,19-Jun-2012,"<a href=""https://eur-lex.europa.eu/legal-content/EN/TXT/?uri=uriserv:OJ.L_.2012.159.01.0001.01.ENG&toc=OJ:L:2012:159:TOC"">Commission Regulation (EU) No 519/2012 of 19 June 2012 amending Regulation (EC) No 850/2004 as regards as Annex I</a>#<a href=""https://eur-lex.europa.eu/legal-content/EN/TXT/?uri=uriserv:OJ.L_.2014.363.01.0067.01.ENG&toc=OJ:L:2014:363:TOC"">Commission Regulation (EU) No 1342/2014 of 17 December 2014 amending Regulation (EC) No 850/2004  as regards Annexes IV and V</a>#<a href=""https://eur-lex.europa.eu/legal-content/EN/TXT/?uri=uriserv:OJ.L_.2019.169.01.0045.01.ENG&toc=OJ:L:2019:169:TOC"">Regulation (EU) 2019/1021 of the European Parliament and of the Council of 20 June 2019 on persistent organic pollutants</a>","Annex I, part A#Annex III, part B#Annex IV",12-Nov-2020
"1,3-dichloronaphthalene",,218-603-4,2198-75-6,Yes,19-Jun-2012,"<a href=""https://eur-lex.europa.eu/legal-content/EN/TXT/?uri=uriserv:OJ.L_.2012.159.01.0001.01.ENG&toc=OJ:L:2012:159:TOC"">Commission Regulation (EU) No 519/2012 of 19 June 2012 amending Regulation (EC) No 850/2004 as regards as Annex I</a>#<a href=""https://eur-lex.europa.eu/legal-content/EN/TXT/?uri=uriserv:OJ.L_.2014.363.01.0067.01.ENG&toc=OJ:L:2014:363:TOC"">Commission Regulation (EU) No 1342/2014 of 17 December 2014 amending Regulation (EC) No 850/2004  as regards Annexes IV and V</a>#<a href=""https://eur-lex.europa.eu/legal-content/EN/TXT/?uri=uriserv:OJ.L_.2019.169.01.0045.01.ENG&toc=OJ:L:2019:169:TOC"">Regulation (EU) 2019/1021 of the European Parliament and of the Council of 20 June 2019 on persistent organic pollutants</a>","Annex I, part A#Annex III, part B#Annex IV",12-Nov-2020
"2,7-dichloronaphthalene",,218-605-5,2198-77-8,Yes,19-Jun-2012,"<a href=""https://eur-lex.europa.eu/legal-content/EN/TXT/?uri=uriserv:OJ.L_.2012.159.01.0001.01.ENG&toc=OJ:L:2012:159:TOC"">Commission Regulation (EU) No 519/2012 of 19 June 2012 amending Regulation (EC) No 850/2004 as regards as Annex I</a>#<a href=""https://eur-lex.europa.eu/legal-content/EN/TXT/?uri=uriserv:OJ.L_.2014.363.01.0067.01.ENG&toc=OJ:L:2014:363:TOC"">Commission Regulation (EU) No 1342/2014 of 17 December 2014 amending Regulation (EC) No 850/2004  as regards Annexes IV and V</a>#<a href=""https://eur-lex.europa.eu/legal-content/EN/TXT/?uri=uriserv:OJ.L_.2019.169.01.0045.01.ENG&toc=OJ:L:2019:169:TOC"">Regulation (EU) 2019/1021 of the European Parliament and of the Council of 20 June 2019 on persistent organic pollutants</a>","Annex I, part A#Annex III, part B#Annex IV",12-Nov-2020
Octachloronaphthalene,,218-778-7,2234-13-1,Yes,19-Jun-2012,"<a href=""https://eur-lex.europa.eu/legal-content/EN/TXT/?uri=uriserv:OJ.L_.2012.159.01.0001.01.ENG&toc=OJ:L:2012:159:TOC"">Commission Regulation (EU) No 519/2012 of 19 June 2012 amending Regulation (EC) No 850/2004 as regards as Annex I</a>#<a href=""https://eur-lex.europa.eu/legal-content/EN/TXT/?uri=uriserv:OJ.L_.2014.363.01.0067.01.ENG&toc=OJ:L:2014:363:TOC"">Commission Regulation (EU) No 1342/2014 of 17 December 2014 amending Regulation (EC) No 850/2004  as regards Annexes IV and V</a>#<a href=""https://eur-lex.europa.eu/legal-content/EN/TXT/?uri=uriserv:OJ.L_.2019.169.01.0045.01.ENG&toc=OJ:L:2019:169:TOC"">Regulation (EU) 2019/1021 of the European Parliament and of the Council of 20 June 2019 on persistent organic pollutants</a>","Annex I, part A#Annex III, part B#Annex IV",12-Nov-2020
1-chloronaphthalene,,201-967-3,90-13-1,Yes,19-Jun-2012,"<a href=""https://eur-lex.europa.eu/legal-content/EN/TXT/?uri=uriserv:OJ.L_.2012.159.01.0001.01.ENG&toc=OJ:L:2012:159:TOC"">Commission Regulation (EU) No 519/2012 of 19 June 2012 amending Regulation (EC) No 850/2004 as regards as Annex I</a>#<a href=""https://eur-lex.europa.eu/legal-content/EN/TXT/?uri=uriserv:OJ.L_.2014.363.01.0067.01.ENG&toc=OJ:L:2014:363:TOC"">Commission Regulation (EU) No 1342/2014 of 17 December 2014 amending Regulation (EC) No 850/2004  as regards Annexes IV and V</a>#<a href=""https://eur-lex.europa.eu/legal-content/EN/TXT/?uri=uriserv:OJ.L_.2019.169.01.0045.01.ENG&toc=OJ:L:2019:169:TOC"">Regulation (EU) 2019/1021 of the European Parliament and of the Council of 20 June 2019 on persistent organic pollutants</a>","Annex I, part A#Annex III, part B#Annex IV",12-Nov-2020
2-chloronaphthalene,,202-079-9,91-58-7,Yes,19-Jun-2012,"<a href=""https://eur-lex.europa.eu/legal-content/EN/TXT/?uri=uriserv:OJ.L_.2012.159.01.0001.01.ENG&toc=OJ:L:2012:159:TOC"">Commission Regulation (EU) No 519/2012 of 19 June 2012 amending Regulation (EC) No 850/2004 as regards as Annex I</a>#<a href=""https://eur-lex.europa.eu/legal-content/EN/TXT/?uri=uriserv:OJ.L_.2014.363.01.0067.01.ENG&toc=OJ:L:2014:363:TOC"">Commission Regulation (EU) No 1342/2014 of 17 December 2014 amending Regulation (EC) No 850/2004  as regards Annexes IV and V</a>#<a href=""https://eur-lex.europa.eu/legal-content/EN/TXT/?uri=uriserv:OJ.L_.2019.169.01.0045.01.ENG&toc=OJ:L:2019:169:TOC"">Regulation (EU) 2019/1021 of the European Parliament and of the Council of 20 June 2019 on persistent organic pollutants</a>","Annex I, part A#Annex III, part B#Annex IV",12-Nov-2020
Polycyclic aromatic hydrocarbons (PAHs),,-,-,Yes,29-Apr-2004,"<a href=""https://eur-lex.europa.eu/legal-content/EN/TXT/?uri=uriserv:OJ.L_.2004.158.01.0007.01.ENG&toc=OJ:L:2004:158:TOC"">Regulation (EC) No 850/2004 of the European Parliament and of the Council on persistent organic pollutants</a>#<a href=""https://eur-lex.europa.eu/legal-content/EN/TXT/?uri=uriserv:OJ.L_.2019.169.01.0045.01.ENG&toc=OJ:L:2019:169:TOC"">Regulation (EU) 2019/1021 of the European Parliament and of the Council of 20 June 2019 on persistent organic pollutants</a>","Annex III, part B",12-Nov-2020
"Indeno[1,2,3-cd]pyrene",,205-893-2,193-39-5,Yes,29-Apr-2004,"<a href=""https://eur-lex.europa.eu/legal-content/EN/TXT/?uri=uriserv:OJ.L_.2004.158.01.0007.01.ENG&toc=OJ:L:2004:158:TOC"">Regulation (EC) No 850/2004 of the European Parliament and of the Council on persistent organic pollutants</a>#<a href=""https://eur-lex.europa.eu/legal-content/EN/TXT/?uri=uriserv:OJ.L_.2019.169.01.0045.01.ENG&toc=OJ:L:2019:169:TOC"">Regulation (EU) 2019/1021 of the European Parliament and of the Council of 20 June 2019 on persistent organic pollutants</a>","Annex III, part B",12-Nov-2020
Benzo[def]chrysene,,200-028-5,50-32-8,Yes,29-Apr-2004,"<a href=""https://eur-lex.europa.eu/legal-content/EN/TXT/?uri=uriserv:OJ.L_.2004.158.01.0007.01.ENG&toc=OJ:L:2004:158:TOC"">Regulation (EC) No 850/2004 of the European Parliament and of the Council on persistent organic pollutants</a>#<a href=""https://eur-lex.europa.eu/legal-content/EN/TXT/?uri=uriserv:OJ.L_.2019.169.01.0045.01.ENG&toc=OJ:L:2019:169:TOC"">Regulation (EU) 2019/1021 of the European Parliament and of the Council of 20 June 2019 on persistent organic pollutants</a>","Annex III, part B",12-Nov-2020
Benzo[k]fluoranthene,,205-916-6,207-08-9,Yes,29-Apr-2004,"<a href=""https://eur-lex.europa.eu/legal-content/EN/TXT/?uri=uriserv:OJ.L_.2004.158.01.0007.01.ENG&toc=OJ:L:2004:158:TOC"">Regulation (EC) No 850/2004 of the European Parliament and of the Council on persistent organic pollutants</a>#<a href=""https://eur-lex.europa.eu/legal-content/EN/TXT/?uri=uriserv:OJ.L_.2019.169.01.0045.01.ENG&toc=OJ:L:2019:169:TOC"">Regulation (EU) 2019/1021 of the European Parliament and of the Council of 20 June 2019 on persistent organic pollutants</a>","Annex III, part B",12-Nov-2020
Benzo[e]acephenanthrylene,,205-911-9,205-99-2,Yes,29-Apr-2004,"<a href=""https://eur-lex.europa.eu/legal-content/EN/TXT/?uri=uriserv:OJ.L_.2004.158.01.0007.01.ENG&toc=OJ:L:2004:158:TOC"">Regulation (EC) No 850/2004 of the European Parliament and of the Council on persistent organic pollutants</a>#<a href=""https://eur-lex.europa.eu/legal-content/EN/TXT/?uri=uriserv:OJ.L_.2019.169.01.0045.01.ENG&toc=OJ:L:2019:169:TOC"">Regulation (EU) 2019/1021 of the European Parliament and of the Council of 20 June 2019 on persistent organic pollutants</a>","Annex III, part B",12-Nov-2020
Tetrabromodiphenyl ether (group),,-,-,Yes,24-Aug-2010,"<a href=""https://eur-lex.europa.eu/legal-content/EN/TXT/?uri=uriserv:OJ.L_.2010.223.01.0029.01.ENG&toc=OJ:L:2010:223:TOC"">Regulation (EU) No 757/2010 of 24 August 2010 amending Regulation (EC) No 850/2004 as regards as Annexes I and III</a>#<a href=""https://eur-lex.europa.eu/legal-content/EN/TXT/?uri=uriserv:OJ.L_.2014.363.01.0067.01.ENG&toc=OJ:L:2014:363:TOC"">Commission Regulation (EU) No 1342/2014 of 17 December 2014 amending Regulation (EC) No 850/2004  as regards Annexes IV and V</a>#<a href=""https://eur-lex.europa.eu/legal-content/EN/TXT/?uri=uriserv:OJ.L_.2019.169.01.0045.01.ENG&toc=OJ:L:2019:169:TOC"">Regulation (EU) 2019/1021 of the European Parliament and of the Council of 20 June 2019 on persistent organic pollutants</a>#<a href=""http://data.europa.eu/eli/reg/2022/2400/oj"">Regulation (EU) 2022/2400 of the European Parliament and of the Council of 23 November 2022 amending Annexes IV and V to Regulation (EU) 2019/1021</a>","Annex I, part A#Annex IV",12-Nov-2020
"1,2-dibromo-4-(2,6-dibromophenoxy)benzene",,620-888-9,189084-62-6,Yes,24-Aug-2010,"<a href=""https://eur-lex.europa.eu/legal-content/EN/TXT/?uri=uriserv:OJ.L_.2010.223.01.0029.01.ENG&toc=OJ:L:2010:223:TOC"">Regulation (EU) No 757/2010 of 24 August 2010 amending Regulation (EC) No 850/2004 as regards as Annexes I and III</a>#<a href=""https://eur-lex.europa.eu/legal-content/EN/TXT/?uri=uriserv:OJ.L_.2014.363.01.0067.01.ENG&toc=OJ:L:2014:363:TOC"">Commission Regulation (EU) No 1342/2014 of 17 December 2014 amending Regulation (EC) No 850/2004  as regards Annexes IV and V</a>#<a href=""https://eur-lex.europa.eu/legal-content/EN/TXT/?uri=uriserv:OJ.L_.2019.169.01.0045.01.ENG&toc=OJ:L:2019:169:TOC"">Regulation (EU) 2019/1021 of the European Parliament and of the Council of 20 June 2019 on persistent organic pollutants</a>#<a href=""http://data.europa.eu/eli/reg/2022/2400/oj"">Regulation (EU) 2022/2400 of the European Parliament and of the Council of 23 November 2022 amending Annexes IV and V to Regulation (EU) 2019/1021</a>","Annex I, part A#Annex IV",12-Nov-2020
"1,3,5-tribromo-2-(4-bromophenoxy)benzene",,621-541-4,189084-63-7,Yes,24-Aug-2010,"<a href=""https://eur-lex.europa.eu/legal-content/EN/TXT/?uri=uriserv:OJ.L_.2010.223.01.0029.01.ENG&toc=OJ:L:2010:223:TOC"">Regulation (EU) No 757/2010 of 24 August 2010 amending Regulation (EC) No 850/2004 as regards as Annexes I and III</a>#<a href=""https://eur-lex.europa.eu/legal-content/EN/TXT/?uri=uriserv:OJ.L_.2014.363.01.0067.01.ENG&toc=OJ:L:2014:363:TOC"">Commission Regulation (EU) No 1342/2014 of 17 December 2014 amending Regulation (EC) No 850/2004  as regards Annexes IV and V</a>#<a href=""https://eur-lex.europa.eu/legal-content/EN/TXT/?uri=uriserv:OJ.L_.2019.169.01.0045.01.ENG&toc=OJ:L:2019:169:TOC"">Regulation (EU) 2019/1021 of the European Parliament and of the Council of 20 June 2019 on persistent organic pollutants</a>#<a href=""http://data.europa.eu/eli/reg/2022/2400/oj"">Regulation (EU) 2022/2400 of the European Parliament and of the Council of 23 November 2022 amending Annexes IV and V to Regulation (EU) 2019/1021</a>","Annex I, part A#Annex IV",12-Nov-2020
"Diphenyl ether, tetrabromo derivative",,254-787-2,40088-47-9,Yes,24-Aug-2010,"<a href=""https://eur-lex.europa.eu/legal-content/EN/TXT/?uri=uriserv:OJ.L_.2010.223.01.0029.01.ENG&toc=OJ:L:2010:223:TOC"">Regulation (EU) No 757/2010 of 24 August 2010 amending Regulation (EC) No 850/2004 as regards as Annexes I and III</a>#<a href=""https://eur-lex.europa.eu/legal-content/EN/TXT/?uri=uriserv:OJ.L_.2014.363.01.0067.01.ENG&toc=OJ:L:2014:363:TOC"">Commission Regulation (EU) No 1342/2014 of 17 December 2014 amending Regulation (EC) No 850/2004  as regards Annexes IV and V</a>#<a href=""https://eur-lex.europa.eu/legal-content/EN/TXT/?uri=uriserv:OJ.L_.2019.169.01.0045.01.ENG&toc=OJ:L:2019:169:TOC"">Regulation (EU) 2019/1021 of the European Parliament and of the Council of 20 June 2019 on persistent organic pollutants</a>#<a href=""http://data.europa.eu/eli/reg/2022/2400/oj"">Regulation (EU) 2022/2400 of the European Parliament and of the Council of 23 November 2022 amending Annexes IV and V to Regulation (EU) 2019/1021</a>","Annex I, part A#Annex IV",12-Nov-2020
"1,2-dibromo-4-(3,4-dibromophenoxy)benzene",,621-837-3,93703-48-1,Yes,24-Aug-2010,"<a href=""https://eur-lex.europa.eu/legal-content/EN/TXT/?uri=uriserv:OJ.L_.2010.223.01.0029.01.ENG&toc=OJ:L:2010:223:TOC"">Regulation (EU) No 757/2010 of 24 August 2010 amending Regulation (EC) No 850/2004 as regards as Annexes I and III</a>#<a href=""https://eur-lex.europa.eu/legal-content/EN/TXT/?uri=uriserv:OJ.L_.2014.363.01.0067.01.ENG&toc=OJ:L:2014:363:TOC"">Commission Regulation (EU) No 1342/2014 of 17 December 2014 amending Regulation (EC) No 850/2004  as regards Annexes IV and V</a>#<a href=""https://eur-lex.europa.eu/legal-content/EN/TXT/?uri=uriserv:OJ.L_.2019.169.01.0045.01.ENG&toc=OJ:L:2019:169:TOC"">Regulation (EU) 2019/1021 of the European Parliament and of the Council of 20 June 2019 on persistent organic pollutants</a>#<a href=""http://data.europa.eu/eli/reg/2022/2400/oj"">Regulation (EU) 2022/2400 of the European Parliament and of the Council of 23 November 2022 amending Annexes IV and V to Regulation (EU) 2019/1021</a>","Annex I, part A#Annex IV",12-Nov-2020
"1,2-dibromo-4-(2,4-dibromophenoxy)benzene",,621-543-5,189084-61-5,Yes,24-Aug-2010,"<a href=""https://eur-lex.europa.eu/legal-content/EN/TXT/?uri=uriserv:OJ.L_.2010.223.01.0029.01.ENG&toc=OJ:L:2010:223:TOC"">Regulation (EU) No 757/2010 of 24 August 2010 amending Regulation (EC) No 850/2004 as regards as Annexes I and III</a>#<a href=""https://eur-lex.europa.eu/legal-content/EN/TXT/?uri=uriserv:OJ.L_.2014.363.01.0067.01.ENG&toc=OJ:L:2014:363:TOC"">Commission Regulation (EU) No 1342/2014 of 17 December 2014 amending Regulation (EC) No 850/2004  as regards Annexes IV and V</a>#<a href=""https://eur-lex.europa.eu/legal-content/EN/TXT/?uri=uriserv:OJ.L_.2019.169.01.0045.01.ENG&toc=OJ:L:2019:169:TOC"">Regulation (EU) 2019/1021 of the European Parliament and of the Council of 20 June 2019 on persistent organic pollutants</a>#<a href=""http://data.europa.eu/eli/reg/2022/2400/oj"">Regulation (EU) 2022/2400 of the European Parliament and of the Council of 23 November 2022 amending Annexes IV and V to Regulation (EU) 2019/1021</a>","Annex I, part A#Annex IV",12-Nov-2020
Dicofol,,204-082-0,115-32-2,Yes,18-Aug-2020,"<a href=""https://eur-lex.europa.eu/eli/reg_del/2020/1204/oj"">Commission Delegated Regulation (EU) 2020/1204 of 9 June 2020 amending Annex I to Regulation (EU) 2019/1021 of the European Parliament and of the Council as regards the listing of dicofol</a>#<a href=""http://data.europa.eu/eli/reg/2022/2400/oj"">Regulation (EU) 2022/2400 of the European Parliament and of the Council of 23 November 2022 amending Annexes IV and V to Regulation (EU) 2019/1021</a>","Annex I, part A#Annex IV",12-Nov-2020
Bis(pentabromophenyl) ether,,214-604-9,1163-19-5,Yes,20-Jun-2019,"<a href=""http://data.europa.eu/eli/reg/2019/1021/oj"">Regulation (EU) 2019/1021 of the European Parliament and of the Council of 20 June 2019 on persistent organic pollutants</a>#<a href=""http://data.europa.eu/eli/reg/2022/2400/oj"">Regulation (EU) 2022/2400 of the European Parliament and of the Council of 23 November 2022 amending Annexes IV and V to Regulation (EU) 2019/1021</a>","Annex I, part A#Annex IV",12-Nov-2020
Hexachlorobenzene,,204-273-9,118-74-1,Yes,29-Apr-2004,"<a href=""https://eur-lex.europa.eu/legal-content/EN/TXT/?uri=uriserv:OJ.L_.2004.158.01.0007.01.ENG&toc=OJ:L:2004:158:TOC"">Regulation (EC) No 850/2004 of the European Parliament and of the Council on persistent organic pollutants</a>#<a href=""https://eur-lex.europa.eu/legal-content/EN/TXT/?uri=uriserv:OJ.L_.2006.217.01.0001.01.ENG&toc=OJ:L:2006:217:TOC"">Council Regulation (EC) No 1195/2006 of 18 July 2006 amending Annex IV to Regulation (EC) No 850/2004</a>#<a href=""https://eur-lex.europa.eu/legal-content/EN/TXT/?uri=uriserv:OJ.L_.2014.363.01.0067.01.ENG&toc=OJ:L:2014:363:TOC"">Commission Regulation (EU) No 1342/2014 of 17 December 2014 amending Regulation (EC) No 850/2004  as regards Annexes IV and V</a>#<a href=""https://eur-lex.europa.eu/legal-content/EN/TXT/?uri=uriserv:OJ.L_.2019.169.01.0045.01.ENG&toc=OJ:L:2019:169:TOC"">Regulation (EU) 2019/1021 of the European Parliament and of the Council of 20 June 2019 on persistent organic pollutants</a>#<a href=""https://eur-lex.europa.eu/eli/reg_del/2022/2291/oj2291/oj"">Commission Delegated Regulation (EU) 2022/2291 of 8 September 2022 amending Annex I to Regulation (EU) 2019/1021, as regards hexachlorobenzene</a>","Annex I, part A#Annex III, part B#Annex IV",12-Nov-2020
Chlordecone,,205-601-3,143-50-0,Yes,29-Apr-2004,"<a href=""https://eur-lex.europa.eu/legal-content/EN/TXT/?uri=uriserv:OJ.L_.2004.158.01.0007.01.ENG&toc=OJ:L:2004:158:TOC"">Regulation (EC) No 850/2004 of the European Parliament and of the Council on persistent organic pollutants</a>#<a href=""https://eur-lex.europa.eu/legal-content/EN/TXT/?uri=uriserv:OJ.L_.2006.217.01.0001.01.ENG&toc=OJ:L:2006:217:TOC"">Council Regulation (EC) No 1195/2006 of 18 July 2006 amending Annex IV to Regulation (EC) No 850/2004</a>#<a href=""https://eur-lex.europa.eu/legal-content/EN/TXT/?uri=uriserv:OJ.L_.2014.363.01.0067.01.ENG&toc=OJ:L:2014:363:TOC"">Commission Regulation (EU) No 1342/2014 of 17 December 2014 amending Regulation (EC) No 850/2004  as regards Annexes IV and V</a>#<a href=""https://eur-lex.europa.eu/legal-content/EN/TXT/?uri=uriserv:OJ.L_.2019.169.01.0045.01.ENG&toc=OJ:L:2019:169:TOC"">Regulation (EU) 2019/1021 of the European Parliament and of the Council of 20 June 2019 on persistent organic pollutants</a>","Annex I, part A#Annex IV",12-Nov-2020
"Dodecachloropentacyclo[5.2.1.02,6.03,9.05,8]decane",,219-196-6,2385-85-5,Yes,29-Apr-2004,"<a href=""https://eur-lex.europa.eu/legal-content/EN/TXT/?uri=uriserv:OJ.L_.2004.158.01.0007.01.ENG&toc=OJ:L:2004:158:TOC"">Regulation (EC) No 850/2004 of the European Parliament and of the Council on persistent organic pollutants</a>#<a href=""https://eur-lex.europa.eu/legal-content/EN/TXT/?uri=uriserv:OJ.L_.2006.217.01.0001.01.ENG&toc=OJ:L:2006:217:TOC"">Council Regulation (EC) No 1195/2006 of 18 July 2006 amending Annex IV to Regulation (EC) No 850/2004</a>#<a href=""https://eur-lex.europa.eu/legal-content/EN/TXT/?uri=uriserv:OJ.L_.2014.363.01.0067.01.ENG&toc=OJ:L:2014:363:TOC"">Commission Regulation (EU) No 1342/2014 of 17 December 2014 amending Regulation (EC) No 850/2004  as regards Annexes IV and V</a>#<a href=""https://eur-lex.europa.eu/legal-content/EN/TXT/?uri=uriserv:OJ.L_.2019.169.01.0045.01.ENG&toc=OJ:L:2019:169:TOC"">Regulation (EU) 2019/1021 of the European Parliament and of the Council of 20 June 2019 on persistent organic pollutants</a>","Annex I, part A#Annex IV",12-Nov-2020
Aldrin,,206-215-8,309-00-2,Yes,29-Apr-2004,"<a href=""https://eur-lex.europa.eu/legal-content/EN/TXT/?uri=uriserv:OJ.L_.2004.158.01.0007.01.ENG&toc=OJ:L:2004:158:TOC"">Regulation (EC) No 850/2004 of the European Parliament and of the Council on persistent organic pollutants</a>#<a href=""https://eur-lex.europa.eu/legal-content/EN/TXT/?uri=uriserv:OJ.L_.2006.217.01.0001.01.ENG&toc=OJ:L:2006:217:TOC"">Council Regulation (EC) No 1195/2006 of 18 July 2006 amending Annex IV to Regulation (EC) No 850/2004</a>#<a href=""https://eur-lex.europa.eu/legal-content/EN/TXT/?uri=uriserv:OJ.L_.2014.363.01.0067.01.ENG&toc=OJ:L:2014:363:TOC"">Commission Regulation (EU) No 1342/2014 of 17 December 2014 amending Regulation (EC) No 850/2004  as regards Annexes IV and V</a>#<a href=""https://eur-lex.europa.eu/legal-content/EN/TXT/?uri=uriserv:OJ.L_.2019.169.01.0045.01.ENG&toc=OJ:L:2019:169:TOC"">Regulation (EU) 2019/1021 of the European Parliament and of the Council of 20 June 2019 on persistent organic pollutants</a>","Annex I, part A#Annex IV",10-Nov-2020
"Hexabromo-1,1'-biphenyl",,252-994-2,36355-01-8,Yes,29-Apr-2004,"<a href=""https://eur-lex.europa.eu/legal-content/EN/TXT/?uri=uriserv:OJ.L_.2004.158.01.0007.01.ENG&toc=OJ:L:2004:158:TOC"">Regulation (EC) No 850/2004 of the European Parliament and of the Council on persistent organic pollutants</a>#<a href=""https://eur-lex.europa.eu/legal-content/EN/TXT/?uri=uriserv:OJ.L_.2006.217.01.0001.01.ENG&toc=OJ:L:2006:217:TOC"">Council Regulation (EC) No 1195/2006 of 18 July 2006 amending Annex IV to Regulation (EC) No 850/2004</a>#<a href=""https://eur-lex.europa.eu/legal-content/EN/TXT/?uri=uriserv:OJ.L_.2014.363.01.0067.01.ENG&toc=OJ:L:2014:363:TOC"">Commission Regulation (EU) No 1342/2014 of 17 December 2014 amending Regulation (EC) No 850/2004  as regards Annexes IV and V</a>#<a href=""https://eur-lex.europa.eu/legal-content/EN/TXT/?uri=uriserv:OJ.L_.2019.169.01.0045.01.ENG&toc=OJ:L:2019:169:TOC"">Regulation (EU) 2019/1021 of the European Parliament and of the Council of 20 June 2019 on persistent organic pollutants</a>","Annex I, part A#Annex IV",12-Nov-2020
Clofenotane,,200-024-3,50-29-3,Yes,29-Apr-2004,"<a href=""https://eur-lex.europa.eu/legal-content/EN/TXT/?uri=uriserv:OJ.L_.2004.158.01.0007.01.ENG&toc=OJ:L:2004:158:TOC"">Regulation (EC) No 850/2004 of the European Parliament and of the Council on persistent organic pollutants</a>#<a href=""https://eur-lex.europa.eu/legal-content/EN/TXT/?uri=uriserv:OJ.L_.2006.217.01.0001.01.ENG&toc=OJ:L:2006:217:TOC"">Council Regulation (EC) No 1195/2006 of 18 July 2006 amending Annex IV to Regulation (EC) No 850/2004</a>#<a href=""https://eur-lex.europa.eu/legal-content/EN/TXT/?uri=uriserv:OJ.L_.2010.223.01.0029.01.ENG&toc=OJ:L:2010:223:TOC"">Regulation (EU) No 757/2010 of 24 August 2010 amending Regulation (EC) No 850/2004 as regards as Annexes I and III</a>#<a href=""https://eur-lex.europa.eu/legal-content/EN/TXT/?uri=uriserv:OJ.L_.2014.363.01.0067.01.ENG&toc=OJ:L:2014:363:TOC"">Commission Regulation (EU) No 1342/2014 of 17 December 2014 amending Regulation (EC) No 850/2004  as regards Annexes IV and V</a>#<a href=""https://eur-lex.europa.eu/legal-content/EN/TXT/?uri=uriserv:OJ.L_.2019.169.01.0045.01.ENG&toc=OJ:L:2019:169:TOC"">Regulation (EU) 2019/1021 of the European Parliament and of the Council of 20 June 2019 on persistent organic pollutants</a>","Annex I, part A#Annex IV",12-Nov-2020
"Chlordane , pur",,200-349-0,57-74-9,Yes,29-Apr-2004,"<a href=""https://eur-lex.europa.eu/legal-content/EN/TXT/?uri=uriserv:OJ.L_.2004.158.01.0007.01.ENG&toc=OJ:L:2004:158:TOC"">Council Regulation (EC) No 1195/2006 of 18 July 2006 amending Annex IV to Regulation (EC) No 850/2004</a>#<a href=""https://eur-lex.europa.eu/legal-content/EN/TXT/?uri=uriserv:OJ.L_.2006.217.01.0001.01.ENG&toc=OJ:L:2006:217:TOC"">Council Regulation (EC) No 1195/2006 of 18 July 2006 amending Annex IV to Regulation (EC) No 850/2004</a>#<a href=""https://eur-lex.europa.eu/legal-content/EN/TXT/?uri=uriserv:OJ.L_.2006.217.01.0001.01.ENG&toc=OJ:L:2006:217:TOC"">Commission Regulation (EU) No 1342/2014 of 17 December 2014 amending Regulation (EC) No 850/2004  as regards Annexes IV and V</a>#<a href=""https://eur-lex.europa.eu/legal-content/EN/TXT/?uri=uriserv:OJ.L_.2019.169.01.0045.01.ENG&toc=OJ:L:2019:169:TOC"">Regulation (EU) 2019/1021 of the European Parliament and of the Council of 20 June 2019 on persistent organic pollutants</a>","Annex I, part A#Annex IV",12-Nov-2020
Dieldrin,,200-484-5,60-57-1,Yes,29-Apr-2004,"<a href=""https://eur-lex.europa.eu/legal-content/EN/TXT/?uri=uriserv:OJ.L_.2004.158.01.0007.01.ENG&toc=OJ:L:2004:158:TOC"">Regulation (EC) No 850/2004 of the European Parliament and of the Council on persistent organic pollutants</a>#<a href=""https://eur-lex.europa.eu/legal-content/EN/TXT/?uri=uriserv:OJ.L_.2006.217.01.0001.01.ENG&toc=OJ:L:2006:217:TOC"">Council Regulation (EC) No 1195/2006 of 18 July 2006 amending Annex IV to Regulation (EC) No 850/2004</a>#<a href=""https://eur-lex.europa.eu/legal-content/EN/TXT/?uri=uriserv:OJ.L_.2014.363.01.0067.01.ENG&toc=OJ:L:2014:363:TOC"">Commission Regulation (EU) No 1342/2014 of 17 December 2014 amending Regulation (EC) No 850/2004  as regards Annexes IV and V</a>#<a href=""https://eur-lex.europa.eu/legal-content/EN/TXT/?uri=uriserv:OJ.L_.2019.169.01.0045.01.ENG&toc=OJ:L:2019:169:TOC"">Regulation (EU) 2019/1021 of the European Parliament and of the Council of 20 June 2019 on persistent organic pollutants</a>","Annex I, part A#Annex IV",12-Nov-2020
Pentachlorobenzene,,210-172-0,608-93-5,Yes,24-Aug-2010,"<a href=""https://eur-lex.europa.eu/legal-content/EN/TXT/?uri=uriserv:OJ.L_.2010.223.01.0029.01.ENG&toc=OJ:L:2010:223:TOC"">Regulation (EU) No 757/2010 of 24 August 2010 amending Regulation (EC) No 850/2004 as regards as Annexes I and III</a>#<a href=""https://eur-lex.europa.eu/legal-content/EN/TXT/?uri=uriserv:OJ.L_.2014.363.01.0067.01.ENG&toc=OJ:L:2014:363:TOC"">Commission Regulation (EU) No 1342/2014 of 17 December 2014 amending Regulation (EC) No 850/2004  as regards Annexes IV and V</a>#<a href=""https://eur-lex.europa.eu/legal-content/EN/TXT/?uri=uriserv:OJ.L_.2019.169.01.0045.01.ENG&toc=OJ:L:2019:169:TOC"">Regulation (EU) 2019/1021 of the European Parliament and of the Council of 20 June 2019 on persistent organic pollutants</a>","Annex I, part A#Annex III, part B#Annex IV",12-Nov-2020
Endrin,,200-775-7,72-20-8,Yes,29-Apr-2004,"<a href=""https://eur-lex.europa.eu/legal-content/EN/TXT/?uri=uriserv:OJ.L_.2004.158.01.0007.01.ENG&toc=OJ:L:2004:158:TOC"">Regulation (EC) No 850/2004 of the European Parliament and of the Council on persistent organic pollutants</a>#<a href=""https://eur-lex.europa.eu/legal-content/EN/TXT/?uri=uriserv:OJ.L_.2006.217.01.0001.01.ENG&toc=OJ:L:2006:217:TOC"">Council Regulation (EC) No 1195/2006 of 18 July 2006 amending Annex IV to Regulation (EC) No 850/2004</a>#<a href=""https://eur-lex.europa.eu/legal-content/EN/TXT/?uri=uriserv:OJ.L_.2014.363.01.0067.01.ENG&toc=OJ:L:2014:363:TOC"">Commission Regulation (EU) No 1342/2014 of 17 December 2014 amending Regulation (EC) No 850/2004  as regards Annexes IV and V</a>#<a href=""https://eur-lex.europa.eu/legal-content/EN/TXT/?uri=uriserv:OJ.L_.2019.169.01.0045.01.ENG&toc=OJ:L:2019:169:TOC"">Regulation (EU) 2019/1021 of the European Parliament and of the Council of 20 June 2019 on persistent organic pollutants</a>","Annex I, part A#Annex IV",12-Nov-2020
Methoxychlor,,200-779-9,72-43-5,Yes,27-Sep-2024,"<a href=""http://data.europa.eu/eli/reg_del/2024/2570/oj"">Commission Delegated Regulation (EU) 2024/2570 of 22 July 2024 amending Regulation (EU) 2019/1021 of the European Parliament and of the Council as regards methoxychlor</a>","Annex I, part A",22-Oct-2024
Heptachlor,,200-962-3,76-44-8,Yes,29-Apr-2004,"<a href=""https://eur-lex.europa.eu/legal-content/EN/TXT/?uri=uriserv:OJ.L_.2004.158.01.0007.01.ENG&toc=OJ:L:2004:158:TOC"">Regulation (EC) No 850/2004 of the European Parliament and of the Council on persistent organic pollutants</a>#<a href=""https://eur-lex.europa.eu/legal-content/EN/TXT/?uri=uriserv:OJ.L_.2006.217.01.0001.01.ENG&toc=OJ:L:2006:217:TOC"">Council Regulation (EC) No 1195/2006 of 18 July 2006 amending Annex IV to Regulation (EC) No 850/2004</a>#<a href=""https://eur-lex.europa.eu/legal-content/EN/TXT/?uri=uriserv:OJ.L_.2014.363.01.0067.01.ENG&toc=OJ:L:2014:363:TOC"">Commission Regulation (EU) No 1342/2014 of 17 December 2014 amending Regulation (EC) No 850/2004  as regards Annexes IV and V</a>#<a href=""https://eur-lex.europa.eu/legal-content/EN/TXT/?uri=uriserv:OJ.L_.2019.169.01.0045.01.ENG&toc=OJ:L:2019:169:TOC"">Regulation (EU) 2019/1021 of the European Parliament and of the Council of 20 June 2019 on persistent organic pollutants</a>","Annex I, part A#Annex IV",12-Nov-2020
Toxaphene,,232-283-3,8001-35-2,Yes,29-Apr-2004,"<a href=""https://eur-lex.europa.eu/legal-content/EN/TXT/?uri=uriserv:OJ.L_.2004.158.01.0007.01.ENG&toc=OJ:L:2004:158:TOC"">Regulation (EC) No 850/2004 of the European Parliament and of the Council on persistent organic pollutants</a>#<a href=""https://eur-lex.europa.eu/legal-content/EN/TXT/?uri=uriserv:OJ.L_.2009.096.01.0033.01.ENG&toc=OJ:L:2009:096:TOC"">Commission Regulation (EC) No 304/2009 of 14 April 2009 amending Annexes IV and V to Regulation (EC) No 850/2004</a>#<a href=""https://eur-lex.europa.eu/legal-content/EN/TXT/?uri=uriserv:OJ.L_.2014.363.01.0067.01.ENG&toc=OJ:L:2014:363:TOC"">Commission Regulation (EU) No 1342/2014 of 17 December 2014 amending Regulation (EC) No 850/2004  as regards Annexes IV and V</a>#<a href=""https://eur-lex.europa.eu/legal-content/EN/TXT/?uri=uriserv:OJ.L_.2019.169.01.0045.01.ENG&toc=OJ:L:2019:169:TOC"">Regulation (EU) 2019/1021 of the European Parliament and of the Council of 20 June 2019 on persistent organic pollutants</a>","Annex I, part A#Annex IV",12-Nov-2020
"Alkanes, C10-13, chloro",,287-476-5,85535-84-8,Yes,19-Jun-2012,"<a href=""https://eur-lex.europa.eu/legal-content/EN/TXT/?uri=uriserv:OJ.L_.2012.159.01.0001.01.ENG&toc=OJ:L:2012:159:TOC"">Commission Regulation (EU) No 519/2012 of 19 June 2012 amending Regulation (EC) No 850/2004 as regards as Annex I</a>#<a href=""https://eur-lex.europa.eu/legal-content/EN/TXT/?uri=uriserv:OJ.L_.2014.363.01.0067.01.ENG&toc=OJ:L:2014:363:TOC"">Commission Regulation (EU) No 1342/2014 of 17 December 2014 amending Regulation (EC) No 850/2004  as regards Annexes IV and V</a>#<a href=""https://eur-lex.europa.eu/legal-content/EN/TXT/?uri=uriserv:OJ.L_.2015.298.01.0001.01.ENG&toc=OJ:L:2015:298:TOC"">Commission Regulation (EU) 2015/2030 of 13 November 2015 amending Regulation (EC) No 850/2004 as regards as annex I</a>#<a href=""https://eur-lex.europa.eu/legal-content/EN/TXT/?uri=uriserv:OJ.L_.2019.169.01.0045.01.ENG&toc=OJ:L:2019:169:TOC"">Regulation (EU) 2019/1021 of the European Parliament and of the Council of 20 June 2019 on persistent organic pollutants</a>#<a href=""http://data.europa.eu/eli/reg/2022/2400/oj"">Regulation (EU) 2022/2400 of the European Parliament and of the Council of 23 November 2022 amending Annexes IV and V to Regulation (EU) 2019/1021</a>","Annex I, part A#Annex IV",12-Nov-2020
"Hexachlorobuta-1,3-diene",,201-765-5,87-68-3,Yes,19-Jun-2012,"<a href=""https://eur-lex.europa.eu/legal-content/EN/TXT/?uri=uriserv:OJ.L_.2012.159.01.0001.01.ENG&toc=OJ:L:2012:159:TOC"">Commission Regulation (EU) No 519/2012 of 19 June 2012 amending Regulation (EC) No 850/2004 as regards as Annex I</a>#<a href=""https://eur-lex.europa.eu/legal-content/EN/TXT/?uri=uriserv:OJ.L_.2014.363.01.0067.01.ENG&toc=OJ:L:2014:363:TOC"">Commission Regulation (EU) No 1342/2014 of 17 December 2014 amending Regulation (EC) No 850/2004  as regards Annexes IV and V</a>#<a href=""https://eur-lex.europa.eu/legal-content/EN/TXT/?uri=uriserv:OJ.L_.2019.169.01.0045.01.ENG&toc=OJ:L:2019:169:TOC"">Regulation (EU) 2019/1021 of the European Parliament and of the Council of 20 June 2019 on persistent organic pollutants</a>","Annex I, part A#Annex III, part B#Annex IV",12-Nov-2020